app/api/access-code/status/route.ts(1,25): error TS2307: Cannot find module 'next/headers' or its corresponding type declarations.
app/api/access-code/status/route.ts(6,22): error TS2580: Cannot find name 'process'. Do you need to install type definitions for node? Try `npm i --save-dev @types/node`.
app/api/access-code/verify/route.ts(1,25): error TS2307: Cannot find module 'next/headers' or its corresponding type declarations.
app/api/access-code/verify/route.ts(2,45): error TS2307: Cannot find module 'crypto' or its corresponding type declarations.
app/api/access-code/verify/route.ts(22,18): error TS2580: Cannot find name 'Buffer'. Do you need to install type definitions for node? Try `npm i --save-dev @types/node`.
app/api/access-code/verify/route.ts(23,18): error TS2580: Cannot find name 'Buffer'. Do you need to install type definitions for node? Try `npm i --save-dev @types/node`.
app/api/access-code/verify/route.ts(30,22): error TS2580: Cannot find name 'process'. Do you need to install type definitions for node? Try `npm i --save-dev @types/node`.
app/api/access-code/verify/route.ts(60,13): error TS2580: Cannot find name 'process'. Do you need to install type definitions for node? Try `npm i --save-dev @types/node`.
app/api/azure-voices/route.ts(1,29): error TS2307: Cannot find module 'next/server' or its corresponding type declarations.
app/api/chat/route.ts(15,29): error TS2307: Cannot find module 'next/server' or its corresponding type declarations.
app/api/classroom-media/[classroomId]/[...path]/route.ts(1,50): error TS2307: Cannot find module 'fs' or its corresponding type declarations.
app/api/classroom-media/[classroomId]/[...path]/route.ts(2,18): error TS2307: Cannot find module 'path' or its corresponding type declarations.
app/api/classroom-media/[classroomId]/[...path]/route.ts(3,43): error TS2307: Cannot find module 'next/server' or its corresponding type declarations.
app/api/classroom-media/[classroomId]/[...path]/route.ts(68,35): error TS2580: Cannot find name 'Buffer'. Do you need to install type definitions for node? Try `npm i --save-dev @types/node`.
app/api/classroom-media/[classroomId]/[...path]/route.ts(70,29): error TS7006: Parameter 'err' implicitly has an 'any' type.
app/api/classroom-media/[classroomId]/[...path]/route.ts(86,19): error TS2503: Cannot find namespace 'NodeJS'.
app/api/classroom/route.ts(1,34): error TS2307: Cannot find module 'next/server' or its corresponding type declarations.
app/api/classroom/route.ts(2,28): error TS2307: Cannot find module 'crypto' or its corresponding type declarations.
app/api/generate-classroom/[jobId]/route.ts(1,34): error TS2307: Cannot find module 'next/server' or its corresponding type declarations.
app/api/generate-classroom/route.ts(1,41): error TS2307: Cannot find module 'next/server' or its corresponding type declarations.
app/api/generate-classroom/route.ts(2,24): error TS2307: Cannot find module 'nanoid' or its corresponding type declarations.
app/api/generate/agent-profiles/route.ts(8,29): error TS2307: Cannot find module 'next/server' or its corresponding type declarations.
app/api/generate/agent-profiles/route.ts(9,24): error TS2307: Cannot find module 'nanoid' or its corresponding type declarations.
app/api/generate/image/route.ts(18,29): error TS2307: Cannot find module 'next/server' or its corresponding type declarations.
app/api/generate/image/route.ts(43,26): error TS2580: Cannot find name 'process'. Do you need to install type definitions for node? Try `npm i --save-dev @types/node`.
app/api/generate/scene-actions/route.ts(9,29): error TS2307: Cannot find module 'next/server' or its corresponding type declarations.
app/api/generate/scene-content/route.ts(9,29): error TS2307: Cannot find module 'next/server' or its corresponding type declarations.
app/api/generate/scene-outlines-stream/route.ts(15,29): error TS2307: Cannot find module 'next/server' or its corresponding type declarations.
app/api/generate/scene-outlines-stream/route.ts(28,24): error TS2307: Cannot find module 'nanoid' or its corresponding type declarations.
app/api/generate/tts/route.ts(10,29): error TS2307: Cannot find module 'next/server' or its corresponding type declarations.
app/api/generate/tts/route.ts(57,26): error TS2580: Cannot find name 'process'. Do you need to install type definitions for node? Try `npm i --save-dev @types/node`.
app/api/generate/tts/route.ts(89,20): error TS2580: Cannot find name 'Buffer'. Do you need to install type definitions for node? Try `npm i --save-dev @types/node`.
app/api/generate/video/route.ts(19,29): error TS2307: Cannot find module 'next/server' or its corresponding type declarations.
app/api/generate/video/route.ts(44,26): error TS2580: Cannot find name 'process'. Do you need to install type definitions for node? Try `npm i --save-dev @types/node`.
app/api/health/route.ts(9,17): error TS2580: Cannot find name 'process'. Do you need to install type definitions for node? Try `npm i --save-dev @types/node`.
app/api/parse-pdf/route.ts(1,29): error TS2307: Cannot find module 'next/server' or its corresponding type declarations.
app/api/parse-pdf/route.ts(41,26): error TS2580: Cannot find name 'process'. Do you need to install type definitions for node? Try `npm i --save-dev @types/node`.
app/api/parse-pdf/route.ts(60,20): error TS2580: Cannot find name 'Buffer'. Do you need to install type definitions for node? Try `npm i --save-dev @types/node`.
app/api/pbl/chat/route.ts(8,29): error TS2307: Cannot find module 'next/server' or its corresponding type declarations.
app/api/proxy-media/route.ts(14,43): error TS2307: Cannot find module 'next/server' or its corresponding type declarations.
app/api/quiz-grade/route.ts(8,29): error TS2307: Cannot find module 'next/server' or its corresponding type declarations.
app/api/transcription/route.ts(1,29): error TS2307: Cannot find module 'next/server' or its corresponding type declarations.
app/api/transcription/route.ts(34,26): error TS2580: Cannot find name 'process'. Do you need to install type definitions for node? Try `npm i --save-dev @types/node`.
app/api/transcription/route.ts(55,20): error TS2580: Cannot find name 'Buffer'. Do you need to install type definitions for node? Try `npm i --save-dev @types/node`.
app/api/verify-image-provider/route.ts(17,29): error TS2307: Cannot find module 'next/server' or its corresponding type declarations.
app/api/verify-image-provider/route.ts(34,26): error TS2580: Cannot find name 'process'. Do you need to install type definitions for node? Try `npm i --save-dev @types/node`.
app/api/verify-model/route.ts(1,29): error TS2307: Cannot find module 'next/server' or its corresponding type declarations.
app/api/verify-model/route.ts(2,30): error TS2307: Cannot find module 'ai' or its corresponding type declarations.
app/api/verify-pdf-provider/route.ts(1,29): error TS2307: Cannot find module 'next/server' or its corresponding type declarations.
app/api/verify-pdf-provider/route.ts(29,30): error TS2580: Cannot find name 'process'. Do you need to install type definitions for node? Try `npm i --save-dev @types/node`.
app/api/verify-pdf-provider/route.ts(70,26): error TS2580: Cannot find name 'process'. Do you need to install type definitions for node? Try `npm i --save-dev @types/node`.
app/api/verify-video-provider/route.ts(17,29): error TS2307: Cannot find module 'next/server' or its corresponding type declarations.
app/api/verify-video-provider/route.ts(34,26): error TS2580: Cannot find name 'process'. Do you need to install type definitions for node? Try `npm i --save-dev @types/node`.
app/api/web-search/route.ts(8,29): error TS2307: Cannot find module 'next/server' or its corresponding type declarations.
app/classroom/[id]/page.tsx(7,58): error TS2307: Cannot find module 'react' or its corresponding type declarations.
app/classroom/[id]/page.tsx(8,27): error TS2307: Cannot find module 'next/navigation' or its corresponding type declarations.
app/classroom/[id]/page.tsx(88,49): error TS7006: Parameter 'id' implicitly has an 'any' type.
app/classroom/[id]/page.tsx(140,49): error TS7006: Parameter 's' implicitly has an 'any' type.
app/classroom/[id]/page.tsx(141,39): error TS7006: Parameter 'o' implicitly has an 'any' type.
app/classroom/[id]/page.tsx(181,5): error TS2875: This JSX tag requires the module path 'react/jsx-runtime' to exist, but none could be found. Make sure you have types for the appropriate package installed.
app/classroom/[id]/page.tsx(183,9): error TS7026: JSX element implicitly has type 'any' because no interface 'JSX.IntrinsicElements' exists.
app/classroom/[id]/page.tsx(185,13): error TS7026: JSX element implicitly has type 'any' because no interface 'JSX.IntrinsicElements' exists.
app/classroom/[id]/page.tsx(186,15): error TS7026: JSX element implicitly has type 'any' because no interface 'JSX.IntrinsicElements' exists.
app/classroom/[id]/page.tsx(187,17): error TS7026: JSX element implicitly has type 'any' because no interface 'JSX.IntrinsicElements' exists.
app/classroom/[id]/page.tsx(187,40): error TS7026: JSX element implicitly has type 'any' because no interface 'JSX.IntrinsicElements' exists.
app/classroom/[id]/page.tsx(188,15): error TS7026: JSX element implicitly has type 'any' because no interface 'JSX.IntrinsicElements' exists.
app/classroom/[id]/page.tsx(189,13): error TS7026: JSX element implicitly has type 'any' because no interface 'JSX.IntrinsicElements' exists.
app/classroom/[id]/page.tsx(191,13): error TS7026: JSX element implicitly has type 'any' because no interface 'JSX.IntrinsicElements' exists.
app/classroom/[id]/page.tsx(192,15): error TS7026: JSX element implicitly has type 'any' because no interface 'JSX.IntrinsicElements' exists.
app/classroom/[id]/page.tsx(193,17): error TS7026: JSX element implicitly has type 'any' because no interface 'JSX.IntrinsicElements' exists.
app/classroom/[id]/page.tsx(193,68): error TS7026: JSX element implicitly has type 'any' because no interface 'JSX.IntrinsicElements' exists.
app/classroom/[id]/page.tsx(194,17): error TS7026: JSX element implicitly has type 'any' because no interface 'JSX.IntrinsicElements' exists.
app/classroom/[id]/page.tsx(203,17): error TS7026: JSX element implicitly has type 'any' because no interface 'JSX.IntrinsicElements' exists.
app/classroom/[id]/page.tsx(204,15): error TS7026: JSX element implicitly has type 'any' because no interface 'JSX.IntrinsicElements' exists.
app/classroom/[id]/page.tsx(205,13): error TS7026: JSX element implicitly has type 'any' because no interface 'JSX.IntrinsicElements' exists.
app/classroom/[id]/page.tsx(209,9): error TS7026: JSX element implicitly has type 'any' because no interface 'JSX.IntrinsicElements' exists.
app/eval/whiteboard/page.tsx(3,37): error TS2307: Cannot find module 'react' or its corresponding type declarations.
app/eval/whiteboard/page.tsx(87,5): error TS2875: This JSX tag requires the module path 'react/jsx-runtime' to exist, but none could be found. Make sure you have types for the appropriate package installed.
app/eval/whiteboard/page.tsx(88,7): error TS7026: JSX element implicitly has type 'any' because no interface 'JSX.IntrinsicElements' exists.
app/eval/whiteboard/page.tsx(97,24): error TS7006: Parameter 'element' implicitly has an 'any' type.
app/eval/whiteboard/page.tsx(97,33): error TS7006: Parameter 'index' implicitly has an 'any' type.
app/eval/whiteboard/page.tsx(98,26): error TS2322: Type '{ key: any; elementInfo: any; elementIndex: any; }' is not assignable to type 'ScreenElementProps'.
  Property 'key' does not exist on type 'ScreenElementProps'.
app/eval/whiteboard/page.tsx(100,7): error TS7026: JSX element implicitly has type 'any' because no interface 'JSX.IntrinsicElements' exists.
app/generation-preview/components/visualizers.tsx(3,37): error TS2307: Cannot find module 'react' or its corresponding type declarations.
app/generation-preview/components/visualizers.tsx(4,41): error TS2307: Cannot find module 'motion/react' or its corresponding type declarations.
app/generation-preview/components/visualizers.tsx(16,8): error TS2307: Cannot find module 'lucide-react' or its corresponding type declarations.
app/generation-preview/components/visualizers.tsx(32,14): error TS2875: This JSX tag requires the module path 'react/jsx-runtime' to exist, but none could be found. Make sure you have types for the appropriate package installed.
app/generation-preview/components/visualizers.tsx(51,5): error TS7026: JSX element implicitly has type 'any' because no interface 'JSX.IntrinsicElements' exists.
app/generation-preview/components/visualizers.tsx(57,7): error TS7026: JSX element implicitly has type 'any' because no interface 'JSX.IntrinsicElements' exists.
app/generation-preview/components/visualizers.tsx(58,9): error TS7026: JSX element implicitly has type 'any' because no interface 'JSX.IntrinsicElements' exists.
app/generation-preview/components/visualizers.tsx(68,9): error TS7026: JSX element implicitly has type 'any' because no interface 'JSX.IntrinsicElements' exists.
app/generation-preview/components/visualizers.tsx(75,7): error TS7026: JSX element implicitly has type 'any' because no interface 'JSX.IntrinsicElements' exists.
app/generation-preview/components/visualizers.tsx(83,5): error TS7026: JSX element implicitly has type 'any' because no interface 'JSX.IntrinsicElements' exists.
app/generation-preview/components/visualizers.tsx(95,24): error TS7006: Parameter 'prev' implicitly has an 'any' type.
app/generation-preview/components/visualizers.tsx(111,5): error TS7026: JSX element implicitly has type 'any' because no interface 'JSX.IntrinsicElements' exists.
app/generation-preview/components/visualizers.tsx(120,7): error TS7026: JSX element implicitly has type 'any' because no interface 'JSX.IntrinsicElements' exists.
app/generation-preview/components/visualizers.tsx(122,9): error TS7026: JSX element implicitly has type 'any' because no interface 'JSX.IntrinsicElements' exists.
app/generation-preview/components/visualizers.tsx(124,11): error TS7026: JSX element implicitly has type 'any' because no interface 'JSX.IntrinsicElements' exists.
app/generation-preview/components/visualizers.tsx(131,11): error TS7026: JSX element implicitly has type 'any' because no interface 'JSX.IntrinsicElements' exists.
app/generation-preview/components/visualizers.tsx(132,9): error TS7026: JSX element implicitly has type 'any' because no interface 'JSX.IntrinsicElements' exists.
app/generation-preview/components/visualizers.tsx(135,9): error TS7026: JSX element implicitly has type 'any' because no interface 'JSX.IntrinsicElements' exists.
app/generation-preview/components/visualizers.tsx(159,19): error TS7026: JSX element implicitly has type 'any' because no interface 'JSX.IntrinsicElements' exists.
app/generation-preview/components/visualizers.tsx(163,19): error TS7026: JSX element implicitly has type 'any' because no interface 'JSX.IntrinsicElements' exists.
app/generation-preview/components/visualizers.tsx(167,19): error TS7026: JSX element implicitly has type 'any' because no interface 'JSX.IntrinsicElements' exists.
app/generation-preview/components/visualizers.tsx(169,23): error TS7026: JSX element implicitly has type 'any' because no interface 'JSX.IntrinsicElements' exists.
app/generation-preview/components/visualizers.tsx(175,19): error TS7026: JSX element implicitly has type 'any' because no interface 'JSX.IntrinsicElements' exists.
app/generation-preview/components/visualizers.tsx(189,21): error TS7026: JSX element implicitly has type 'any' because no interface 'JSX.IntrinsicElements' exists.
app/generation-preview/components/visualizers.tsx(198,21): error TS7026: JSX element implicitly has type 'any' because no interface 'JSX.IntrinsicElements' exists.
app/generation-preview/components/visualizers.tsx(199,21): error TS7026: JSX element implicitly has type 'any' because no interface 'JSX.IntrinsicElements' exists.
app/generation-preview/components/visualizers.tsx(201,21): error TS7026: JSX element implicitly has type 'any' because no interface 'JSX.IntrinsicElements' exists.
app/generation-preview/components/visualizers.tsx(202,21): error TS7026: JSX element implicitly has type 'any' because no interface 'JSX.IntrinsicElements' exists.
app/generation-preview/components/visualizers.tsx(203,23): error TS7026: JSX element implicitly has type 'any' because no interface 'JSX.IntrinsicElements' exists.
app/generation-preview/components/visualizers.tsx(204,23): error TS7026: JSX element implicitly has type 'any' because no interface 'JSX.IntrinsicElements' exists.
app/generation-preview/components/visualizers.tsx(205,21): error TS7026: JSX element implicitly has type 'any' because no interface 'JSX.IntrinsicElements' exists.
app/generation-preview/components/visualizers.tsx(209,9): error TS7026: JSX element implicitly has type 'any' because no interface 'JSX.IntrinsicElements' exists.
app/generation-preview/components/visualizers.tsx(223,7): error TS7026: JSX element implicitly has type 'any' because no interface 'JSX.IntrinsicElements' exists.
app/generation-preview/components/visualizers.tsx(237,5): error TS7026: JSX element implicitly has type 'any' because no interface 'JSX.IntrinsicElements' exists.
app/generation-preview/components/visualizers.tsx(254,5): error TS7026: JSX element implicitly has type 'any' because no interface 'JSX.IntrinsicElements' exists.
app/generation-preview/components/visualizers.tsx(255,7): error TS7026: JSX element implicitly has type 'any' because no interface 'JSX.IntrinsicElements' exists.
app/generation-preview/components/visualizers.tsx(256,7): error TS7026: JSX element implicitly has type 'any' because no interface 'JSX.IntrinsicElements' exists.
app/generation-preview/components/visualizers.tsx(257,7): error TS7026: JSX element implicitly has type 'any' because no interface 'JSX.IntrinsicElements' exists.
app/generation-preview/components/visualizers.tsx(260,11): error TS7026: JSX element implicitly has type 'any' because no interface 'JSX.IntrinsicElements' exists.
app/generation-preview/components/visualizers.tsx(270,11): error TS7026: JSX element implicitly has type 'any' because no interface 'JSX.IntrinsicElements' exists.
app/generation-preview/components/visualizers.tsx(288,7): error TS7026: JSX element implicitly has type 'any' because no interface 'JSX.IntrinsicElements' exists.
app/generation-preview/components/visualizers.tsx(294,5): error TS7026: JSX element implicitly has type 'any' because no interface 'JSX.IntrinsicElements' exists.
app/generation-preview/components/visualizers.tsx(301,5): error TS7026: JSX element implicitly has type 'any' because no interface 'JSX.IntrinsicElements' exists.
app/generation-preview/components/visualizers.tsx(302,7): error TS7026: JSX element implicitly has type 'any' because no interface 'JSX.IntrinsicElements' exists.
app/generation-preview/components/visualizers.tsx(315,13): error TS7026: JSX element implicitly has type 'any' because no interface 'JSX.IntrinsicElements' exists.
app/generation-preview/components/visualizers.tsx(317,13): error TS7026: JSX element implicitly has type 'any' because no interface 'JSX.IntrinsicElements' exists.
app/generation-preview/components/visualizers.tsx(320,7): error TS7026: JSX element implicitly has type 'any' because no interface 'JSX.IntrinsicElements' exists.
app/generation-preview/components/visualizers.tsx(321,5): error TS7026: JSX element implicitly has type 'any' because no interface 'JSX.IntrinsicElements' exists.
app/generation-preview/components/visualizers.tsx(336,17): error TS7006: Parameter 'prev' implicitly has an 'any' type.
app/generation-preview/components/visualizers.tsx(385,5): error TS7026: JSX element implicitly has type 'any' because no interface 'JSX.IntrinsicElements' exists.
app/generation-preview/components/visualizers.tsx(427,7): error TS7026: JSX element implicitly has type 'any' because no interface 'JSX.IntrinsicElements' exists.
app/generation-preview/components/visualizers.tsx(459,15): error TS7026: JSX element implicitly has type 'any' because no interface 'JSX.IntrinsicElements' exists.
app/generation-preview/components/visualizers.tsx(466,17): error TS7026: JSX element implicitly has type 'any' because no interface 'JSX.IntrinsicElements' exists.
app/generation-preview/components/visualizers.tsx(467,19): error TS7026: JSX element implicitly has type 'any' because no interface 'JSX.IntrinsicElements' exists.
app/generation-preview/components/visualizers.tsx(477,19): error TS7026: JSX element implicitly has type 'any' because no interface 'JSX.IntrinsicElements' exists.
app/generation-preview/components/visualizers.tsx(486,17): error TS7026: JSX element implicitly has type 'any' because no interface 'JSX.IntrinsicElements' exists.
app/generation-preview/components/visualizers.tsx(487,15): error TS7026: JSX element implicitly has type 'any' because no interface 'JSX.IntrinsicElements' exists.
app/generation-preview/components/visualizers.tsx(492,15): error TS7026: JSX element implicitly has type 'any' because no interface 'JSX.IntrinsicElements' exists.
app/generation-preview/components/visualizers.tsx(499,19): error TS7026: JSX element implicitly has type 'any' because no interface 'JSX.IntrinsicElements' exists.
app/generation-preview/components/visualizers.tsx(502,17): error TS7026: JSX element implicitly has type 'any' because no interface 'JSX.IntrinsicElements' exists.
app/generation-preview/components/visualizers.tsx(516,23): error TS7026: JSX element implicitly has type 'any' because no interface 'JSX.IntrinsicElements' exists.
app/generation-preview/components/visualizers.tsx(522,23): error TS7026: JSX element implicitly has type 'any' because no interface 'JSX.IntrinsicElements' exists.
app/generation-preview/components/visualizers.tsx(530,17): error TS7026: JSX element implicitly has type 'any' because no interface 'JSX.IntrinsicElements' exists.
app/generation-preview/components/visualizers.tsx(531,15): error TS7026: JSX element implicitly has type 'any' because no interface 'JSX.IntrinsicElements' exists.
app/generation-preview/components/visualizers.tsx(536,15): error TS7026: JSX element implicitly has type 'any' because no interface 'JSX.IntrinsicElements' exists.
app/generation-preview/components/visualizers.tsx(537,17): error TS7026: JSX element implicitly has type 'any' because no interface 'JSX.IntrinsicElements' exists.
app/generation-preview/components/visualizers.tsx(544,17): error TS7026: JSX element implicitly has type 'any' because no interface 'JSX.IntrinsicElements' exists.
app/generation-preview/components/visualizers.tsx(545,17): error TS7026: JSX element implicitly has type 'any' because no interface 'JSX.IntrinsicElements' exists.
app/generation-preview/components/visualizers.tsx(554,23): error TS7026: JSX element implicitly has type 'any' because no interface 'JSX.IntrinsicElements' exists.
app/generation-preview/components/visualizers.tsx(556,25): error TS7026: JSX element implicitly has type 'any' because no interface 'JSX.IntrinsicElements' exists.
app/generation-preview/components/visualizers.tsx(563,17): error TS7026: JSX element implicitly has type 'any' because no interface 'JSX.IntrinsicElements' exists.
app/generation-preview/components/visualizers.tsx(564,15): error TS7026: JSX element implicitly has type 'any' because no interface 'JSX.IntrinsicElements' exists.
app/generation-preview/components/visualizers.tsx(569,15): error TS7026: JSX element implicitly has type 'any' because no interface 'JSX.IntrinsicElements' exists.
app/generation-preview/components/visualizers.tsx(571,17): error TS7026: JSX element implicitly has type 'any' because no interface 'JSX.IntrinsicElements' exists.
app/generation-preview/components/visualizers.tsx(572,19): error TS7026: JSX element implicitly has type 'any' because no interface 'JSX.IntrinsicElements' exists.
app/generation-preview/components/visualizers.tsx(573,21): error TS7026: JSX element implicitly has type 'any' because no interface 'JSX.IntrinsicElements' exists.
app/generation-preview/components/visualizers.tsx(574,21): error TS7026: JSX element implicitly has type 'any' because no interface 'JSX.IntrinsicElements' exists.
app/generation-preview/components/visualizers.tsx(575,21): error TS7026: JSX element implicitly has type 'any' because no interface 'JSX.IntrinsicElements' exists.
app/generation-preview/components/visualizers.tsx(576,19): error TS7026: JSX element implicitly has type 'any' because no interface 'JSX.IntrinsicElements' exists.
app/generation-preview/components/visualizers.tsx(577,19): error TS7026: JSX element implicitly has type 'any' because no interface 'JSX.IntrinsicElements' exists.
app/generation-preview/components/visualizers.tsx(578,17): error TS7026: JSX element implicitly has type 'any' because no interface 'JSX.IntrinsicElements' exists.
app/generation-preview/components/visualizers.tsx(580,17): error TS7026: JSX element implicitly has type 'any' because no interface 'JSX.IntrinsicElements' exists.
app/generation-preview/components/visualizers.tsx(588,23): error TS7026: JSX element implicitly has type 'any' because no interface 'JSX.IntrinsicElements' exists.
app/generation-preview/components/visualizers.tsx(594,19): error TS7026: JSX element implicitly has type 'any' because no interface 'JSX.IntrinsicElements' exists.
app/generation-preview/components/visualizers.tsx(603,19): error TS7026: JSX element implicitly has type 'any' because no interface 'JSX.IntrinsicElements' exists.
app/generation-preview/components/visualizers.tsx(604,17): error TS7026: JSX element implicitly has type 'any' because no interface 'JSX.IntrinsicElements' exists.
app/generation-preview/components/visualizers.tsx(605,15): error TS7026: JSX element implicitly has type 'any' because no interface 'JSX.IntrinsicElements' exists.
app/generation-preview/components/visualizers.tsx(622,7): error TS7026: JSX element implicitly has type 'any' because no interface 'JSX.IntrinsicElements' exists.
app/generation-preview/components/visualizers.tsx(623,5): error TS7026: JSX element implicitly has type 'any' because no interface 'JSX.IntrinsicElements' exists.
app/generation-preview/components/visualizers.tsx(674,21): error TS7006: Parameter 'prev' implicitly has an 'any' type.
app/generation-preview/components/visualizers.tsx(681,5): error TS7026: JSX element implicitly has type 'any' because no interface 'JSX.IntrinsicElements' exists.
app/generation-preview/components/visualizers.tsx(690,7): error TS7026: JSX element implicitly has type 'any' because no interface 'JSX.IntrinsicElements' exists.
app/generation-preview/components/visualizers.tsx(692,9): error TS7026: JSX element implicitly has type 'any' because no interface 'JSX.IntrinsicElements' exists.
app/generation-preview/components/visualizers.tsx(700,9): error TS7026: JSX element implicitly has type 'any' because no interface 'JSX.IntrinsicElements' exists.
app/generation-preview/components/visualizers.tsx(703,9): error TS7026: JSX element implicitly has type 'any' because no interface 'JSX.IntrinsicElements' exists.
app/generation-preview/components/visualizers.tsx(724,17): error TS7026: JSX element implicitly has type 'any' because no interface 'JSX.IntrinsicElements' exists.
app/generation-preview/components/visualizers.tsx(731,17): error TS7026: JSX element implicitly has type 'any' because no interface 'JSX.IntrinsicElements' exists.
app/generation-preview/components/visualizers.tsx(732,17): error TS7026: JSX element implicitly has type 'any' because no interface 'JSX.IntrinsicElements' exists.
app/generation-preview/components/visualizers.tsx(733,19): error TS7026: JSX element implicitly has type 'any' because no interface 'JSX.IntrinsicElements' exists.
app/generation-preview/components/visualizers.tsx(740,19): error TS7026: JSX element implicitly has type 'any' because no interface 'JSX.IntrinsicElements' exists.
app/generation-preview/components/visualizers.tsx(741,19): error TS7026: JSX element implicitly has type 'any' because no interface 'JSX.IntrinsicElements' exists.
app/generation-preview/components/visualizers.tsx(747,17): error TS7026: JSX element implicitly has type 'any' because no interface 'JSX.IntrinsicElements' exists.
app/generation-preview/components/visualizers.tsx(757,9): error TS7026: JSX element implicitly has type 'any' because no interface 'JSX.IntrinsicElements' exists.
app/generation-preview/components/visualizers.tsx(758,7): error TS7026: JSX element implicitly has type 'any' because no interface 'JSX.IntrinsicElements' exists.
app/generation-preview/components/visualizers.tsx(759,5): error TS7026: JSX element implicitly has type 'any' because no interface 'JSX.IntrinsicElements' exists.
app/generation-preview/layout.tsx(4,75): error TS2503: Cannot find namespace 'React'.
app/generation-preview/page.tsx(3,55): error TS2307: Cannot find module 'react' or its corresponding type declarations.
app/generation-preview/page.tsx(4,27): error TS2307: Cannot find module 'next/navigation' or its corresponding type declarations.
app/generation-preview/page.tsx(5,41): error TS2307: Cannot find module 'motion/react' or its corresponding type declarations.
app/generation-preview/page.tsx(6,84): error TS2307: Cannot find module 'lucide-react' or its corresponding type declarations.
app/generation-preview/page.tsx(25,24): error TS2307: Cannot find module 'nanoid' or its corresponding type declarations.
app/generation-preview/page.tsx(573,44): error TS7006: Parameter 'o' implicitly has an 'any' type.
app/generation-preview/page.tsx(611,65): error TS7006: Parameter 'id' implicitly has an 'any' type.
app/generation-preview/page.tsx(616,19): error TS7006: Parameter 'id' implicitly has an 'any' type.
app/generation-preview/page.tsx(618,19): error TS7006: Parameter 'a' implicitly has an 'any' type.
app/generation-preview/page.tsx(630,66): error TS7006: Parameter 'id' implicitly has an 'any' type.
app/generation-preview/page.tsx(635,17): error TS7006: Parameter 'id' implicitly has an 'any' type.
app/generation-preview/page.tsx(637,17): error TS7006: Parameter 'a' implicitly has an 'any' type.
app/generation-preview/page.tsx(800,42): error TS7006: Parameter 'o' implicitly has an 'any' type.
app/generation-preview/page.tsx(845,7): error TS7026: JSX element implicitly has type 'any' because no interface 'JSX.IntrinsicElements' exists.
app/generation-preview/page.tsx(845,7): error TS2875: This JSX tag requires the module path 'react/jsx-runtime' to exist, but none could be found. Make sure you have types for the appropriate package installed.
app/generation-preview/page.tsx(846,9): error TS7026: JSX element implicitly has type 'any' because no interface 'JSX.IntrinsicElements' exists.
app/generation-preview/page.tsx(847,11): error TS7026: JSX element implicitly has type 'any' because no interface 'JSX.IntrinsicElements' exists.
app/generation-preview/page.tsx(848,9): error TS7026: JSX element implicitly has type 'any' because no interface 'JSX.IntrinsicElements' exists.
app/generation-preview/page.tsx(849,7): error TS7026: JSX element implicitly has type 'any' because no interface 'JSX.IntrinsicElements' exists.
app/generation-preview/page.tsx(856,7): error TS7026: JSX element implicitly has type 'any' because no interface 'JSX.IntrinsicElements' exists.
app/generation-preview/page.tsx(858,11): error TS7026: JSX element implicitly has type 'any' because no interface 'JSX.IntrinsicElements' exists.
app/generation-preview/page.tsx(860,13): error TS7026: JSX element implicitly has type 'any' because no interface 'JSX.IntrinsicElements' exists.
app/generation-preview/page.tsx(860,84): error TS7026: JSX element implicitly has type 'any' because no interface 'JSX.IntrinsicElements' exists.
app/generation-preview/page.tsx(861,13): error TS7026: JSX element implicitly has type 'any' because no interface 'JSX.IntrinsicElements' exists.
app/generation-preview/page.tsx(861,95): error TS7026: JSX element implicitly has type 'any' because no interface 'JSX.IntrinsicElements' exists.
app/generation-preview/page.tsx(866,11): error TS7026: JSX element implicitly has type 'any' because no interface 'JSX.IntrinsicElements' exists.
app/generation-preview/page.tsx(868,7): error TS7026: JSX element implicitly has type 'any' because no interface 'JSX.IntrinsicElements' exists.
app/generation-preview/page.tsx(878,5): error TS7026: JSX element implicitly has type 'any' because no interface 'JSX.IntrinsicElements' exists.
app/generation-preview/page.tsx(880,7): error TS7026: JSX element implicitly has type 'any' because no interface 'JSX.IntrinsicElements' exists.
app/generation-preview/page.tsx(881,9): error TS7026: JSX element implicitly has type 'any' because no interface 'JSX.IntrinsicElements' exists.
app/generation-preview/page.tsx(885,9): error TS7026: JSX element implicitly has type 'any' because no interface 'JSX.IntrinsicElements' exists.
app/generation-preview/page.tsx(889,7): error TS7026: JSX element implicitly has type 'any' because no interface 'JSX.IntrinsicElements' exists.
app/generation-preview/page.tsx(903,7): error TS7026: JSX element implicitly has type 'any' because no interface 'JSX.IntrinsicElements' exists.
app/generation-preview/page.tsx(912,13): error TS7026: JSX element implicitly has type 'any' because no interface 'JSX.IntrinsicElements' exists.
app/generation-preview/page.tsx(914,17): error TS7026: JSX element implicitly has type 'any' because no interface 'JSX.IntrinsicElements' exists.
app/generation-preview/page.tsx(926,13): error TS7026: JSX element implicitly has type 'any' because no interface 'JSX.IntrinsicElements' exists.
app/generation-preview/page.tsx(929,13): error TS7026: JSX element implicitly has type 'any' because no interface 'JSX.IntrinsicElements' exists.
app/generation-preview/page.tsx(931,15): error TS7026: JSX element implicitly has type 'any' because no interface 'JSX.IntrinsicElements' exists.
app/generation-preview/page.tsx(968,15): error TS7026: JSX element implicitly has type 'any' because no interface 'JSX.IntrinsicElements' exists.
app/generation-preview/page.tsx(971,15): error TS7026: JSX element implicitly has type 'any' because no interface 'JSX.IntrinsicElements' exists.
app/generation-preview/page.tsx(980,21): error TS7026: JSX element implicitly has type 'any' because no interface 'JSX.IntrinsicElements' exists.
app/generation-preview/page.tsx(986,21): error TS7026: JSX element implicitly has type 'any' because no interface 'JSX.IntrinsicElements' exists.
app/generation-preview/page.tsx(987,21): error TS7026: JSX element implicitly has type 'any' because no interface 'JSX.IntrinsicElements' exists.
app/generation-preview/page.tsx(993,21): error TS7026: JSX element implicitly has type 'any' because no interface 'JSX.IntrinsicElements' exists.
app/generation-preview/page.tsx(1041,27): error TS7026: JSX element implicitly has type 'any' because no interface 'JSX.IntrinsicElements' exists.
app/generation-preview/page.tsx(1042,54): error TS7006: Parameter 'w' implicitly has an 'any' type.
app/generation-preview/page.tsx(1042,57): error TS7006: Parameter 'i' implicitly has an 'any' type.
app/generation-preview/page.tsx(1043,31): error TS7026: JSX element implicitly has type 'any' because no interface 'JSX.IntrinsicElements' exists.
app/generation-preview/page.tsx(1045,31): error TS7026: JSX element implicitly has type 'any' because no interface 'JSX.IntrinsicElements' exists.
app/generation-preview/page.tsx(1047,27): error TS7026: JSX element implicitly has type 'any' because no interface 'JSX.IntrinsicElements' exists.
app/generation-preview/page.tsx(1053,15): error TS7026: JSX element implicitly has type 'any' because no interface 'JSX.IntrinsicElements' exists.
app/generation-preview/page.tsx(1054,13): error TS7026: JSX element implicitly has type 'any' because no interface 'JSX.IntrinsicElements' exists.
app/generation-preview/page.tsx(1059,9): error TS7026: JSX element implicitly has type 'any' because no interface 'JSX.IntrinsicElements' exists.
app/generation-preview/page.tsx(1080,19): error TS7026: JSX element implicitly has type 'any' because no interface 'JSX.IntrinsicElements' exists.
app/generation-preview/page.tsx(1086,19): error TS7026: JSX element implicitly has type 'any' because no interface 'JSX.IntrinsicElements' exists.
app/generation-preview/page.tsx(1091,9): error TS7026: JSX element implicitly has type 'any' because no interface 'JSX.IntrinsicElements' exists.
app/generation-preview/page.tsx(1092,7): error TS7026: JSX element implicitly has type 'any' because no interface 'JSX.IntrinsicElements' exists.
app/generation-preview/page.tsx(1104,5): error TS7026: JSX element implicitly has type 'any' because no interface 'JSX.IntrinsicElements' exists.
app/generation-preview/page.tsx(1112,9): error TS7026: JSX element implicitly has type 'any' because no interface 'JSX.IntrinsicElements' exists.
app/generation-preview/page.tsx(1113,11): error TS7026: JSX element implicitly has type 'any' because no interface 'JSX.IntrinsicElements' exists.
app/generation-preview/page.tsx(1114,13): error TS7026: JSX element implicitly has type 'any' because no interface 'JSX.IntrinsicElements' exists.
app/generation-preview/page.tsx(1115,13): error TS7026: JSX element implicitly has type 'any' because no interface 'JSX.IntrinsicElements' exists.
app/generation-preview/page.tsx(1116,11): error TS7026: JSX element implicitly has type 'any' because no interface 'JSX.IntrinsicElements' exists.
app/generation-preview/page.tsx(1117,9): error TS7026: JSX element implicitly has type 'any' because no interface 'JSX.IntrinsicElements' exists.
app/generation-preview/types.ts(1,80): error TS2307: Cannot find module 'lucide-react' or its corresponding type declarations.
app/generation-preview/types.ts(36,9): error TS2503: Cannot find namespace 'React'.
app/layout.tsx(1,31): error TS2307: Cannot find module 'next' or its corresponding type declarations.
app/layout.tsx(2,23): error TS2307: Cannot find module 'next/font/local' or its corresponding type declarations.
app/layout.tsx(3,27): error TS2307: Cannot find module 'geist/font/sans' or its corresponding type declarations.
app/layout.tsx(4,27): error TS2307: Cannot find module 'geist/font/mono' or its corresponding type declarations.
app/layout.tsx(29,13): error TS2503: Cannot find namespace 'React'.
app/layout.tsx(32,5): error TS7026: JSX element implicitly has type 'any' because no interface 'JSX.IntrinsicElements' exists.
app/layout.tsx(32,5): error TS2875: This JSX tag requires the module path 'react/jsx-runtime' to exist, but none could be found. Make sure you have types for the appropriate package installed.
app/layout.tsx(33,7): error TS7026: JSX element implicitly has type 'any' because no interface 'JSX.IntrinsicElements' exists.
app/layout.tsx(44,7): error TS7026: JSX element implicitly has type 'any' because no interface 'JSX.IntrinsicElements' exists.
app/layout.tsx(45,5): error TS7026: JSX element implicitly has type 'any' because no interface 'JSX.IntrinsicElements' exists.
app/page.tsx(3,72): error TS2307: Cannot find module 'react' or its corresponding type declarations.
app/page.tsx(4,27): error TS2307: Cannot find module 'next/navigation' or its corresponding type declarations.
app/page.tsx(5,41): error TS2307: Cannot find module 'motion/react' or its corresponding type declarations.
app/page.tsx(26,8): error TS2307: Cannot find module 'lucide-react' or its corresponding type declarations.
app/page.tsx(38,24): error TS2307: Cannot find module 'nanoid' or its corresponding type declarations.
app/page.tsx(53,23): error TS2307: Cannot find module 'sonner' or its corresponding type declarations.
app/page.tsx(94,44): error TS7006: Parameter 's' implicitly has an 'any' type.
app/page.tsx(121,18): error TS7006: Parameter 'prev' implicitly has an 'any' type.
app/page.tsx(134,16): error TS7006: Parameter 'prev' implicitly has an 'any' type.
app/page.tsx(193,40): error TS2503: Cannot find namespace 'React'.
app/page.tsx(212,22): error TS7006: Parameter 'prev' implicitly has an 'any' type.
app/page.tsx(212,41): error TS7006: Parameter 'c' implicitly has an 'any' type.
app/page.tsx(223,31): error TS7006: Parameter 'c' implicitly has an 'any' type.
app/page.tsx(231,14): error TS7006: Parameter 'prev' implicitly has an 'any' type.
app/page.tsx(242,33): error TS2503: Cannot find namespace 'React'.
app/page.tsx(244,8): error TS7006: Parameter 'id' implicitly has an 'any' type.
app/page.tsx(245,9): error TS7026: JSX element implicitly has type 'any' because no interface 'JSX.IntrinsicElements' exists.
app/page.tsx(252,11): error TS7026: JSX element implicitly has type 'any' because no interface 'JSX.IntrinsicElements' exists.
app/page.tsx(254,11): error TS7026: JSX element implicitly has type 'any' because no interface 'JSX.IntrinsicElements' exists.
app/page.tsx(255,11): error TS7026: JSX element implicitly has type 'any' because no interface 'JSX.IntrinsicElements' exists.
app/page.tsx(256,13): error TS7026: JSX element implicitly has type 'any' because no interface 'JSX.IntrinsicElements' exists.
app/page.tsx(258,13): error TS7026: JSX element implicitly has type 'any' because no interface 'JSX.IntrinsicElements' exists.
app/page.tsx(259,13): error TS7026: JSX element implicitly has type 'any' because no interface 'JSX.IntrinsicElements' exists.
app/page.tsx(261,13): error TS7026: JSX element implicitly has type 'any' because no interface 'JSX.IntrinsicElements' exists.
app/page.tsx(262,11): error TS7026: JSX element implicitly has type 'any' because no interface 'JSX.IntrinsicElements' exists.
app/page.tsx(263,11): error TS7026: JSX element implicitly has type 'any' because no interface 'JSX.IntrinsicElements' exists.
app/page.tsx(265,11): error TS7026: JSX element implicitly has type 'any' because no interface 'JSX.IntrinsicElements' exists.
app/page.tsx(266,9): error TS7026: JSX element implicitly has type 'any' because no interface 'JSX.IntrinsicElements' exists.
app/page.tsx(357,29): error TS2503: Cannot find namespace 'React'.
app/page.tsx(365,5): error TS7026: JSX element implicitly has type 'any' because no interface 'JSX.IntrinsicElements' exists.
app/page.tsx(365,5): error TS2875: This JSX tag requires the module path 'react/jsx-runtime' to exist, but none could be found. Make sure you have types for the appropriate package installed.
app/page.tsx(366,7): error TS7026: JSX element implicitly has type 'any' because no interface 'JSX.IntrinsicElements' exists.
app/page.tsx(374,7): error TS7026: JSX element implicitly has type 'any' because no interface 'JSX.IntrinsicElements' exists.
app/page.tsx(381,9): error TS7026: JSX element implicitly has type 'any' because no interface 'JSX.IntrinsicElements' exists.
app/page.tsx(384,9): error TS7026: JSX element implicitly has type 'any' because no interface 'JSX.IntrinsicElements' exists.
app/page.tsx(385,11): error TS7026: JSX element implicitly has type 'any' because no interface 'JSX.IntrinsicElements' exists.
app/page.tsx(394,11): error TS7026: JSX element implicitly has type 'any' because no interface 'JSX.IntrinsicElements' exists.
app/page.tsx(396,13): error TS7026: JSX element implicitly has type 'any' because no interface 'JSX.IntrinsicElements' exists.
app/page.tsx(397,15): error TS7026: JSX element implicitly has type 'any' because no interface 'JSX.IntrinsicElements' exists.
app/page.tsx(410,15): error TS7026: JSX element implicitly has type 'any' because no interface 'JSX.IntrinsicElements' exists.
app/page.tsx(411,15): error TS7026: JSX element implicitly has type 'any' because no interface 'JSX.IntrinsicElements' exists.
app/page.tsx(424,15): error TS7026: JSX element implicitly has type 'any' because no interface 'JSX.IntrinsicElements' exists.
app/page.tsx(425,15): error TS7026: JSX element implicitly has type 'any' because no interface 'JSX.IntrinsicElements' exists.
app/page.tsx(438,15): error TS7026: JSX element implicitly has type 'any' because no interface 'JSX.IntrinsicElements' exists.
app/page.tsx(439,13): error TS7026: JSX element implicitly has type 'any' because no interface 'JSX.IntrinsicElements' exists.
app/page.tsx(441,9): error TS7026: JSX element implicitly has type 'any' because no interface 'JSX.IntrinsicElements' exists.
app/page.tsx(443,9): error TS7026: JSX element implicitly has type 'any' because no interface 'JSX.IntrinsicElements' exists.
app/page.tsx(446,9): error TS7026: JSX element implicitly has type 'any' because no interface 'JSX.IntrinsicElements' exists.
app/page.tsx(447,11): error TS7026: JSX element implicitly has type 'any' because no interface 'JSX.IntrinsicElements' exists.
app/page.tsx(452,11): error TS7026: JSX element implicitly has type 'any' because no interface 'JSX.IntrinsicElements' exists.
app/page.tsx(453,9): error TS7026: JSX element implicitly has type 'any' because no interface 'JSX.IntrinsicElements' exists.
app/page.tsx(454,7): error TS7026: JSX element implicitly has type 'any' because no interface 'JSX.IntrinsicElements' exists.
app/page.tsx(465,7): error TS7026: JSX element implicitly has type 'any' because no interface 'JSX.IntrinsicElements' exists.
app/page.tsx(466,9): error TS7026: JSX element implicitly has type 'any' because no interface 'JSX.IntrinsicElements' exists.
app/page.tsx(470,9): error TS7026: JSX element implicitly has type 'any' because no interface 'JSX.IntrinsicElements' exists.
app/page.tsx(474,7): error TS7026: JSX element implicitly has type 'any' because no interface 'JSX.IntrinsicElements' exists.
app/page.tsx(518,11): error TS7026: JSX element implicitly has type 'any' because no interface 'JSX.IntrinsicElements' exists.
app/page.tsx(520,13): error TS7026: JSX element implicitly has type 'any' because no interface 'JSX.IntrinsicElements' exists.
app/page.tsx(522,15): error TS7026: JSX element implicitly has type 'any' because no interface 'JSX.IntrinsicElements' exists.
app/page.tsx(524,15): error TS7026: JSX element implicitly has type 'any' because no interface 'JSX.IntrinsicElements' exists.
app/page.tsx(525,13): error TS7026: JSX element implicitly has type 'any' because no interface 'JSX.IntrinsicElements' exists.
app/page.tsx(528,13): error TS7026: JSX element implicitly has type 'any' because no interface 'JSX.IntrinsicElements' exists.
app/page.tsx(533,26): error TS7006: Parameter 'e' implicitly has an 'any' type.
app/page.tsx(539,13): error TS7026: JSX element implicitly has type 'any' because no interface 'JSX.IntrinsicElements' exists.
app/page.tsx(540,15): error TS7026: JSX element implicitly has type 'any' because no interface 'JSX.IntrinsicElements' exists.
app/page.tsx(552,15): error TS7026: JSX element implicitly has type 'any' because no interface 'JSX.IntrinsicElements' exists.
app/page.tsx(569,23): error TS7026: JSX element implicitly has type 'any' because no interface 'JSX.IntrinsicElements' exists.
app/page.tsx(577,21): error TS7026: JSX element implicitly has type 'any' because no interface 'JSX.IntrinsicElements' exists.
app/page.tsx(577,88): error TS7026: JSX element implicitly has type 'any' because no interface 'JSX.IntrinsicElements' exists.
app/page.tsx(589,28): error TS7006: Parameter 'prev' implicitly has an 'any' type.
app/page.tsx(598,15): error TS7026: JSX element implicitly has type 'any' because no interface 'JSX.IntrinsicElements' exists.
app/page.tsx(608,17): error TS7026: JSX element implicitly has type 'any' because no interface 'JSX.IntrinsicElements' exists.
app/page.tsx(608,84): error TS7026: JSX element implicitly has type 'any' because no interface 'JSX.IntrinsicElements' exists.
app/page.tsx(610,15): error TS7026: JSX element implicitly has type 'any' because no interface 'JSX.IntrinsicElements' exists.
app/page.tsx(611,13): error TS7026: JSX element implicitly has type 'any' because no interface 'JSX.IntrinsicElements' exists.
app/page.tsx(612,11): error TS7026: JSX element implicitly has type 'any' because no interface 'JSX.IntrinsicElements' exists.
app/page.tsx(624,15): error TS7026: JSX element implicitly has type 'any' because no interface 'JSX.IntrinsicElements' exists.
app/page.tsx(624,62): error TS7026: JSX element implicitly has type 'any' because no interface 'JSX.IntrinsicElements' exists.
app/page.tsx(631,11): error TS7026: JSX element implicitly has type 'any' because no interface 'JSX.IntrinsicElements' exists.
app/page.tsx(637,13): error TS7026: JSX element implicitly has type 'any' because no interface 'JSX.IntrinsicElements' exists.
app/page.tsx(637,42): error TS7026: JSX element implicitly has type 'any' because no interface 'JSX.IntrinsicElements' exists.
app/page.tsx(638,11): error TS7026: JSX element implicitly has type 'any' because no interface 'JSX.IntrinsicElements' exists.
app/page.tsx(651,11): error TS7026: JSX element implicitly has type 'any' because no interface 'JSX.IntrinsicElements' exists.
app/page.tsx(652,13): error TS7026: JSX element implicitly has type 'any' because no interface 'JSX.IntrinsicElements' exists.
app/page.tsx(653,13): error TS7026: JSX element implicitly has type 'any' because no interface 'JSX.IntrinsicElements' exists.
app/page.tsx(654,15): error TS7026: JSX element implicitly has type 'any' because no interface 'JSX.IntrinsicElements' exists.
app/page.tsx(660,17): error TS7026: JSX element implicitly has type 'any' because no interface 'JSX.IntrinsicElements' exists.
app/page.tsx(660,90): error TS7026: JSX element implicitly has type 'any' because no interface 'JSX.IntrinsicElements' exists.
app/page.tsx(667,15): error TS7026: JSX element implicitly has type 'any' because no interface 'JSX.IntrinsicElements' exists.
app/page.tsx(712,36): error TS7006: Parameter 'e' implicitly has an 'any' type.
app/page.tsx(713,37): error TS7006: Parameter 'e' implicitly has an 'any' type.
app/page.tsx(737,41): error TS7006: Parameter 'e' implicitly has an 'any' type.
app/page.tsx(751,15): error TS7026: JSX element implicitly has type 'any' because no interface 'JSX.IntrinsicElements' exists.
app/page.tsx(757,17): error TS7026: JSX element implicitly has type 'any' because no interface 'JSX.IntrinsicElements' exists.
app/page.tsx(759,17): error TS7026: JSX element implicitly has type 'any' because no interface 'JSX.IntrinsicElements' exists.
app/page.tsx(760,15): error TS7026: JSX element implicitly has type 'any' because no interface 'JSX.IntrinsicElements' exists.
app/page.tsx(761,13): error TS7026: JSX element implicitly has type 'any' because no interface 'JSX.IntrinsicElements' exists.
app/page.tsx(762,13): error TS7026: JSX element implicitly has type 'any' because no interface 'JSX.IntrinsicElements' exists.
app/page.tsx(763,11): error TS7026: JSX element implicitly has type 'any' because no interface 'JSX.IntrinsicElements' exists.
app/page.tsx(776,19): error TS7026: JSX element implicitly has type 'any' because no interface 'JSX.IntrinsicElements' exists.
app/page.tsx(778,19): error TS7026: JSX element implicitly has type 'any' because no interface 'JSX.IntrinsicElements' exists.
app/page.tsx(780,19): error TS7026: JSX element implicitly has type 'any' because no interface 'JSX.IntrinsicElements' exists.
app/page.tsx(781,46): error TS7006: Parameter 'classroom' implicitly has an 'any' type.
app/page.tsx(781,57): error TS7006: Parameter 'i' implicitly has an 'any' type.
app/page.tsx(805,19): error TS7026: JSX element implicitly has type 'any' because no interface 'JSX.IntrinsicElements' exists.
app/page.tsx(814,7): error TS7026: JSX element implicitly has type 'any' because no interface 'JSX.IntrinsicElements' exists.
app/page.tsx(816,7): error TS7026: JSX element implicitly has type 'any' because no interface 'JSX.IntrinsicElements' exists.
app/page.tsx(817,5): error TS7026: JSX element implicitly has type 'any' because no interface 'JSX.IntrinsicElements' exists.
app/page.tsx(830,39): error TS7006: Parameter 's' implicitly has an 'any' type.
app/page.tsx(831,41): error TS7006: Parameter 's' implicitly has an 'any' type.
app/page.tsx(832,36): error TS7006: Parameter 's' implicitly has an 'any' type.
app/page.tsx(833,42): error TS7006: Parameter 's' implicitly has an 'any' type.
app/page.tsx(834,44): error TS7006: Parameter 's' implicitly has an 'any' type.
app/page.tsx(835,39): error TS7006: Parameter 's' implicitly has an 'any' type.
app/page.tsx(872,34): error TS2503: Cannot find namespace 'React'.
app/page.tsx(904,5): error TS7026: JSX element implicitly has type 'any' because no interface 'JSX.IntrinsicElements' exists.
app/page.tsx(905,7): error TS7026: JSX element implicitly has type 'any' because no interface 'JSX.IntrinsicElements' exists.
app/page.tsx(915,9): error TS7026: JSX element implicitly has type 'any' because no interface 'JSX.IntrinsicElements' exists.
app/page.tsx(919,11): error TS7026: JSX element implicitly has type 'any' because no interface 'JSX.IntrinsicElements' exists.
app/page.tsx(920,13): error TS7026: JSX element implicitly has type 'any' because no interface 'JSX.IntrinsicElements' exists.
app/page.tsx(921,15): error TS7026: JSX element implicitly has type 'any' because no interface 'JSX.IntrinsicElements' exists.
app/page.tsx(922,13): error TS7026: JSX element implicitly has type 'any' because no interface 'JSX.IntrinsicElements' exists.
app/page.tsx(923,13): error TS7026: JSX element implicitly has type 'any' because no interface 'JSX.IntrinsicElements' exists.
app/page.tsx(925,13): error TS7026: JSX element implicitly has type 'any' because no interface 'JSX.IntrinsicElements' exists.
app/page.tsx(926,11): error TS7026: JSX element implicitly has type 'any' because no interface 'JSX.IntrinsicElements' exists.
app/page.tsx(927,11): error TS7026: JSX element implicitly has type 'any' because no interface 'JSX.IntrinsicElements' exists.
app/page.tsx(930,17): error TS7026: JSX element implicitly has type 'any' because no interface 'JSX.IntrinsicElements' exists.
app/page.tsx(931,19): error TS7026: JSX element implicitly has type 'any' because no interface 'JSX.IntrinsicElements' exists.
app/page.tsx(933,19): error TS7026: JSX element implicitly has type 'any' because no interface 'JSX.IntrinsicElements' exists.
app/page.tsx(935,17): error TS7026: JSX element implicitly has type 'any' because no interface 'JSX.IntrinsicElements' exists.
app/page.tsx(941,11): error TS7026: JSX element implicitly has type 'any' because no interface 'JSX.IntrinsicElements' exists.
app/page.tsx(942,9): error TS7026: JSX element implicitly has type 'any' because no interface 'JSX.IntrinsicElements' exists.
app/page.tsx(955,13): error TS7026: JSX element implicitly has type 'any' because no interface 'JSX.IntrinsicElements' exists.
app/page.tsx(957,15): error TS7026: JSX element implicitly has type 'any' because no interface 'JSX.IntrinsicElements' exists.
app/page.tsx(966,17): error TS7026: JSX element implicitly has type 'any' because no interface 'JSX.IntrinsicElements' exists.
app/page.tsx(968,29): error TS7006: Parameter 'e' implicitly has an 'any' type.
app/page.tsx(973,19): error TS7026: JSX element implicitly has type 'any' because no interface 'JSX.IntrinsicElements' exists.
app/page.tsx(974,21): error TS7026: JSX element implicitly has type 'any' because no interface 'JSX.IntrinsicElements' exists.
app/page.tsx(975,19): error TS7026: JSX element implicitly has type 'any' because no interface 'JSX.IntrinsicElements' exists.
app/page.tsx(988,17): error TS7026: JSX element implicitly has type 'any' because no interface 'JSX.IntrinsicElements' exists.
app/page.tsx(991,17): error TS7026: JSX element implicitly has type 'any' because no interface 'JSX.IntrinsicElements' exists.
app/page.tsx(993,21): error TS7026: JSX element implicitly has type 'any' because no interface 'JSX.IntrinsicElements' exists.
app/page.tsx(993,74): error TS7006: Parameter 'e' implicitly has an 'any' type.
app/page.tsx(994,23): error TS7026: JSX element implicitly has type 'any' because no interface 'JSX.IntrinsicElements' exists.
app/page.tsx(997,36): error TS7006: Parameter 'e' implicitly has an 'any' type.
app/page.tsx(998,37): error TS7006: Parameter 'e' implicitly has an 'any' type.
app/page.tsx(1009,23): error TS7026: JSX element implicitly has type 'any' because no interface 'JSX.IntrinsicElements' exists.
app/page.tsx(1014,23): error TS7026: JSX element implicitly has type 'any' because no interface 'JSX.IntrinsicElements' exists.
app/page.tsx(1015,21): error TS7026: JSX element implicitly has type 'any' because no interface 'JSX.IntrinsicElements' exists.
app/page.tsx(1017,21): error TS7026: JSX element implicitly has type 'any' because no interface 'JSX.IntrinsicElements' exists.
app/page.tsx(1018,33): error TS7006: Parameter 'e' implicitly has an 'any' type.
app/page.tsx(1024,23): error TS7026: JSX element implicitly has type 'any' because no interface 'JSX.IntrinsicElements' exists.
app/page.tsx(1026,23): error TS7026: JSX element implicitly has type 'any' because no interface 'JSX.IntrinsicElements' exists.
app/page.tsx(1028,21): error TS7026: JSX element implicitly has type 'any' because no interface 'JSX.IntrinsicElements' exists.
app/page.tsx(1030,17): error TS7026: JSX element implicitly has type 'any' because no interface 'JSX.IntrinsicElements' exists.
app/page.tsx(1040,15): error TS7026: JSX element implicitly has type 'any' because no interface 'JSX.IntrinsicElements' exists.
app/page.tsx(1043,15): error TS7026: JSX element implicitly has type 'any' because no interface 'JSX.IntrinsicElements' exists.
app/page.tsx(1043,47): error TS7006: Parameter 'e' implicitly has an 'any' type.
app/page.tsx(1054,23): error TS7026: JSX element implicitly has type 'any' because no interface 'JSX.IntrinsicElements' exists.
app/page.tsx(1056,27): error TS7026: JSX element implicitly has type 'any' because no interface 'JSX.IntrinsicElements' exists.
app/page.tsx(1067,29): error TS7026: JSX element implicitly has type 'any' because no interface 'JSX.IntrinsicElements' exists.
app/page.tsx(1068,27): error TS7026: JSX element implicitly has type 'any' because no interface 'JSX.IntrinsicElements' exists.
app/page.tsx(1070,25): error TS7026: JSX element implicitly has type 'any' because no interface 'JSX.IntrinsicElements' exists.
app/page.tsx(1082,25): error TS7026: JSX element implicitly has type 'any' because no interface 'JSX.IntrinsicElements' exists.
app/page.tsx(1083,23): error TS7026: JSX element implicitly has type 'any' because no interface 'JSX.IntrinsicElements' exists.
app/page.tsx(1091,30): error TS7006: Parameter 'e' implicitly has an 'any' type.
app/page.tsx(1097,15): error TS7026: JSX element implicitly has type 'any' because no interface 'JSX.IntrinsicElements' exists.
app/page.tsx(1098,13): error TS7026: JSX element implicitly has type 'any' because no interface 'JSX.IntrinsicElements' exists.
app/page.tsx(1102,5): error TS7026: JSX element implicitly has type 'any' because no interface 'JSX.IntrinsicElements' exists.
app/page.tsx(1121,29): error TS2503: Cannot find namespace 'React'.
app/page.tsx(1149,27): error TS2503: Cannot find namespace 'React'.
app/page.tsx(1165,5): error TS7026: JSX element implicitly has type 'any' because no interface 'JSX.IntrinsicElements' exists.
app/page.tsx(1167,7): error TS7026: JSX element implicitly has type 'any' because no interface 'JSX.IntrinsicElements' exists.
app/page.tsx(1179,11): error TS7026: JSX element implicitly has type 'any' because no interface 'JSX.IntrinsicElements' exists.
app/page.tsx(1180,13): error TS7026: JSX element implicitly has type 'any' because no interface 'JSX.IntrinsicElements' exists.
app/page.tsx(1181,15): error TS7026: JSX element implicitly has type 'any' because no interface 'JSX.IntrinsicElements' exists.
app/page.tsx(1181,54): error TS7026: JSX element implicitly has type 'any' because no interface 'JSX.IntrinsicElements' exists.
app/page.tsx(1182,13): error TS7026: JSX element implicitly has type 'any' because no interface 'JSX.IntrinsicElements' exists.
app/page.tsx(1183,11): error TS7026: JSX element implicitly has type 'any' because no interface 'JSX.IntrinsicElements' exists.
app/page.tsx(1189,15): error TS7026: JSX element implicitly has type 'any' because no interface 'JSX.IntrinsicElements' exists.
app/page.tsx(1191,27): error TS7006: Parameter 'e' implicitly has an 'any' type.
app/page.tsx(1195,15): error TS7026: JSX element implicitly has type 'any' because no interface 'JSX.IntrinsicElements' exists.
app/page.tsx(1224,27): error TS7006: Parameter 'e' implicitly has an 'any' type.
app/page.tsx(1252,25): error TS7006: Parameter 'e' implicitly has an 'any' type.
app/page.tsx(1254,15): error TS7026: JSX element implicitly has type 'any' because no interface 'JSX.IntrinsicElements' exists.
app/page.tsx(1256,15): error TS7026: JSX element implicitly has type 'any' because no interface 'JSX.IntrinsicElements' exists.
app/page.tsx(1257,15): error TS7026: JSX element implicitly has type 'any' because no interface 'JSX.IntrinsicElements' exists.
app/page.tsx(1258,17): error TS7026: JSX element implicitly has type 'any' because no interface 'JSX.IntrinsicElements' exists.
app/page.tsx(1263,17): error TS7026: JSX element implicitly has type 'any' because no interface 'JSX.IntrinsicElements' exists.
app/page.tsx(1264,17): error TS7026: JSX element implicitly has type 'any' because no interface 'JSX.IntrinsicElements' exists.
app/page.tsx(1269,17): error TS7026: JSX element implicitly has type 'any' because no interface 'JSX.IntrinsicElements' exists.
app/page.tsx(1270,15): error TS7026: JSX element implicitly has type 'any' because no interface 'JSX.IntrinsicElements' exists.
app/page.tsx(1274,7): error TS7026: JSX element implicitly has type 'any' because no interface 'JSX.IntrinsicElements' exists.
app/page.tsx(1277,7): error TS7026: JSX element implicitly has type 'any' because no interface 'JSX.IntrinsicElements' exists.
app/page.tsx(1278,9): error TS7026: JSX element implicitly has type 'any' because no interface 'JSX.IntrinsicElements' exists.
app/page.tsx(1280,9): error TS7026: JSX element implicitly has type 'any' because no interface 'JSX.IntrinsicElements' exists.
app/page.tsx(1282,11): error TS7026: JSX element implicitly has type 'any' because no interface 'JSX.IntrinsicElements' exists.
app/page.tsx(1282,53): error TS7006: Parameter 'e' implicitly has an 'any' type.
app/page.tsx(1283,13): error TS7026: JSX element implicitly has type 'any' because no interface 'JSX.IntrinsicElements' exists.
app/page.tsx(1286,26): error TS7006: Parameter 'e' implicitly has an 'any' type.
app/page.tsx(1287,27): error TS7006: Parameter 'e' implicitly has an 'any' type.
app/page.tsx(1296,11): error TS7026: JSX element implicitly has type 'any' because no interface 'JSX.IntrinsicElements' exists.
app/page.tsx(1300,15): error TS7026: JSX element implicitly has type 'any' because no interface 'JSX.IntrinsicElements' exists.
app/page.tsx(1305,15): error TS7026: JSX element implicitly has type 'any' because no interface 'JSX.IntrinsicElements' exists.
app/page.tsx(1312,15): error TS7026: JSX element implicitly has type 'any' because no interface 'JSX.IntrinsicElements' exists.
app/page.tsx(1313,17): error TS7026: JSX element implicitly has type 'any' because no interface 'JSX.IntrinsicElements' exists.
app/page.tsx(1313,61): error TS7026: JSX element implicitly has type 'any' because no interface 'JSX.IntrinsicElements' exists.
app/page.tsx(1314,17): error TS7026: JSX element implicitly has type 'any' because no interface 'JSX.IntrinsicElements' exists.
app/page.tsx(1316,29): error TS7006: Parameter 'e' implicitly has an 'any' type.
app/page.tsx(1323,17): error TS7026: JSX element implicitly has type 'any' because no interface 'JSX.IntrinsicElements' exists.
app/page.tsx(1324,15): error TS7026: JSX element implicitly has type 'any' because no interface 'JSX.IntrinsicElements' exists.
app/page.tsx(1328,7): error TS7026: JSX element implicitly has type 'any' because no interface 'JSX.IntrinsicElements' exists.
app/page.tsx(1329,5): error TS7026: JSX element implicitly has type 'any' because no interface 'JSX.IntrinsicElements' exists.
components/access-code-guard.tsx(3,48): error TS2307: Cannot find module 'react' or its corresponding type declarations.
components/access-code-guard.tsx(40,5): error TS2875: This JSX tag requires the module path 'react/jsx-runtime' to exist, but none could be found. Make sure you have types for the appropriate package installed.
components/access-code-guard.tsx(44,39): error TS7006: Parameter 's' implicitly has an 'any' type.
components/access-code-modal.tsx(3,45): error TS2307: Cannot find module 'react' or its corresponding type declarations.
components/access-code-modal.tsx(4,41): error TS2307: Cannot find module 'motion/react' or its corresponding type declarations.
components/access-code-modal.tsx(6,55): error TS2307: Cannot find module 'lucide-react' or its corresponding type declarations.
components/access-code-modal.tsx(27,34): error TS2503: Cannot find namespace 'React'.
components/access-code-modal.tsx(56,5): error TS2875: This JSX tag requires the module path 'react/jsx-runtime' to exist, but none could be found. Make sure you have types for the appropriate package installed.
components/access-code-modal.tsx(65,11): error TS7026: JSX element implicitly has type 'any' because no interface 'JSX.IntrinsicElements' exists.
components/access-code-modal.tsx(66,13): error TS7026: JSX element implicitly has type 'any' because no interface 'JSX.IntrinsicElements' exists.
components/access-code-modal.tsx(77,13): error TS7026: JSX element implicitly has type 'any' because no interface 'JSX.IntrinsicElements' exists.
components/access-code-modal.tsx(84,11): error TS7026: JSX element implicitly has type 'any' because no interface 'JSX.IntrinsicElements' exists.
components/access-code-modal.tsx(94,13): error TS7026: JSX element implicitly has type 'any' because no interface 'JSX.IntrinsicElements' exists.
components/access-code-modal.tsx(132,17): error TS7026: JSX element implicitly has type 'any' because no interface 'JSX.IntrinsicElements' exists.
components/access-code-modal.tsx(133,19): error TS7026: JSX element implicitly has type 'any' because no interface 'JSX.IntrinsicElements' exists.
components/access-code-modal.tsx(138,32): error TS7006: Parameter 'e' implicitly has an 'any' type.
components/access-code-modal.tsx(152,19): error TS7026: JSX element implicitly has type 'any' because no interface 'JSX.IntrinsicElements' exists.
components/access-code-modal.tsx(174,19): error TS7026: JSX element implicitly has type 'any' because no interface 'JSX.IntrinsicElements' exists.
components/access-code-modal.tsx(175,17): error TS7026: JSX element implicitly has type 'any' because no interface 'JSX.IntrinsicElements' exists.
components/access-code-modal.tsx(192,13): error TS7026: JSX element implicitly has type 'any' because no interface 'JSX.IntrinsicElements' exists.
components/agent/agent-avatar.tsx(28,5): error TS7026: JSX element implicitly has type 'any' because no interface 'JSX.IntrinsicElements' exists.
components/agent/agent-avatar.tsx(28,5): error TS2875: This JSX tag requires the module path 'react/jsx-runtime' to exist, but none could be found. Make sure you have types for the appropriate package installed.
components/agent/agent-avatar.tsx(43,7): error TS7026: JSX element implicitly has type 'any' because no interface 'JSX.IntrinsicElements' exists.
components/agent/agent-avatar.tsx(45,7): error TS7026: JSX element implicitly has type 'any' because no interface 'JSX.IntrinsicElements' exists.
components/agent/agent-avatar.tsx(46,5): error TS7026: JSX element implicitly has type 'any' because no interface 'JSX.IntrinsicElements' exists.
components/agent/agent-bar.tsx(3,58): error TS2307: Cannot find module 'react' or its corresponding type declarations.
components/agent/agent-bar.tsx(4,41): error TS2307: Cannot find module 'motion/react' or its corresponding type declarations.
components/agent/agent-bar.tsx(24,8): error TS2307: Cannot find module 'lucide-react' or its corresponding type declarations.
components/agent/agent-bar.tsx(41,41): error TS7006: Parameter 's' implicitly has an 'any' type.
components/agent/agent-bar.tsx(42,48): error TS7006: Parameter 's' implicitly has an 'any' type.
components/agent/agent-bar.tsx(147,7): error TS7026: JSX element implicitly has type 'any' because no interface 'JSX.IntrinsicElements' exists.
components/agent/agent-bar.tsx(147,7): error TS2875: This JSX tag requires the module path 'react/jsx-runtime' to exist, but none could be found. Make sure you have types for the appropriate package installed.
components/agent/agent-bar.tsx(148,19): error TS7006: Parameter 'e' implicitly has an 'any' type.
components/agent/agent-bar.tsx(149,25): error TS7006: Parameter 'e' implicitly has an 'any' type.
components/agent/agent-bar.tsx(153,9): error TS7026: JSX element implicitly has type 'any' because no interface 'JSX.IntrinsicElements' exists.
components/agent/agent-bar.tsx(153,66): error TS7026: JSX element implicitly has type 'any' because no interface 'JSX.IntrinsicElements' exists.
components/agent/agent-bar.tsx(154,7): error TS7026: JSX element implicitly has type 'any' because no interface 'JSX.IntrinsicElements' exists.
components/agent/agent-bar.tsx(161,22): error TS7006: Parameter 'open' implicitly has an 'any' type.
components/agent/agent-bar.tsx(167,9): error TS7026: JSX element implicitly has type 'any' because no interface 'JSX.IntrinsicElements' exists.
components/agent/agent-bar.tsx(169,21): error TS7006: Parameter 'e' implicitly has an 'any' type.
components/agent/agent-bar.tsx(170,27): error TS7006: Parameter 'e' implicitly has an 'any' type.
components/agent/agent-bar.tsx(174,11): error TS7026: JSX element implicitly has type 'any' because no interface 'JSX.IntrinsicElements' exists.
components/agent/agent-bar.tsx(174,68): error TS7026: JSX element implicitly has type 'any' because no interface 'JSX.IntrinsicElements' exists.
components/agent/agent-bar.tsx(176,9): error TS7026: JSX element implicitly has type 'any' because no interface 'JSX.IntrinsicElements' exists.
components/agent/agent-bar.tsx(183,19): error TS7006: Parameter 'e' implicitly has an 'any' type.
components/agent/agent-bar.tsx(184,25): error TS7006: Parameter 'e' implicitly has an 'any' type.
components/agent/agent-bar.tsx(188,13): error TS7026: JSX element implicitly has type 'any' because no interface 'JSX.IntrinsicElements' exists.
components/agent/agent-bar.tsx(189,15): error TS7026: JSX element implicitly has type 'any' because no interface 'JSX.IntrinsicElements' exists.
components/agent/agent-bar.tsx(193,15): error TS7026: JSX element implicitly has type 'any' because no interface 'JSX.IntrinsicElements' exists.
components/agent/agent-bar.tsx(202,19): error TS7026: JSX element implicitly has type 'any' because no interface 'JSX.IntrinsicElements' exists.
components/agent/agent-bar.tsx(209,21): error TS7026: JSX element implicitly has type 'any' because no interface 'JSX.IntrinsicElements' exists.
components/agent/agent-bar.tsx(227,21): error TS7026: JSX element implicitly has type 'any' because no interface 'JSX.IntrinsicElements' exists.
components/agent/agent-bar.tsx(228,21): error TS7026: JSX element implicitly has type 'any' because no interface 'JSX.IntrinsicElements' exists.
components/agent/agent-bar.tsx(230,33): error TS7006: Parameter 'e' implicitly has an 'any' type.
components/agent/agent-bar.tsx(246,21): error TS7026: JSX element implicitly has type 'any' because no interface 'JSX.IntrinsicElements' exists.
components/agent/agent-bar.tsx(247,19): error TS7026: JSX element implicitly has type 'any' because no interface 'JSX.IntrinsicElements' exists.
components/agent/agent-bar.tsx(250,13): error TS7026: JSX element implicitly has type 'any' because no interface 'JSX.IntrinsicElements' exists.
components/agent/agent-bar.tsx(269,43): error TS7006: Parameter 's' implicitly has an 'any' type.
components/agent/agent-bar.tsx(270,38): error TS7006: Parameter 's' implicitly has an 'any' type.
components/agent/agent-bar.tsx(271,44): error TS7006: Parameter 's' implicitly has an 'any' type.
components/agent/agent-bar.tsx(272,41): error TS7006: Parameter 's' implicitly has an 'any' type.
components/agent/agent-bar.tsx(273,50): error TS7006: Parameter 's' implicitly has an 'any' type.
components/agent/agent-bar.tsx(274,48): error TS7006: Parameter 's' implicitly has an 'any' type.
components/agent/agent-bar.tsx(375,7): error TS7026: JSX element implicitly has type 'any' because no interface 'JSX.IntrinsicElements' exists.
components/agent/agent-bar.tsx(376,19): error TS7006: Parameter 'e' implicitly has an 'any' type.
components/agent/agent-bar.tsx(377,25): error TS7006: Parameter 'e' implicitly has an 'any' type.
components/agent/agent-bar.tsx(381,9): error TS7026: JSX element implicitly has type 'any' because no interface 'JSX.IntrinsicElements' exists.
components/agent/agent-bar.tsx(381,66): error TS7026: JSX element implicitly has type 'any' because no interface 'JSX.IntrinsicElements' exists.
components/agent/agent-bar.tsx(382,7): error TS7026: JSX element implicitly has type 'any' because no interface 'JSX.IntrinsicElements' exists.
components/agent/agent-bar.tsx(389,22): error TS7006: Parameter 'open' implicitly has an 'any' type.
components/agent/agent-bar.tsx(395,9): error TS7026: JSX element implicitly has type 'any' because no interface 'JSX.IntrinsicElements' exists.
components/agent/agent-bar.tsx(397,21): error TS7006: Parameter 'e' implicitly has an 'any' type.
components/agent/agent-bar.tsx(398,27): error TS7006: Parameter 'e' implicitly has an 'any' type.
components/agent/agent-bar.tsx(402,11): error TS7026: JSX element implicitly has type 'any' because no interface 'JSX.IntrinsicElements' exists.
components/agent/agent-bar.tsx(402,68): error TS7026: JSX element implicitly has type 'any' because no interface 'JSX.IntrinsicElements' exists.
components/agent/agent-bar.tsx(404,9): error TS7026: JSX element implicitly has type 'any' because no interface 'JSX.IntrinsicElements' exists.
components/agent/agent-bar.tsx(411,19): error TS7006: Parameter 'e' implicitly has an 'any' type.
components/agent/agent-bar.tsx(412,25): error TS7006: Parameter 'e' implicitly has an 'any' type.
components/agent/agent-bar.tsx(416,13): error TS7026: JSX element implicitly has type 'any' because no interface 'JSX.IntrinsicElements' exists.
components/agent/agent-bar.tsx(417,15): error TS7026: JSX element implicitly has type 'any' because no interface 'JSX.IntrinsicElements' exists.
components/agent/agent-bar.tsx(421,15): error TS7026: JSX element implicitly has type 'any' because no interface 'JSX.IntrinsicElements' exists.
components/agent/agent-bar.tsx(431,19): error TS7026: JSX element implicitly has type 'any' because no interface 'JSX.IntrinsicElements' exists.
components/agent/agent-bar.tsx(438,21): error TS7026: JSX element implicitly has type 'any' because no interface 'JSX.IntrinsicElements' exists.
components/agent/agent-bar.tsx(454,21): error TS7026: JSX element implicitly has type 'any' because no interface 'JSX.IntrinsicElements' exists.
components/agent/agent-bar.tsx(455,21): error TS7026: JSX element implicitly has type 'any' because no interface 'JSX.IntrinsicElements' exists.
components/agent/agent-bar.tsx(457,33): error TS7006: Parameter 'e' implicitly has an 'any' type.
components/agent/agent-bar.tsx(473,21): error TS7026: JSX element implicitly has type 'any' because no interface 'JSX.IntrinsicElements' exists.
components/agent/agent-bar.tsx(474,19): error TS7026: JSX element implicitly has type 'any' because no interface 'JSX.IntrinsicElements' exists.
components/agent/agent-bar.tsx(477,13): error TS7026: JSX element implicitly has type 'any' because no interface 'JSX.IntrinsicElements' exists.
components/agent/agent-bar.tsx(488,46): error TS7006: Parameter 's' implicitly has an 'any' type.
components/agent/agent-bar.tsx(489,49): error TS7006: Parameter 's' implicitly has an 'any' type.
components/agent/agent-bar.tsx(490,38): error TS7006: Parameter 's' implicitly has an 'any' type.
components/agent/agent-bar.tsx(491,41): error TS7006: Parameter 's' implicitly has an 'any' type.
components/agent/agent-bar.tsx(492,39): error TS7006: Parameter 's' implicitly has an 'any' type.
components/agent/agent-bar.tsx(493,42): error TS7006: Parameter 's' implicitly has an 'any' type.
components/agent/agent-bar.tsx(494,48): error TS7006: Parameter 's' implicitly has an 'any' type.
components/agent/agent-bar.tsx(495,40): error TS7006: Parameter 's' implicitly has an 'any' type.
components/agent/agent-bar.tsx(511,36): error TS7006: Parameter 'a' implicitly has an 'any' type.
components/agent/agent-bar.tsx(512,37): error TS7006: Parameter 'a' implicitly has an 'any' type.
components/agent/agent-bar.tsx(513,41): error TS7006: Parameter 'a' implicitly has an 'any' type.
components/agent/agent-bar.tsx(514,53): error TS7006: Parameter 'a' implicitly has an 'any' type.
components/agent/agent-bar.tsx(524,40): error TS7006: Parameter 'v' implicitly has an 'any' type.
components/agent/agent-bar.tsx(529,44): error TS7006: Parameter 'v' implicitly has an 'any' type.
components/agent/agent-bar.tsx(555,50): error TS7006: Parameter 'id' implicitly has an 'any' type.
components/agent/agent-bar.tsx(555,70): error TS7006: Parameter 'a' implicitly has an 'any' type.
components/agent/agent-bar.tsx(556,42): error TS7006: Parameter 'id' implicitly has an 'any' type.
components/agent/agent-bar.tsx(557,32): error TS7006: Parameter 'agent' implicitly has an 'any' type.
components/agent/agent-bar.tsx(570,32): error TS7006: Parameter 'a' implicitly has an 'any' type.
components/agent/agent-bar.tsx(573,52): error TS7006: Parameter 'id' implicitly has an 'any' type.
components/agent/agent-bar.tsx(592,5): error TS7026: JSX element implicitly has type 'any' because no interface 'JSX.IntrinsicElements' exists.
components/agent/agent-bar.tsx(594,9): error TS7026: JSX element implicitly has type 'any' because no interface 'JSX.IntrinsicElements' exists.
components/agent/agent-bar.tsx(595,11): error TS7026: JSX element implicitly has type 'any' because no interface 'JSX.IntrinsicElements' exists.
components/agent/agent-bar.tsx(600,9): error TS7026: JSX element implicitly has type 'any' because no interface 'JSX.IntrinsicElements' exists.
components/agent/agent-bar.tsx(605,11): error TS7026: JSX element implicitly has type 'any' because no interface 'JSX.IntrinsicElements' exists.
components/agent/agent-bar.tsx(606,27): error TS7006: Parameter 'a' implicitly has an 'any' type.
components/agent/agent-bar.tsx(607,15): error TS7026: JSX element implicitly has type 'any' because no interface 'JSX.IntrinsicElements' exists.
components/agent/agent-bar.tsx(608,17): error TS7026: JSX element implicitly has type 'any' because no interface 'JSX.IntrinsicElements' exists.
components/agent/agent-bar.tsx(609,37): error TS7006: Parameter 'a' implicitly has an 'any' type.
components/agent/agent-bar.tsx(613,15): error TS7026: JSX element implicitly has type 'any' because no interface 'JSX.IntrinsicElements' exists.
components/agent/agent-bar.tsx(615,11): error TS7026: JSX element implicitly has type 'any' because no interface 'JSX.IntrinsicElements' exists.
components/agent/agent-bar.tsx(621,13): error TS7026: JSX element implicitly has type 'any' because no interface 'JSX.IntrinsicElements' exists.
components/agent/agent-bar.tsx(622,52): error TS7006: Parameter 'agent' implicitly has an 'any' type.
components/agent/agent-bar.tsx(623,17): error TS7026: JSX element implicitly has type 'any' because no interface 'JSX.IntrinsicElements' exists.
components/agent/agent-bar.tsx(627,19): error TS7026: JSX element implicitly has type 'any' because no interface 'JSX.IntrinsicElements' exists.
components/agent/agent-bar.tsx(632,17): error TS7026: JSX element implicitly has type 'any' because no interface 'JSX.IntrinsicElements' exists.
components/agent/agent-bar.tsx(635,17): error TS7026: JSX element implicitly has type 'any' because no interface 'JSX.IntrinsicElements' exists.
components/agent/agent-bar.tsx(636,19): error TS7026: JSX element implicitly has type 'any' because no interface 'JSX.IntrinsicElements' exists.
components/agent/agent-bar.tsx(638,19): error TS7026: JSX element implicitly has type 'any' because no interface 'JSX.IntrinsicElements' exists.
components/agent/agent-bar.tsx(639,17): error TS7026: JSX element implicitly has type 'any' because no interface 'JSX.IntrinsicElements' exists.
components/agent/agent-bar.tsx(641,13): error TS7026: JSX element implicitly has type 'any' because no interface 'JSX.IntrinsicElements' exists.
components/agent/agent-bar.tsx(651,5): error TS7026: JSX element implicitly has type 'any' because no interface 'JSX.IntrinsicElements' exists.
components/agent/agent-bar.tsx(657,7): error TS7026: JSX element implicitly has type 'any' because no interface 'JSX.IntrinsicElements' exists.
components/agent/agent-bar.tsx(672,9): error TS7026: JSX element implicitly has type 'any' because no interface 'JSX.IntrinsicElements' exists.
components/agent/agent-bar.tsx(676,11): error TS7026: JSX element implicitly has type 'any' because no interface 'JSX.IntrinsicElements' exists.
components/agent/agent-bar.tsx(677,9): error TS7026: JSX element implicitly has type 'any' because no interface 'JSX.IntrinsicElements' exists.
components/agent/agent-bar.tsx(678,9): error TS7026: JSX element implicitly has type 'any' because no interface 'JSX.IntrinsicElements' exists.
components/agent/agent-bar.tsx(680,9): error TS7026: JSX element implicitly has type 'any' because no interface 'JSX.IntrinsicElements' exists.
components/agent/agent-bar.tsx(681,9): error TS7026: JSX element implicitly has type 'any' because no interface 'JSX.IntrinsicElements' exists.
components/agent/agent-bar.tsx(683,9): error TS7026: JSX element implicitly has type 'any' because no interface 'JSX.IntrinsicElements' exists.
components/agent/agent-bar.tsx(692,7): error TS7026: JSX element implicitly has type 'any' because no interface 'JSX.IntrinsicElements' exists.
components/agent/agent-bar.tsx(697,5): error TS7026: JSX element implicitly has type 'any' because no interface 'JSX.IntrinsicElements' exists.
components/agent/agent-bar.tsx(700,11): error TS7026: JSX element implicitly has type 'any' because no interface 'JSX.IntrinsicElements' exists.
components/agent/agent-bar.tsx(707,13): error TS7026: JSX element implicitly has type 'any' because no interface 'JSX.IntrinsicElements' exists.
components/agent/agent-bar.tsx(709,13): error TS7026: JSX element implicitly has type 'any' because no interface 'JSX.IntrinsicElements' exists.
components/agent/agent-bar.tsx(716,11): error TS7026: JSX element implicitly has type 'any' because no interface 'JSX.IntrinsicElements' exists.
components/agent/agent-bar.tsx(734,13): error TS7026: JSX element implicitly has type 'any' because no interface 'JSX.IntrinsicElements' exists.
components/agent/agent-bar.tsx(737,17): error TS7026: JSX element implicitly has type 'any' because no interface 'JSX.IntrinsicElements' exists.
components/agent/agent-bar.tsx(738,19): error TS7026: JSX element implicitly has type 'any' because no interface 'JSX.IntrinsicElements' exists.
components/agent/agent-bar.tsx(742,21): error TS7026: JSX element implicitly has type 'any' because no interface 'JSX.IntrinsicElements' exists.
components/agent/agent-bar.tsx(747,19): error TS7026: JSX element implicitly has type 'any' because no interface 'JSX.IntrinsicElements' exists.
components/agent/agent-bar.tsx(748,19): error TS7026: JSX element implicitly has type 'any' because no interface 'JSX.IntrinsicElements' exists.
components/agent/agent-bar.tsx(750,19): error TS7026: JSX element implicitly has type 'any' because no interface 'JSX.IntrinsicElements' exists.
components/agent/agent-bar.tsx(757,17): error TS7026: JSX element implicitly has type 'any' because no interface 'JSX.IntrinsicElements' exists.
components/agent/agent-bar.tsx(761,15): error TS7026: JSX element implicitly has type 'any' because no interface 'JSX.IntrinsicElements' exists.
components/agent/agent-bar.tsx(762,17): error TS7026: JSX element implicitly has type 'any' because no interface 'JSX.IntrinsicElements' exists.
components/agent/agent-bar.tsx(772,17): error TS7026: JSX element implicitly has type 'any' because no interface 'JSX.IntrinsicElements' exists.
components/agent/agent-bar.tsx(773,17): error TS7026: JSX element implicitly has type 'any' because no interface 'JSX.IntrinsicElements' exists.
components/agent/agent-bar.tsx(784,17): error TS7026: JSX element implicitly has type 'any' because no interface 'JSX.IntrinsicElements' exists.
components/agent/agent-bar.tsx(785,15): error TS7026: JSX element implicitly has type 'any' because no interface 'JSX.IntrinsicElements' exists.
components/agent/agent-bar.tsx(788,17): error TS7026: JSX element implicitly has type 'any' because no interface 'JSX.IntrinsicElements' exists.
components/agent/agent-bar.tsx(790,30): error TS7006: Parameter 'a' implicitly has an 'any' type.
components/agent/agent-bar.tsx(791,27): error TS7006: Parameter 'agent' implicitly has an 'any' type.
components/agent/agent-bar.tsx(791,34): error TS7006: Parameter 'idx' implicitly has an 'any' type.
components/agent/agent-bar.tsx(792,17): error TS7026: JSX element implicitly has type 'any' because no interface 'JSX.IntrinsicElements' exists.
components/agent/agent-bar.tsx(794,17): error TS7026: JSX element implicitly has type 'any' because no interface 'JSX.IntrinsicElements' exists.
components/agent/agent-bar.tsx(795,19): error TS7026: JSX element implicitly has type 'any' because no interface 'JSX.IntrinsicElements' exists.
components/agent/agent-bar.tsx(796,21): error TS7026: JSX element implicitly has type 'any' because no interface 'JSX.IntrinsicElements' exists.
components/agent/agent-bar.tsx(797,21): error TS7026: JSX element implicitly has type 'any' because no interface 'JSX.IntrinsicElements' exists.
components/agent/agent-bar.tsx(799,19): error TS7026: JSX element implicitly has type 'any' because no interface 'JSX.IntrinsicElements' exists.
components/agent/agent-bar.tsx(800,19): error TS7026: JSX element implicitly has type 'any' because no interface 'JSX.IntrinsicElements' exists.
components/agent/agent-bar.tsx(801,19): error TS7026: JSX element implicitly has type 'any' because no interface 'JSX.IntrinsicElements' exists.
components/agent/agent-bar.tsx(802,21): error TS7026: JSX element implicitly has type 'any' because no interface 'JSX.IntrinsicElements' exists.
components/agent/agent-bar.tsx(804,21): error TS7026: JSX element implicitly has type 'any' because no interface 'JSX.IntrinsicElements' exists.
components/agent/agent-bar.tsx(805,21): error TS7026: JSX element implicitly has type 'any' because no interface 'JSX.IntrinsicElements' exists.
components/agent/agent-bar.tsx(807,21): error TS7026: JSX element implicitly has type 'any' because no interface 'JSX.IntrinsicElements' exists.
components/agent/agent-bar.tsx(808,19): error TS7026: JSX element implicitly has type 'any' because no interface 'JSX.IntrinsicElements' exists.
components/agent/agent-bar.tsx(809,17): error TS7026: JSX element implicitly has type 'any' because no interface 'JSX.IntrinsicElements' exists.
components/agent/agent-bar.tsx(813,15): error TS7026: JSX element implicitly has type 'any' because no interface 'JSX.IntrinsicElements' exists.
components/agent/agent-bar.tsx(815,17): error TS7026: JSX element implicitly has type 'any' because no interface 'JSX.IntrinsicElements' exists.
components/agent/agent-bar.tsx(817,17): error TS7026: JSX element implicitly has type 'any' because no interface 'JSX.IntrinsicElements' exists.
components/agent/agent-bar.tsx(818,17): error TS7026: JSX element implicitly has type 'any' because no interface 'JSX.IntrinsicElements' exists.
components/agent/agent-bar.tsx(819,19): error TS7026: JSX element implicitly has type 'any' because no interface 'JSX.IntrinsicElements' exists.
components/agent/agent-bar.tsx(821,31): error TS7006: Parameter 'e' implicitly has an 'any' type.
components/agent/agent-bar.tsx(829,19): error TS7026: JSX element implicitly has type 'any' because no interface 'JSX.IntrinsicElements' exists.
components/agent/agent-bar.tsx(830,19): error TS7026: JSX element implicitly has type 'any' because no interface 'JSX.IntrinsicElements' exists.
components/agent/agent-bar.tsx(834,32): error TS7006: Parameter 'e' implicitly has an 'any' type.
components/agent/agent-bar.tsx(846,31): error TS7006: Parameter 'e' implicitly has an 'any' type.
components/agent/agent-bar.tsx(849,19): error TS7026: JSX element implicitly has type 'any' because no interface 'JSX.IntrinsicElements' exists.
components/agent/agent-bar.tsx(851,31): error TS7006: Parameter 'e' implicitly has an 'any' type.
components/agent/agent-bar.tsx(859,19): error TS7026: JSX element implicitly has type 'any' because no interface 'JSX.IntrinsicElements' exists.
components/agent/agent-bar.tsx(860,17): error TS7026: JSX element implicitly has type 'any' because no interface 'JSX.IntrinsicElements' exists.
components/agent/agent-bar.tsx(861,15): error TS7026: JSX element implicitly has type 'any' because no interface 'JSX.IntrinsicElements' exists.
components/agent/agent-bar.tsx(862,13): error TS7026: JSX element implicitly has type 'any' because no interface 'JSX.IntrinsicElements' exists.
components/agent/agent-bar.tsx(866,5): error TS7026: JSX element implicitly has type 'any' because no interface 'JSX.IntrinsicElements' exists.
components/agent/agent-config-panel.tsx(8,26): error TS2307: Cannot find module 'react' or its corresponding type declarations.
components/agent/agent-config-panel.tsx(15,48): error TS2307: Cannot find module 'lucide-react' or its corresponding type declarations.
components/agent/agent-config-panel.tsx(32,5): error TS7026: JSX element implicitly has type 'any' because no interface 'JSX.IntrinsicElements' exists.
components/agent/agent-config-panel.tsx(32,5): error TS2875: This JSX tag requires the module path 'react/jsx-runtime' to exist, but none could be found. Make sure you have types for the appropriate package installed.
components/agent/agent-config-panel.tsx(33,7): error TS7026: JSX element implicitly has type 'any' because no interface 'JSX.IntrinsicElements' exists.
components/agent/agent-config-panel.tsx(34,9): error TS7026: JSX element implicitly has type 'any' because no interface 'JSX.IntrinsicElements' exists.
components/agent/agent-config-panel.tsx(35,11): error TS7026: JSX element implicitly has type 'any' because no interface 'JSX.IntrinsicElements' exists.
components/agent/agent-config-panel.tsx(35,54): error TS7026: JSX element implicitly has type 'any' because no interface 'JSX.IntrinsicElements' exists.
components/agent/agent-config-panel.tsx(36,11): error TS7026: JSX element implicitly has type 'any' because no interface 'JSX.IntrinsicElements' exists.
components/agent/agent-config-panel.tsx(36,68): error TS7026: JSX element implicitly has type 'any' because no interface 'JSX.IntrinsicElements' exists.
components/agent/agent-config-panel.tsx(37,9): error TS7026: JSX element implicitly has type 'any' because no interface 'JSX.IntrinsicElements' exists.
components/agent/agent-config-panel.tsx(42,7): error TS7026: JSX element implicitly has type 'any' because no interface 'JSX.IntrinsicElements' exists.
components/agent/agent-config-panel.tsx(45,9): error TS7026: JSX element implicitly has type 'any' because no interface 'JSX.IntrinsicElements' exists.
components/agent/agent-config-panel.tsx(46,24): error TS7006: Parameter 'agent' implicitly has an 'any' type.
components/agent/agent-config-panel.tsx(55,17): error TS7026: JSX element implicitly has type 'any' because no interface 'JSX.IntrinsicElements' exists.
components/agent/agent-config-panel.tsx(56,19): error TS7026: JSX element implicitly has type 'any' because no interface 'JSX.IntrinsicElements' exists.
components/agent/agent-config-panel.tsx(74,21): error TS7026: JSX element implicitly has type 'any' because no interface 'JSX.IntrinsicElements' exists.
components/agent/agent-config-panel.tsx(77,21): error TS7026: JSX element implicitly has type 'any' because no interface 'JSX.IntrinsicElements' exists.
components/agent/agent-config-panel.tsx(78,19): error TS7026: JSX element implicitly has type 'any' because no interface 'JSX.IntrinsicElements' exists.
components/agent/agent-config-panel.tsx(79,19): error TS7026: JSX element implicitly has type 'any' because no interface 'JSX.IntrinsicElements' exists.
components/agent/agent-config-panel.tsx(88,19): error TS7026: JSX element implicitly has type 'any' because no interface 'JSX.IntrinsicElements' exists.
components/agent/agent-config-panel.tsx(89,17): error TS7026: JSX element implicitly has type 'any' because no interface 'JSX.IntrinsicElements' exists.
components/agent/agent-config-panel.tsx(92,17): error TS7026: JSX element implicitly has type 'any' because no interface 'JSX.IntrinsicElements' exists.
components/agent/agent-config-panel.tsx(93,19): error TS7026: JSX element implicitly has type 'any' because no interface 'JSX.IntrinsicElements' exists.
components/agent/agent-config-panel.tsx(94,21): error TS7026: JSX element implicitly has type 'any' because no interface 'JSX.IntrinsicElements' exists.
components/agent/agent-config-panel.tsx(94,87): error TS7026: JSX element implicitly has type 'any' because no interface 'JSX.IntrinsicElements' exists.
components/agent/agent-config-panel.tsx(95,21): error TS7026: JSX element implicitly has type 'any' because no interface 'JSX.IntrinsicElements' exists.
components/agent/agent-config-panel.tsx(95,72): error TS7026: JSX element implicitly has type 'any' because no interface 'JSX.IntrinsicElements' exists.
components/agent/agent-config-panel.tsx(96,19): error TS7026: JSX element implicitly has type 'any' because no interface 'JSX.IntrinsicElements' exists.
components/agent/agent-config-panel.tsx(97,19): error TS7026: JSX element implicitly has type 'any' because no interface 'JSX.IntrinsicElements' exists.
components/agent/agent-config-panel.tsx(98,21): error TS7026: JSX element implicitly has type 'any' because no interface 'JSX.IntrinsicElements' exists.
components/agent/agent-config-panel.tsx(100,21): error TS7026: JSX element implicitly has type 'any' because no interface 'JSX.IntrinsicElements' exists.
components/agent/agent-config-panel.tsx(101,21): error TS7026: JSX element implicitly has type 'any' because no interface 'JSX.IntrinsicElements' exists.
components/agent/agent-config-panel.tsx(102,62): error TS7006: Parameter 'tool' implicitly has an 'any' type.
components/agent/agent-config-panel.tsx(112,21): error TS7026: JSX element implicitly has type 'any' because no interface 'JSX.IntrinsicElements' exists.
components/agent/agent-config-panel.tsx(113,19): error TS7026: JSX element implicitly has type 'any' because no interface 'JSX.IntrinsicElements' exists.
components/agent/agent-config-panel.tsx(115,21): error TS7026: JSX element implicitly has type 'any' because no interface 'JSX.IntrinsicElements' exists.
components/agent/agent-config-panel.tsx(123,35): error TS7006: Parameter 'e' implicitly has an 'any' type.
components/agent/agent-config-panel.tsx(130,21): error TS7026: JSX element implicitly has type 'any' because no interface 'JSX.IntrinsicElements' exists.
components/agent/agent-config-panel.tsx(132,17): error TS7026: JSX element implicitly has type 'any' because no interface 'JSX.IntrinsicElements' exists.
components/agent/agent-config-panel.tsx(136,9): error TS7026: JSX element implicitly has type 'any' because no interface 'JSX.IntrinsicElements' exists.
components/agent/agent-config-panel.tsx(140,9): error TS7026: JSX element implicitly has type 'any' because no interface 'JSX.IntrinsicElements' exists.
components/agent/agent-config-panel.tsx(141,11): error TS7026: JSX element implicitly has type 'any' because no interface 'JSX.IntrinsicElements' exists.
components/agent/agent-config-panel.tsx(142,13): error TS7026: JSX element implicitly has type 'any' because no interface 'JSX.IntrinsicElements' exists.
components/agent/agent-config-panel.tsx(142,63): error TS7026: JSX element implicitly has type 'any' because no interface 'JSX.IntrinsicElements' exists.
components/agent/agent-config-panel.tsx(147,11): error TS7026: JSX element implicitly has type 'any' because no interface 'JSX.IntrinsicElements' exists.
components/agent/agent-config-panel.tsx(148,9): error TS7026: JSX element implicitly has type 'any' because no interface 'JSX.IntrinsicElements' exists.
components/agent/agent-config-panel.tsx(150,5): error TS7026: JSX element implicitly has type 'any' because no interface 'JSX.IntrinsicElements' exists.
components/agent/agent-reveal-modal.tsx(3,45): error TS2307: Cannot find module 'react' or its corresponding type declarations.
components/agent/agent-reveal-modal.tsx(4,41): error TS2307: Cannot find module 'motion/react' or its corresponding type declarations.
components/agent/agent-reveal-modal.tsx(5,29): error TS2307: Cannot find module 'lucide-react' or its corresponding type declarations.
components/agent/agent-reveal-modal.tsx(106,5): error TS2875: This JSX tag requires the module path 'react/jsx-runtime' to exist, but none could be found. Make sure you have types for the appropriate package installed.
components/agent/agent-reveal-modal.tsx(140,11): error TS7026: JSX element implicitly has type 'any' because no interface 'JSX.IntrinsicElements' exists.
components/agent/agent-reveal-modal.tsx(163,21): error TS7026: JSX element implicitly has type 'any' because no interface 'JSX.IntrinsicElements' exists.
components/agent/agent-reveal-modal.tsx(168,23): error TS7026: JSX element implicitly has type 'any' because no interface 'JSX.IntrinsicElements' exists.
components/agent/agent-reveal-modal.tsx(175,25): error TS7026: JSX element implicitly has type 'any' because no interface 'JSX.IntrinsicElements' exists.
components/agent/agent-reveal-modal.tsx(177,27): error TS7026: JSX element implicitly has type 'any' because no interface 'JSX.IntrinsicElements' exists.
components/agent/agent-reveal-modal.tsx(179,29): error TS7026: JSX element implicitly has type 'any' because no interface 'JSX.IntrinsicElements' exists.
components/agent/agent-reveal-modal.tsx(186,29): error TS7026: JSX element implicitly has type 'any' because no interface 'JSX.IntrinsicElements' exists.
components/agent/agent-reveal-modal.tsx(193,29): error TS7026: JSX element implicitly has type 'any' because no interface 'JSX.IntrinsicElements' exists.
components/agent/agent-reveal-modal.tsx(197,31): error TS7026: JSX element implicitly has type 'any' because no interface 'JSX.IntrinsicElements' exists.
components/agent/agent-reveal-modal.tsx(205,31): error TS7026: JSX element implicitly has type 'any' because no interface 'JSX.IntrinsicElements' exists.
components/agent/agent-reveal-modal.tsx(213,31): error TS7026: JSX element implicitly has type 'any' because no interface 'JSX.IntrinsicElements' exists.
components/agent/agent-reveal-modal.tsx(221,29): error TS7026: JSX element implicitly has type 'any' because no interface 'JSX.IntrinsicElements' exists.
components/agent/agent-reveal-modal.tsx(222,27): error TS7026: JSX element implicitly has type 'any' because no interface 'JSX.IntrinsicElements' exists.
components/agent/agent-reveal-modal.tsx(225,27): error TS7026: JSX element implicitly has type 'any' because no interface 'JSX.IntrinsicElements' exists.
components/agent/agent-reveal-modal.tsx(226,29): error TS7026: JSX element implicitly has type 'any' because no interface 'JSX.IntrinsicElements' exists.
components/agent/agent-reveal-modal.tsx(234,33): error TS7026: JSX element implicitly has type 'any' because no interface 'JSX.IntrinsicElements' exists.
components/agent/agent-reveal-modal.tsx(240,33): error TS7026: JSX element implicitly has type 'any' because no interface 'JSX.IntrinsicElements' exists.
components/agent/agent-reveal-modal.tsx(242,33): error TS7026: JSX element implicitly has type 'any' because no interface 'JSX.IntrinsicElements' exists.
components/agent/agent-reveal-modal.tsx(244,29): error TS7026: JSX element implicitly has type 'any' because no interface 'JSX.IntrinsicElements' exists.
components/agent/agent-reveal-modal.tsx(245,27): error TS7026: JSX element implicitly has type 'any' because no interface 'JSX.IntrinsicElements' exists.
components/agent/agent-reveal-modal.tsx(248,27): error TS7026: JSX element implicitly has type 'any' because no interface 'JSX.IntrinsicElements' exists.
components/agent/agent-reveal-modal.tsx(249,29): error TS7026: JSX element implicitly has type 'any' because no interface 'JSX.IntrinsicElements' exists.
components/agent/agent-reveal-modal.tsx(254,29): error TS7026: JSX element implicitly has type 'any' because no interface 'JSX.IntrinsicElements' exists.
components/agent/agent-reveal-modal.tsx(255,29): error TS7026: JSX element implicitly has type 'any' because no interface 'JSX.IntrinsicElements' exists.
components/agent/agent-reveal-modal.tsx(262,31): error TS7026: JSX element implicitly has type 'any' because no interface 'JSX.IntrinsicElements' exists.
components/agent/agent-reveal-modal.tsx(262,70): error TS7026: JSX element implicitly has type 'any' because no interface 'JSX.IntrinsicElements' exists.
components/agent/agent-reveal-modal.tsx(264,29): error TS7026: JSX element implicitly has type 'any' because no interface 'JSX.IntrinsicElements' exists.
components/agent/agent-reveal-modal.tsx(265,27): error TS7026: JSX element implicitly has type 'any' because no interface 'JSX.IntrinsicElements' exists.
components/agent/agent-reveal-modal.tsx(268,27): error TS7026: JSX element implicitly has type 'any' because no interface 'JSX.IntrinsicElements' exists.
components/agent/agent-reveal-modal.tsx(269,29): error TS7026: JSX element implicitly has type 'any' because no interface 'JSX.IntrinsicElements' exists.
components/agent/agent-reveal-modal.tsx(275,29): error TS7026: JSX element implicitly has type 'any' because no interface 'JSX.IntrinsicElements' exists.
components/agent/agent-reveal-modal.tsx(279,29): error TS7026: JSX element implicitly has type 'any' because no interface 'JSX.IntrinsicElements' exists.
components/agent/agent-reveal-modal.tsx(285,27): error TS7026: JSX element implicitly has type 'any' because no interface 'JSX.IntrinsicElements' exists.
components/agent/agent-reveal-modal.tsx(288,27): error TS7026: JSX element implicitly has type 'any' because no interface 'JSX.IntrinsicElements' exists.
components/agent/agent-reveal-modal.tsx(289,29): error TS7026: JSX element implicitly has type 'any' because no interface 'JSX.IntrinsicElements' exists.
components/agent/agent-reveal-modal.tsx(291,29): error TS7026: JSX element implicitly has type 'any' because no interface 'JSX.IntrinsicElements' exists.
components/agent/agent-reveal-modal.tsx(292,27): error TS7026: JSX element implicitly has type 'any' because no interface 'JSX.IntrinsicElements' exists.
components/agent/agent-reveal-modal.tsx(295,27): error TS7026: JSX element implicitly has type 'any' because no interface 'JSX.IntrinsicElements' exists.
components/agent/agent-reveal-modal.tsx(301,25): error TS7026: JSX element implicitly has type 'any' because no interface 'JSX.IntrinsicElements' exists.
components/agent/agent-reveal-modal.tsx(302,23): error TS7026: JSX element implicitly has type 'any' because no interface 'JSX.IntrinsicElements' exists.
components/agent/agent-reveal-modal.tsx(303,21): error TS7026: JSX element implicitly has type 'any' because no interface 'JSX.IntrinsicElements' exists.
components/agent/agent-reveal-modal.tsx(306,21): error TS7026: JSX element implicitly has type 'any' because no interface 'JSX.IntrinsicElements' exists.
components/agent/agent-reveal-modal.tsx(314,23): error TS7026: JSX element implicitly has type 'any' because no interface 'JSX.IntrinsicElements' exists.
components/agent/agent-reveal-modal.tsx(320,25): error TS7026: JSX element implicitly has type 'any' because no interface 'JSX.IntrinsicElements' exists.
components/agent/agent-reveal-modal.tsx(328,27): error TS7026: JSX element implicitly has type 'any' because no interface 'JSX.IntrinsicElements' exists.
components/agent/agent-reveal-modal.tsx(330,27): error TS7026: JSX element implicitly has type 'any' because no interface 'JSX.IntrinsicElements' exists.
components/agent/agent-reveal-modal.tsx(334,29): error TS7026: JSX element implicitly has type 'any' because no interface 'JSX.IntrinsicElements' exists.
components/agent/agent-reveal-modal.tsx(335,27): error TS7026: JSX element implicitly has type 'any' because no interface 'JSX.IntrinsicElements' exists.
components/agent/agent-reveal-modal.tsx(336,27): error TS7026: JSX element implicitly has type 'any' because no interface 'JSX.IntrinsicElements' exists.
components/agent/agent-reveal-modal.tsx(340,29): error TS7026: JSX element implicitly has type 'any' because no interface 'JSX.IntrinsicElements' exists.
components/agent/agent-reveal-modal.tsx(341,27): error TS7026: JSX element implicitly has type 'any' because no interface 'JSX.IntrinsicElements' exists.
components/agent/agent-reveal-modal.tsx(342,27): error TS7026: JSX element implicitly has type 'any' because no interface 'JSX.IntrinsicElements' exists.
components/agent/agent-reveal-modal.tsx(346,29): error TS7026: JSX element implicitly has type 'any' because no interface 'JSX.IntrinsicElements' exists.
components/agent/agent-reveal-modal.tsx(347,27): error TS7026: JSX element implicitly has type 'any' because no interface 'JSX.IntrinsicElements' exists.
components/agent/agent-reveal-modal.tsx(348,27): error TS7026: JSX element implicitly has type 'any' because no interface 'JSX.IntrinsicElements' exists.
components/agent/agent-reveal-modal.tsx(352,29): error TS7026: JSX element implicitly has type 'any' because no interface 'JSX.IntrinsicElements' exists.
components/agent/agent-reveal-modal.tsx(353,27): error TS7026: JSX element implicitly has type 'any' because no interface 'JSX.IntrinsicElements' exists.
components/agent/agent-reveal-modal.tsx(356,27): error TS7026: JSX element implicitly has type 'any' because no interface 'JSX.IntrinsicElements' exists.
components/agent/agent-reveal-modal.tsx(356,90): error TS7026: JSX element implicitly has type 'any' because no interface 'JSX.IntrinsicElements' exists.
components/agent/agent-reveal-modal.tsx(357,25): error TS7026: JSX element implicitly has type 'any' because no interface 'JSX.IntrinsicElements' exists.
components/agent/agent-reveal-modal.tsx(358,23): error TS7026: JSX element implicitly has type 'any' because no interface 'JSX.IntrinsicElements' exists.
components/agent/agent-reveal-modal.tsx(359,21): error TS7026: JSX element implicitly has type 'any' because no interface 'JSX.IntrinsicElements' exists.
components/agent/agent-reveal-modal.tsx(364,11): error TS7026: JSX element implicitly has type 'any' because no interface 'JSX.IntrinsicElements' exists.
components/agent/agent-reveal-modal.tsx(373,13): error TS7026: JSX element implicitly has type 'any' because no interface 'JSX.IntrinsicElements' exists.
components/agent/agent-reveal-modal.tsx(375,17): error TS7026: JSX element implicitly has type 'any' because no interface 'JSX.IntrinsicElements' exists.
components/agent/agent-reveal-modal.tsx(385,13): error TS7026: JSX element implicitly has type 'any' because no interface 'JSX.IntrinsicElements' exists.
components/ai-elements/artifact.tsx(6,40): error TS2307: Cannot find module 'lucide-react' or its corresponding type declarations.
components/ai-elements/artifact.tsx(7,53): error TS2307: Cannot find module 'react' or its corresponding type declarations.
components/ai-elements/artifact.tsx(12,3): error TS2875: This JSX tag requires the module path 'react/jsx-runtime' to exist, but none could be found. Make sure you have types for the appropriate package installed.
components/ai-elements/artifact.tsx(12,3): error TS7026: JSX element implicitly has type 'any' because no interface 'JSX.IntrinsicElements' exists.
components/ai-elements/artifact.tsx(24,3): error TS7026: JSX element implicitly has type 'any' because no interface 'JSX.IntrinsicElements' exists.
components/ai-elements/artifact.tsx(47,5): error TS7026: JSX element implicitly has type 'any' because no interface 'JSX.IntrinsicElements' exists.
components/ai-elements/artifact.tsx(47,36): error TS7026: JSX element implicitly has type 'any' because no interface 'JSX.IntrinsicElements' exists.
components/ai-elements/artifact.tsx(54,3): error TS7026: JSX element implicitly has type 'any' because no interface 'JSX.IntrinsicElements' exists.
components/ai-elements/artifact.tsx(60,3): error TS7026: JSX element implicitly has type 'any' because no interface 'JSX.IntrinsicElements' exists.
components/ai-elements/artifact.tsx(66,3): error TS7026: JSX element implicitly has type 'any' because no interface 'JSX.IntrinsicElements' exists.
components/ai-elements/artifact.tsx(94,7): error TS7026: JSX element implicitly has type 'any' because no interface 'JSX.IntrinsicElements' exists.
components/ai-elements/artifact.tsx(94,51): error TS7026: JSX element implicitly has type 'any' because no interface 'JSX.IntrinsicElements' exists.
components/ai-elements/artifact.tsx(104,13): error TS7026: JSX element implicitly has type 'any' because no interface 'JSX.IntrinsicElements' exists.
components/ai-elements/artifact.tsx(104,25): error TS7026: JSX element implicitly has type 'any' because no interface 'JSX.IntrinsicElements' exists.
components/ai-elements/artifact.tsx(117,3): error TS7026: JSX element implicitly has type 'any' because no interface 'JSX.IntrinsicElements' exists.
components/ai-elements/canvas.tsx(1,60): error TS2307: Cannot find module '@xyflow/react' or its corresponding type declarations.
components/ai-elements/canvas.tsx(2,32): error TS2307: Cannot find module 'react' or its corresponding type declarations.
components/ai-elements/canvas.tsx(10,3): error TS2875: This JSX tag requires the module path 'react/jsx-runtime' to exist, but none could be found. Make sure you have types for the appropriate package installed.
components/ai-elements/chain-of-thought.tsx(3,38): error TS2307: Cannot find module '@radix-ui/react-use-controllable-state' or its corresponding type declarations.
components/ai-elements/chain-of-thought.tsx(7,70): error TS2307: Cannot find module 'lucide-react' or its corresponding type declarations.
components/ai-elements/chain-of-thought.tsx(8,48): error TS2307: Cannot find module 'react' or its corresponding type declarations.
components/ai-elements/chain-of-thought.tsx(9,58): error TS2307: Cannot find module 'react' or its corresponding type declarations.
components/ai-elements/chain-of-thought.tsx(50,7): error TS2875: This JSX tag requires the module path 'react/jsx-runtime' to exist, but none could be found. Make sure you have types for the appropriate package installed.
components/ai-elements/chain-of-thought.tsx(51,9): error TS7026: JSX element implicitly has type 'any' because no interface 'JSX.IntrinsicElements' exists.
components/ai-elements/chain-of-thought.tsx(53,9): error TS7026: JSX element implicitly has type 'any' because no interface 'JSX.IntrinsicElements' exists.
components/ai-elements/chain-of-thought.tsx(75,11): error TS7026: JSX element implicitly has type 'any' because no interface 'JSX.IntrinsicElements' exists.
components/ai-elements/chain-of-thought.tsx(75,78): error TS7026: JSX element implicitly has type 'any' because no interface 'JSX.IntrinsicElements' exists.
components/ai-elements/chain-of-thought.tsx(109,7): error TS7026: JSX element implicitly has type 'any' because no interface 'JSX.IntrinsicElements' exists.
components/ai-elements/chain-of-thought.tsx(112,11): error TS7053: Element implicitly has an 'any' type because expression of type 'any' can't be used to index type '{ complete: string; active: string; pending: string; }'.
components/ai-elements/chain-of-thought.tsx(118,9): error TS7026: JSX element implicitly has type 'any' because no interface 'JSX.IntrinsicElements' exists.
components/ai-elements/chain-of-thought.tsx(120,11): error TS7026: JSX element implicitly has type 'any' because no interface 'JSX.IntrinsicElements' exists.
components/ai-elements/chain-of-thought.tsx(121,9): error TS7026: JSX element implicitly has type 'any' because no interface 'JSX.IntrinsicElements' exists.
components/ai-elements/chain-of-thought.tsx(122,9): error TS7026: JSX element implicitly has type 'any' because no interface 'JSX.IntrinsicElements' exists.
components/ai-elements/chain-of-thought.tsx(123,11): error TS7026: JSX element implicitly has type 'any' because no interface 'JSX.IntrinsicElements' exists.
components/ai-elements/chain-of-thought.tsx(123,23): error TS7026: JSX element implicitly has type 'any' because no interface 'JSX.IntrinsicElements' exists.
components/ai-elements/chain-of-thought.tsx(124,27): error TS7026: JSX element implicitly has type 'any' because no interface 'JSX.IntrinsicElements' exists.
components/ai-elements/chain-of-thought.tsx(124,87): error TS7026: JSX element implicitly has type 'any' because no interface 'JSX.IntrinsicElements' exists.
components/ai-elements/chain-of-thought.tsx(126,9): error TS7026: JSX element implicitly has type 'any' because no interface 'JSX.IntrinsicElements' exists.
components/ai-elements/chain-of-thought.tsx(127,7): error TS7026: JSX element implicitly has type 'any' because no interface 'JSX.IntrinsicElements' exists.
components/ai-elements/chain-of-thought.tsx(136,5): error TS7026: JSX element implicitly has type 'any' because no interface 'JSX.IntrinsicElements' exists.
components/ai-elements/chain-of-thought.tsx(183,5): error TS7026: JSX element implicitly has type 'any' because no interface 'JSX.IntrinsicElements' exists.
components/ai-elements/chain-of-thought.tsx(184,7): error TS7026: JSX element implicitly has type 'any' because no interface 'JSX.IntrinsicElements' exists.
components/ai-elements/chain-of-thought.tsx(186,7): error TS7026: JSX element implicitly has type 'any' because no interface 'JSX.IntrinsicElements' exists.
components/ai-elements/chain-of-thought.tsx(187,19): error TS7026: JSX element implicitly has type 'any' because no interface 'JSX.IntrinsicElements' exists.
components/ai-elements/chain-of-thought.tsx(187,73): error TS7026: JSX element implicitly has type 'any' because no interface 'JSX.IntrinsicElements' exists.
components/ai-elements/chain-of-thought.tsx(188,5): error TS7026: JSX element implicitly has type 'any' because no interface 'JSX.IntrinsicElements' exists.
components/ai-elements/checkpoint.tsx(7,48): error TS2307: Cannot find module 'lucide-react' or its corresponding type declarations.
components/ai-elements/checkpoint.tsx(8,53): error TS2307: Cannot find module 'react' or its corresponding type declarations.
components/ai-elements/checkpoint.tsx(13,3): error TS7026: JSX element implicitly has type 'any' because no interface 'JSX.IntrinsicElements' exists.
components/ai-elements/checkpoint.tsx(13,3): error TS2875: This JSX tag requires the module path 'react/jsx-runtime' to exist, but none could be found. Make sure you have types for the appropriate package installed.
components/ai-elements/checkpoint.tsx(19,3): error TS7026: JSX element implicitly has type 'any' because no interface 'JSX.IntrinsicElements' exists.
components/ai-elements/code-block.tsx(5,37): error TS2307: Cannot find module 'lucide-react' or its corresponding type declarations.
components/ai-elements/code-block.tsx(14,8): error TS2307: Cannot find module 'react' or its corresponding type declarations.
components/ai-elements/code-block.tsx(15,73): error TS2307: Cannot find module 'shiki' or its corresponding type declarations.
components/ai-elements/code-block.tsx(33,8): error TS7006: Parameter 'node' implicitly has an 'any' type.
components/ai-elements/code-block.tsx(33,14): error TS7006: Parameter 'line' implicitly has an 'any' type.
components/ai-elements/code-block.tsx(100,5): error TS2875: This JSX tag requires the module path 'react/jsx-runtime' to exist, but none could be found. Make sure you have types for the appropriate package installed.
components/ai-elements/code-block.tsx(101,7): error TS7026: JSX element implicitly has type 'any' because no interface 'JSX.IntrinsicElements' exists.
components/ai-elements/code-block.tsx(108,9): error TS7026: JSX element implicitly has type 'any' because no interface 'JSX.IntrinsicElements' exists.
components/ai-elements/code-block.tsx(109,11): error TS7026: JSX element implicitly has type 'any' because no interface 'JSX.IntrinsicElements' exists.
components/ai-elements/code-block.tsx(114,11): error TS7026: JSX element implicitly has type 'any' because no interface 'JSX.IntrinsicElements' exists.
components/ai-elements/code-block.tsx(120,13): error TS7026: JSX element implicitly has type 'any' because no interface 'JSX.IntrinsicElements' exists.
components/ai-elements/code-block.tsx(120,87): error TS7026: JSX element implicitly has type 'any' because no interface 'JSX.IntrinsicElements' exists.
components/ai-elements/code-block.tsx(122,9): error TS7026: JSX element implicitly has type 'any' because no interface 'JSX.IntrinsicElements' exists.
components/ai-elements/code-block.tsx(123,7): error TS7026: JSX element implicitly has type 'any' because no interface 'JSX.IntrinsicElements' exists.
components/ai-elements/confirmation.tsx(6,33): error TS2307: Cannot find module 'ai' or its corresponding type declarations.
components/ai-elements/confirmation.tsx(7,80): error TS2307: Cannot find module 'react' or its corresponding type declarations.
components/ai-elements/confirmation.tsx(65,5): error TS2875: This JSX tag requires the module path 'react/jsx-runtime' to exist, but none could be found. Make sure you have types for the appropriate package installed.
components/ai-elements/confirmation.tsx(139,5): error TS7026: JSX element implicitly has type 'any' because no interface 'JSX.IntrinsicElements' exists.
components/ai-elements/connection.tsx(1,46): error TS2307: Cannot find module '@xyflow/react' or its corresponding type declarations.
components/ai-elements/connection.tsx(5,55): error TS7031: Binding element 'fromX' implicitly has an 'any' type.
components/ai-elements/connection.tsx(5,62): error TS7031: Binding element 'fromY' implicitly has an 'any' type.
components/ai-elements/connection.tsx(5,69): error TS7031: Binding element 'toX' implicitly has an 'any' type.
components/ai-elements/connection.tsx(5,74): error TS7031: Binding element 'toY' implicitly has an 'any' type.
components/ai-elements/connection.tsx(6,3): error TS7026: JSX element implicitly has type 'any' because no interface 'JSX.IntrinsicElements' exists.
components/ai-elements/connection.tsx(6,3): error TS2875: This JSX tag requires the module path 'react/jsx-runtime' to exist, but none could be found. Make sure you have types for the appropriate package installed.
components/ai-elements/connection.tsx(7,5): error TS7026: JSX element implicitly has type 'any' because no interface 'JSX.IntrinsicElements' exists.
components/ai-elements/connection.tsx(14,5): error TS7026: JSX element implicitly has type 'any' because no interface 'JSX.IntrinsicElements' exists.
components/ai-elements/connection.tsx(15,3): error TS7026: JSX element implicitly has type 'any' because no interface 'JSX.IntrinsicElements' exists.
components/ai-elements/context.tsx(7,41): error TS2307: Cannot find module 'ai' or its corresponding type declarations.
components/ai-elements/context.tsx(8,64): error TS2307: Cannot find module 'react' or its corresponding type declarations.
components/ai-elements/context.tsx(9,26): error TS2307: Cannot find module 'tokenlens' or its corresponding type declarations.
components/ai-elements/context.tsx(41,3): error TS2875: This JSX tag requires the module path 'react/jsx-runtime' to exist, but none could be found. Make sure you have types for the appropriate package installed.
components/ai-elements/context.tsx(60,5): error TS7026: JSX element implicitly has type 'any' because no interface 'JSX.IntrinsicElements' exists.
components/ai-elements/context.tsx(68,7): error TS7026: JSX element implicitly has type 'any' because no interface 'JSX.IntrinsicElements' exists.
components/ai-elements/context.tsx(77,7): error TS7026: JSX element implicitly has type 'any' because no interface 'JSX.IntrinsicElements' exists.
components/ai-elements/context.tsx(90,5): error TS7026: JSX element implicitly has type 'any' because no interface 'JSX.IntrinsicElements' exists.
components/ai-elements/context.tsx(108,11): error TS7026: JSX element implicitly has type 'any' because no interface 'JSX.IntrinsicElements' exists.
components/ai-elements/context.tsx(108,80): error TS7026: JSX element implicitly has type 'any' because no interface 'JSX.IntrinsicElements' exists.
components/ai-elements/context.tsx(143,5): error TS7026: JSX element implicitly has type 'any' because no interface 'JSX.IntrinsicElements' exists.
components/ai-elements/context.tsx(146,11): error TS7026: JSX element implicitly has type 'any' because no interface 'JSX.IntrinsicElements' exists.
components/ai-elements/context.tsx(147,13): error TS7026: JSX element implicitly has type 'any' because no interface 'JSX.IntrinsicElements' exists.
components/ai-elements/context.tsx(147,28): error TS7026: JSX element implicitly has type 'any' because no interface 'JSX.IntrinsicElements' exists.
components/ai-elements/context.tsx(148,13): error TS7026: JSX element implicitly has type 'any' because no interface 'JSX.IntrinsicElements' exists.
components/ai-elements/context.tsx(150,13): error TS7026: JSX element implicitly has type 'any' because no interface 'JSX.IntrinsicElements' exists.
components/ai-elements/context.tsx(151,11): error TS7026: JSX element implicitly has type 'any' because no interface 'JSX.IntrinsicElements' exists.
components/ai-elements/context.tsx(152,11): error TS7026: JSX element implicitly has type 'any' because no interface 'JSX.IntrinsicElements' exists.
components/ai-elements/context.tsx(154,11): error TS7026: JSX element implicitly has type 'any' because no interface 'JSX.IntrinsicElements' exists.
components/ai-elements/context.tsx(157,5): error TS7026: JSX element implicitly has type 'any' because no interface 'JSX.IntrinsicElements' exists.
components/ai-elements/context.tsx(164,3): error TS7026: JSX element implicitly has type 'any' because no interface 'JSX.IntrinsicElements' exists.
components/ai-elements/context.tsx(166,3): error TS7026: JSX element implicitly has type 'any' because no interface 'JSX.IntrinsicElements' exists.
components/ai-elements/context.tsx(192,5): error TS7026: JSX element implicitly has type 'any' because no interface 'JSX.IntrinsicElements' exists.
components/ai-elements/context.tsx(201,11): error TS7026: JSX element implicitly has type 'any' because no interface 'JSX.IntrinsicElements' exists.
components/ai-elements/context.tsx(201,61): error TS7026: JSX element implicitly has type 'any' because no interface 'JSX.IntrinsicElements' exists.
components/ai-elements/context.tsx(202,11): error TS7026: JSX element implicitly has type 'any' because no interface 'JSX.IntrinsicElements' exists.
components/ai-elements/context.tsx(202,28): error TS7026: JSX element implicitly has type 'any' because no interface 'JSX.IntrinsicElements' exists.
components/ai-elements/context.tsx(205,5): error TS7026: JSX element implicitly has type 'any' because no interface 'JSX.IntrinsicElements' exists.
components/ai-elements/context.tsx(235,5): error TS7026: JSX element implicitly has type 'any' because no interface 'JSX.IntrinsicElements' exists.
components/ai-elements/context.tsx(236,7): error TS7026: JSX element implicitly has type 'any' because no interface 'JSX.IntrinsicElements' exists.
components/ai-elements/context.tsx(236,52): error TS7026: JSX element implicitly has type 'any' because no interface 'JSX.IntrinsicElements' exists.
components/ai-elements/context.tsx(238,5): error TS7026: JSX element implicitly has type 'any' because no interface 'JSX.IntrinsicElements' exists.
components/ai-elements/context.tsx(268,5): error TS7026: JSX element implicitly has type 'any' because no interface 'JSX.IntrinsicElements' exists.
components/ai-elements/context.tsx(269,7): error TS7026: JSX element implicitly has type 'any' because no interface 'JSX.IntrinsicElements' exists.
components/ai-elements/context.tsx(269,53): error TS7026: JSX element implicitly has type 'any' because no interface 'JSX.IntrinsicElements' exists.
components/ai-elements/context.tsx(271,5): error TS7026: JSX element implicitly has type 'any' because no interface 'JSX.IntrinsicElements' exists.
components/ai-elements/context.tsx(305,5): error TS7026: JSX element implicitly has type 'any' because no interface 'JSX.IntrinsicElements' exists.
components/ai-elements/context.tsx(306,7): error TS7026: JSX element implicitly has type 'any' because no interface 'JSX.IntrinsicElements' exists.
components/ai-elements/context.tsx(306,56): error TS7026: JSX element implicitly has type 'any' because no interface 'JSX.IntrinsicElements' exists.
components/ai-elements/context.tsx(308,5): error TS7026: JSX element implicitly has type 'any' because no interface 'JSX.IntrinsicElements' exists.
components/ai-elements/context.tsx(338,5): error TS7026: JSX element implicitly has type 'any' because no interface 'JSX.IntrinsicElements' exists.
components/ai-elements/context.tsx(339,7): error TS7026: JSX element implicitly has type 'any' because no interface 'JSX.IntrinsicElements' exists.
components/ai-elements/context.tsx(339,52): error TS7026: JSX element implicitly has type 'any' because no interface 'JSX.IntrinsicElements' exists.
components/ai-elements/context.tsx(341,5): error TS7026: JSX element implicitly has type 'any' because no interface 'JSX.IntrinsicElements' exists.
components/ai-elements/context.tsx(346,3): error TS7026: JSX element implicitly has type 'any' because no interface 'JSX.IntrinsicElements' exists.
components/ai-elements/context.tsx(352,17): error TS7026: JSX element implicitly has type 'any' because no interface 'JSX.IntrinsicElements' exists.
components/ai-elements/context.tsx(352,74): error TS7026: JSX element implicitly has type 'any' because no interface 'JSX.IntrinsicElements' exists.
components/ai-elements/context.tsx(353,3): error TS7026: JSX element implicitly has type 'any' because no interface 'JSX.IntrinsicElements' exists.
components/ai-elements/controls.tsx(4,47): error TS2307: Cannot find module '@xyflow/react' or its corresponding type declarations.
components/ai-elements/controls.tsx(5,37): error TS2307: Cannot find module 'react' or its corresponding type declarations.
components/ai-elements/controls.tsx(10,3): error TS2875: This JSX tag requires the module path 'react/jsx-runtime' to exist, but none could be found. Make sure you have types for the appropriate package installed.
components/ai-elements/conversation.tsx(5,31): error TS2307: Cannot find module 'lucide-react' or its corresponding type declarations.
components/ai-elements/conversation.tsx(6,37): error TS2307: Cannot find module 'react' or its corresponding type declarations.
components/ai-elements/conversation.tsx(7,29): error TS2307: Cannot find module 'react' or its corresponding type declarations.
components/ai-elements/conversation.tsx(8,56): error TS2307: Cannot find module 'use-stick-to-bottom' or its corresponding type declarations.
components/ai-elements/conversation.tsx(13,3): error TS2875: This JSX tag requires the module path 'react/jsx-runtime' to exist, but none could be found. Make sure you have types for the appropriate package installed.
components/ai-elements/conversation.tsx(31,10): error TS2503: Cannot find namespace 'React'.
components/ai-elements/conversation.tsx(42,3): error TS7026: JSX element implicitly has type 'any' because no interface 'JSX.IntrinsicElements' exists.
components/ai-elements/conversation.tsx(51,18): error TS7026: JSX element implicitly has type 'any' because no interface 'JSX.IntrinsicElements' exists.
components/ai-elements/conversation.tsx(51,63): error TS7026: JSX element implicitly has type 'any' because no interface 'JSX.IntrinsicElements' exists.
components/ai-elements/conversation.tsx(52,9): error TS7026: JSX element implicitly has type 'any' because no interface 'JSX.IntrinsicElements' exists.
components/ai-elements/conversation.tsx(53,11): error TS7026: JSX element implicitly has type 'any' because no interface 'JSX.IntrinsicElements' exists.
components/ai-elements/conversation.tsx(53,54): error TS7026: JSX element implicitly has type 'any' because no interface 'JSX.IntrinsicElements' exists.
components/ai-elements/conversation.tsx(54,27): error TS7026: JSX element implicitly has type 'any' because no interface 'JSX.IntrinsicElements' exists.
components/ai-elements/conversation.tsx(54,85): error TS7026: JSX element implicitly has type 'any' because no interface 'JSX.IntrinsicElements' exists.
components/ai-elements/conversation.tsx(55,9): error TS7026: JSX element implicitly has type 'any' because no interface 'JSX.IntrinsicElements' exists.
components/ai-elements/conversation.tsx(58,3): error TS7026: JSX element implicitly has type 'any' because no interface 'JSX.IntrinsicElements' exists.
components/ai-elements/edge.tsx(10,8): error TS2307: Cannot find module '@xyflow/react' or its corresponding type declarations.
components/ai-elements/edge.tsx(31,5): error TS2875: This JSX tag requires the module path 'react/jsx-runtime' to exist, but none could be found. Make sure you have types for the appropriate package installed.
components/ai-elements/edge.tsx(47,6): error TS7006: Parameter 'h' implicitly has an 'any' type.
components/ai-elements/edge.tsx(121,7): error TS7026: JSX element implicitly has type 'any' because no interface 'JSX.IntrinsicElements' exists.
components/ai-elements/edge.tsx(122,9): error TS7026: JSX element implicitly has type 'any' because no interface 'JSX.IntrinsicElements' exists.
components/ai-elements/edge.tsx(123,7): error TS7026: JSX element implicitly has type 'any' because no interface 'JSX.IntrinsicElements' exists.
components/ai-elements/image.tsx(2,50): error TS2307: Cannot find module 'ai' or its corresponding type declarations.
components/ai-elements/image.tsx(10,3): error TS2875: This JSX tag requires the module path 'react/jsx-runtime' to exist, but none could be found. Make sure you have types for the appropriate package installed.
components/ai-elements/image.tsx(10,3): error TS7026: JSX element implicitly has type 'any' because no interface 'JSX.IntrinsicElements' exists.
components/ai-elements/inline-citation.tsx(12,47): error TS2307: Cannot find module 'lucide-react' or its corresponding type declarations.
components/ai-elements/inline-citation.tsx(20,8): error TS2307: Cannot find module 'react' or its corresponding type declarations.
components/ai-elements/inline-citation.tsx(25,3): error TS2875: This JSX tag requires the module path 'react/jsx-runtime' to exist, but none could be found. Make sure you have types for the appropriate package installed.
components/ai-elements/inline-citation.tsx(25,3): error TS7026: JSX element implicitly has type 'any' because no interface 'JSX.IntrinsicElements' exists.
components/ai-elements/inline-citation.tsx(31,3): error TS7026: JSX element implicitly has type 'any' because no interface 'JSX.IntrinsicElements' exists.
components/ai-elements/inline-citation.tsx(114,3): error TS7026: JSX element implicitly has type 'any' because no interface 'JSX.IntrinsicElements' exists.
components/ai-elements/inline-citation.tsx(152,5): error TS7026: JSX element implicitly has type 'any' because no interface 'JSX.IntrinsicElements' exists.
components/ai-elements/inline-citation.tsx(160,5): error TS7026: JSX element implicitly has type 'any' because no interface 'JSX.IntrinsicElements' exists.
components/ai-elements/inline-citation.tsx(179,5): error TS7026: JSX element implicitly has type 'any' because no interface 'JSX.IntrinsicElements' exists.
components/ai-elements/inline-citation.tsx(187,5): error TS7026: JSX element implicitly has type 'any' because no interface 'JSX.IntrinsicElements' exists.
components/ai-elements/inline-citation.tsx(206,5): error TS7026: JSX element implicitly has type 'any' because no interface 'JSX.IntrinsicElements' exists.
components/ai-elements/inline-citation.tsx(214,5): error TS7026: JSX element implicitly has type 'any' because no interface 'JSX.IntrinsicElements' exists.
components/ai-elements/inline-citation.tsx(232,3): error TS7026: JSX element implicitly has type 'any' because no interface 'JSX.IntrinsicElements' exists.
components/ai-elements/inline-citation.tsx(233,15): error TS7026: JSX element implicitly has type 'any' because no interface 'JSX.IntrinsicElements' exists.
components/ai-elements/inline-citation.tsx(233,81): error TS7026: JSX element implicitly has type 'any' because no interface 'JSX.IntrinsicElements' exists.
components/ai-elements/inline-citation.tsx(234,13): error TS7026: JSX element implicitly has type 'any' because no interface 'JSX.IntrinsicElements' exists.
components/ai-elements/inline-citation.tsx(234,82): error TS7026: JSX element implicitly has type 'any' because no interface 'JSX.IntrinsicElements' exists.
components/ai-elements/inline-citation.tsx(236,7): error TS7026: JSX element implicitly has type 'any' because no interface 'JSX.IntrinsicElements' exists.
components/ai-elements/inline-citation.tsx(236,94): error TS7026: JSX element implicitly has type 'any' because no interface 'JSX.IntrinsicElements' exists.
components/ai-elements/inline-citation.tsx(239,3): error TS7026: JSX element implicitly has type 'any' because no interface 'JSX.IntrinsicElements' exists.
components/ai-elements/inline-citation.tsx(249,3): error TS7026: JSX element implicitly has type 'any' because no interface 'JSX.IntrinsicElements' exists.
components/ai-elements/inline-citation.tsx(254,3): error TS7026: JSX element implicitly has type 'any' because no interface 'JSX.IntrinsicElements' exists.
components/ai-elements/loader.tsx(2,37): error TS2307: Cannot find module 'react' or its corresponding type declarations.
components/ai-elements/loader.tsx(9,3): error TS7026: JSX element implicitly has type 'any' because no interface 'JSX.IntrinsicElements' exists.
components/ai-elements/loader.tsx(9,3): error TS2875: This JSX tag requires the module path 'react/jsx-runtime' to exist, but none could be found. Make sure you have types for the appropriate package installed.
components/ai-elements/loader.tsx(16,5): error TS7026: JSX element implicitly has type 'any' because no interface 'JSX.IntrinsicElements' exists.
components/ai-elements/loader.tsx(16,18): error TS7026: JSX element implicitly has type 'any' because no interface 'JSX.IntrinsicElements' exists.
components/ai-elements/loader.tsx(17,5): error TS7026: JSX element implicitly has type 'any' because no interface 'JSX.IntrinsicElements' exists.
components/ai-elements/loader.tsx(18,7): error TS7026: JSX element implicitly has type 'any' because no interface 'JSX.IntrinsicElements' exists.
components/ai-elements/loader.tsx(19,7): error TS7026: JSX element implicitly has type 'any' because no interface 'JSX.IntrinsicElements' exists.
components/ai-elements/loader.tsx(20,7): error TS7026: JSX element implicitly has type 'any' because no interface 'JSX.IntrinsicElements' exists.
components/ai-elements/loader.tsx(26,7): error TS7026: JSX element implicitly has type 'any' because no interface 'JSX.IntrinsicElements' exists.
components/ai-elements/loader.tsx(32,7): error TS7026: JSX element implicitly has type 'any' because no interface 'JSX.IntrinsicElements' exists.
components/ai-elements/loader.tsx(38,7): error TS7026: JSX element implicitly has type 'any' because no interface 'JSX.IntrinsicElements' exists.
components/ai-elements/loader.tsx(44,7): error TS7026: JSX element implicitly has type 'any' because no interface 'JSX.IntrinsicElements' exists.
components/ai-elements/loader.tsx(50,7): error TS7026: JSX element implicitly has type 'any' because no interface 'JSX.IntrinsicElements' exists.
components/ai-elements/loader.tsx(56,7): error TS7026: JSX element implicitly has type 'any' because no interface 'JSX.IntrinsicElements' exists.
components/ai-elements/loader.tsx(62,7): error TS7026: JSX element implicitly has type 'any' because no interface 'JSX.IntrinsicElements' exists.
components/ai-elements/loader.tsx(68,5): error TS7026: JSX element implicitly has type 'any' because no interface 'JSX.IntrinsicElements' exists.
components/ai-elements/loader.tsx(69,5): error TS7026: JSX element implicitly has type 'any' because no interface 'JSX.IntrinsicElements' exists.
components/ai-elements/loader.tsx(70,7): error TS7026: JSX element implicitly has type 'any' because no interface 'JSX.IntrinsicElements' exists.
components/ai-elements/loader.tsx(71,9): error TS7026: JSX element implicitly has type 'any' because no interface 'JSX.IntrinsicElements' exists.
components/ai-elements/loader.tsx(72,7): error TS7026: JSX element implicitly has type 'any' because no interface 'JSX.IntrinsicElements' exists.
components/ai-elements/loader.tsx(73,5): error TS7026: JSX element implicitly has type 'any' because no interface 'JSX.IntrinsicElements' exists.
components/ai-elements/loader.tsx(74,3): error TS7026: JSX element implicitly has type 'any' because no interface 'JSX.IntrinsicElements' exists.
components/ai-elements/loader.tsx(82,3): error TS7026: JSX element implicitly has type 'any' because no interface 'JSX.IntrinsicElements' exists.
components/ai-elements/loader.tsx(84,3): error TS7026: JSX element implicitly has type 'any' because no interface 'JSX.IntrinsicElements' exists.
components/ai-elements/message.tsx(7,44): error TS2307: Cannot find module 'ai' or its corresponding type declarations.
components/ai-elements/message.tsx(8,73): error TS2307: Cannot find module 'lucide-react' or its corresponding type declarations.
components/ai-elements/message.tsx(9,67): error TS2307: Cannot find module 'react' or its corresponding type declarations.
components/ai-elements/message.tsx(10,79): error TS2307: Cannot find module 'react' or its corresponding type declarations.
components/ai-elements/message.tsx(11,28): error TS2307: Cannot find module 'streamdown' or its corresponding type declarations.
components/ai-elements/message.tsx(18,3): error TS7026: JSX element implicitly has type 'any' because no interface 'JSX.IntrinsicElements' exists.
components/ai-elements/message.tsx(31,3): error TS7026: JSX element implicitly has type 'any' because no interface 'JSX.IntrinsicElements' exists.
components/ai-elements/message.tsx(41,3): error TS7026: JSX element implicitly has type 'any' because no interface 'JSX.IntrinsicElements' exists.
components/ai-elements/message.tsx(47,3): error TS7026: JSX element implicitly has type 'any' because no interface 'JSX.IntrinsicElements' exists.
components/ai-elements/message.tsx(49,3): error TS7026: JSX element implicitly has type 'any' because no interface 'JSX.IntrinsicElements' exists.
components/ai-elements/message.tsx(68,7): error TS7026: JSX element implicitly has type 'any' because no interface 'JSX.IntrinsicElements' exists.
components/ai-elements/message.tsx(68,51): error TS7026: JSX element implicitly has type 'any' because no interface 'JSX.IntrinsicElements' exists.
components/ai-elements/message.tsx(78,13): error TS7026: JSX element implicitly has type 'any' because no interface 'JSX.IntrinsicElements' exists.
components/ai-elements/message.tsx(78,25): error TS7026: JSX element implicitly has type 'any' because no interface 'JSX.IntrinsicElements' exists.
components/ai-elements/message.tsx(149,7): error TS7026: JSX element implicitly has type 'any' because no interface 'JSX.IntrinsicElements' exists.
components/ai-elements/message.tsx(170,29): error TS7006: Parameter 'branch' implicitly has an 'any' type.
components/ai-elements/message.tsx(170,37): error TS7006: Parameter 'index' implicitly has an 'any' type.
components/ai-elements/message.tsx(171,5): error TS7026: JSX element implicitly has type 'any' because no interface 'JSX.IntrinsicElements' exists.
components/ai-elements/message.tsx(180,5): error TS7026: JSX element implicitly has type 'any' because no interface 'JSX.IntrinsicElements' exists.
components/ai-elements/message.tsx(277,4): error TS7006: Parameter 'prevProps' implicitly has an 'any' type.
components/ai-elements/message.tsx(277,15): error TS7006: Parameter 'nextProps' implicitly has an 'any' type.
components/ai-elements/message.tsx(295,5): error TS7026: JSX element implicitly has type 'any' because no interface 'JSX.IntrinsicElements' exists.
components/ai-elements/message.tsx(295,5): error TS2875: This JSX tag requires the module path 'react/jsx-runtime' to exist, but none could be found. Make sure you have types for the appropriate package installed.
components/ai-elements/message.tsx(298,11): error TS7026: JSX element implicitly has type 'any' because no interface 'JSX.IntrinsicElements' exists.
components/ai-elements/message.tsx(309,25): error TS7006: Parameter 'e' implicitly has an 'any' type.
components/ai-elements/message.tsx(317,15): error TS7026: JSX element implicitly has type 'any' because no interface 'JSX.IntrinsicElements' exists.
components/ai-elements/message.tsx(317,47): error TS7026: JSX element implicitly has type 'any' because no interface 'JSX.IntrinsicElements' exists.
components/ai-elements/message.tsx(325,15): error TS7026: JSX element implicitly has type 'any' because no interface 'JSX.IntrinsicElements' exists.
components/ai-elements/message.tsx(327,15): error TS7026: JSX element implicitly has type 'any' because no interface 'JSX.IntrinsicElements' exists.
components/ai-elements/message.tsx(330,15): error TS7026: JSX element implicitly has type 'any' because no interface 'JSX.IntrinsicElements' exists.
components/ai-elements/message.tsx(330,35): error TS7026: JSX element implicitly has type 'any' because no interface 'JSX.IntrinsicElements' exists.
components/ai-elements/message.tsx(337,25): error TS7006: Parameter 'e' implicitly has an 'any' type.
components/ai-elements/message.tsx(345,15): error TS7026: JSX element implicitly has type 'any' because no interface 'JSX.IntrinsicElements' exists.
components/ai-elements/message.tsx(345,47): error TS7026: JSX element implicitly has type 'any' because no interface 'JSX.IntrinsicElements' exists.
components/ai-elements/message.tsx(350,5): error TS7026: JSX element implicitly has type 'any' because no interface 'JSX.IntrinsicElements' exists.
components/ai-elements/message.tsx(362,5): error TS7026: JSX element implicitly has type 'any' because no interface 'JSX.IntrinsicElements' exists.
components/ai-elements/message.tsx(364,5): error TS7026: JSX element implicitly has type 'any' because no interface 'JSX.IntrinsicElements' exists.
components/ai-elements/message.tsx(371,3): error TS7026: JSX element implicitly has type 'any' because no interface 'JSX.IntrinsicElements' exists.
components/ai-elements/message.tsx(373,3): error TS7026: JSX element implicitly has type 'any' because no interface 'JSX.IntrinsicElements' exists.
components/ai-elements/model-selector.tsx(14,48): error TS2307: Cannot find module 'react' or its corresponding type declarations.
components/ai-elements/model-selector.tsx(18,61): error TS2875: This JSX tag requires the module path 'react/jsx-runtime' to exist, but none could be found. Make sure you have types for the appropriate package installed.
components/ai-elements/model-selector.tsx(144,3): error TS7026: JSX element implicitly has type 'any' because no interface 'JSX.IntrinsicElements' exists.
components/ai-elements/model-selector.tsx(157,3): error TS7026: JSX element implicitly has type 'any' because no interface 'JSX.IntrinsicElements' exists.
components/ai-elements/model-selector.tsx(169,3): error TS7026: JSX element implicitly has type 'any' because no interface 'JSX.IntrinsicElements' exists.
components/ai-elements/node.tsx(11,34): error TS2307: Cannot find module '@xyflow/react' or its corresponding type declarations.
components/ai-elements/node.tsx(12,37): error TS2307: Cannot find module 'react' or its corresponding type declarations.
components/ai-elements/node.tsx(22,3): error TS2875: This JSX tag requires the module path 'react/jsx-runtime' to exist, but none could be found. Make sure you have types for the appropriate package installed.
components/ai-elements/open-in-chat.tsx(13,70): error TS2307: Cannot find module 'lucide-react' or its corresponding type declarations.
components/ai-elements/open-in-chat.tsx(14,64): error TS2307: Cannot find module 'react' or its corresponding type declarations.
components/ai-elements/open-in-chat.tsx(21,7): error TS7026: JSX element implicitly has type 'any' because no interface 'JSX.IntrinsicElements' exists.
components/ai-elements/open-in-chat.tsx(21,7): error TS2875: This JSX tag requires the module path 'react/jsx-runtime' to exist, but none could be found. Make sure you have types for the appropriate package installed.
components/ai-elements/open-in-chat.tsx(22,9): error TS7026: JSX element implicitly has type 'any' because no interface 'JSX.IntrinsicElements' exists.
components/ai-elements/open-in-chat.tsx(22,22): error TS7026: JSX element implicitly has type 'any' because no interface 'JSX.IntrinsicElements' exists.
components/ai-elements/open-in-chat.tsx(23,9): error TS7026: JSX element implicitly has type 'any' because no interface 'JSX.IntrinsicElements' exists.
components/ai-elements/open-in-chat.tsx(24,7): error TS7026: JSX element implicitly has type 'any' because no interface 'JSX.IntrinsicElements' exists.
components/ai-elements/open-in-chat.tsx(34,7): error TS7026: JSX element implicitly has type 'any' because no interface 'JSX.IntrinsicElements' exists.
components/ai-elements/open-in-chat.tsx(41,9): error TS7026: JSX element implicitly has type 'any' because no interface 'JSX.IntrinsicElements' exists.
components/ai-elements/open-in-chat.tsx(41,24): error TS7026: JSX element implicitly has type 'any' because no interface 'JSX.IntrinsicElements' exists.
components/ai-elements/open-in-chat.tsx(42,9): error TS7026: JSX element implicitly has type 'any' because no interface 'JSX.IntrinsicElements' exists.
components/ai-elements/open-in-chat.tsx(49,9): error TS7026: JSX element implicitly has type 'any' because no interface 'JSX.IntrinsicElements' exists.
components/ai-elements/open-in-chat.tsx(56,9): error TS7026: JSX element implicitly has type 'any' because no interface 'JSX.IntrinsicElements' exists.
components/ai-elements/open-in-chat.tsx(62,9): error TS7026: JSX element implicitly has type 'any' because no interface 'JSX.IntrinsicElements' exists.
components/ai-elements/open-in-chat.tsx(68,9): error TS7026: JSX element implicitly has type 'any' because no interface 'JSX.IntrinsicElements' exists.
components/ai-elements/open-in-chat.tsx(75,9): error TS7026: JSX element implicitly has type 'any' because no interface 'JSX.IntrinsicElements' exists.
components/ai-elements/open-in-chat.tsx(82,9): error TS7026: JSX element implicitly has type 'any' because no interface 'JSX.IntrinsicElements' exists.
components/ai-elements/open-in-chat.tsx(89,7): error TS7026: JSX element implicitly has type 'any' because no interface 'JSX.IntrinsicElements' exists.
components/ai-elements/open-in-chat.tsx(100,7): error TS7026: JSX element implicitly has type 'any' because no interface 'JSX.IntrinsicElements' exists.
components/ai-elements/open-in-chat.tsx(101,9): error TS7026: JSX element implicitly has type 'any' because no interface 'JSX.IntrinsicElements' exists.
components/ai-elements/open-in-chat.tsx(101,22): error TS7026: JSX element implicitly has type 'any' because no interface 'JSX.IntrinsicElements' exists.
components/ai-elements/open-in-chat.tsx(102,9): error TS7026: JSX element implicitly has type 'any' because no interface 'JSX.IntrinsicElements' exists.
components/ai-elements/open-in-chat.tsx(103,7): error TS7026: JSX element implicitly has type 'any' because no interface 'JSX.IntrinsicElements' exists.
components/ai-elements/open-in-chat.tsx(113,7): error TS7026: JSX element implicitly has type 'any' because no interface 'JSX.IntrinsicElements' exists.
components/ai-elements/open-in-chat.tsx(114,9): error TS7026: JSX element implicitly has type 'any' because no interface 'JSX.IntrinsicElements' exists.
components/ai-elements/open-in-chat.tsx(114,22): error TS7026: JSX element implicitly has type 'any' because no interface 'JSX.IntrinsicElements' exists.
components/ai-elements/open-in-chat.tsx(115,9): error TS7026: JSX element implicitly has type 'any' because no interface 'JSX.IntrinsicElements' exists.
components/ai-elements/open-in-chat.tsx(120,7): error TS7026: JSX element implicitly has type 'any' because no interface 'JSX.IntrinsicElements' exists.
components/ai-elements/open-in-chat.tsx(138,7): error TS7026: JSX element implicitly has type 'any' because no interface 'JSX.IntrinsicElements' exists.
components/ai-elements/open-in-chat.tsx(139,9): error TS7026: JSX element implicitly has type 'any' because no interface 'JSX.IntrinsicElements' exists.
components/ai-elements/open-in-chat.tsx(139,18): error TS7026: JSX element implicitly has type 'any' because no interface 'JSX.IntrinsicElements' exists.
components/ai-elements/open-in-chat.tsx(140,9): error TS7026: JSX element implicitly has type 'any' because no interface 'JSX.IntrinsicElements' exists.
components/ai-elements/open-in-chat.tsx(141,9): error TS7026: JSX element implicitly has type 'any' because no interface 'JSX.IntrinsicElements' exists.
components/ai-elements/open-in-chat.tsx(142,7): error TS7026: JSX element implicitly has type 'any' because no interface 'JSX.IntrinsicElements' exists.
components/ai-elements/open-in-chat.tsx(153,7): error TS7026: JSX element implicitly has type 'any' because no interface 'JSX.IntrinsicElements' exists.
components/ai-elements/open-in-chat.tsx(154,9): error TS7026: JSX element implicitly has type 'any' because no interface 'JSX.IntrinsicElements' exists.
components/ai-elements/open-in-chat.tsx(154,22): error TS7026: JSX element implicitly has type 'any' because no interface 'JSX.IntrinsicElements' exists.
components/ai-elements/open-in-chat.tsx(155,9): error TS7026: JSX element implicitly has type 'any' because no interface 'JSX.IntrinsicElements' exists.
components/ai-elements/open-in-chat.tsx(159,7): error TS7026: JSX element implicitly has type 'any' because no interface 'JSX.IntrinsicElements' exists.
components/ai-elements/open-in-chat.tsx(223,7): error TS7026: JSX element implicitly has type 'any' because no interface 'JSX.IntrinsicElements' exists.
components/ai-elements/open-in-chat.tsx(229,9): error TS7026: JSX element implicitly has type 'any' because no interface 'JSX.IntrinsicElements' exists.
components/ai-elements/open-in-chat.tsx(229,60): error TS7026: JSX element implicitly has type 'any' because no interface 'JSX.IntrinsicElements' exists.
components/ai-elements/open-in-chat.tsx(230,9): error TS7026: JSX element implicitly has type 'any' because no interface 'JSX.IntrinsicElements' exists.
components/ai-elements/open-in-chat.tsx(230,59): error TS7026: JSX element implicitly has type 'any' because no interface 'JSX.IntrinsicElements' exists.
components/ai-elements/open-in-chat.tsx(232,7): error TS7026: JSX element implicitly has type 'any' because no interface 'JSX.IntrinsicElements' exists.
components/ai-elements/open-in-chat.tsx(243,7): error TS7026: JSX element implicitly has type 'any' because no interface 'JSX.IntrinsicElements' exists.
components/ai-elements/open-in-chat.tsx(249,9): error TS7026: JSX element implicitly has type 'any' because no interface 'JSX.IntrinsicElements' exists.
components/ai-elements/open-in-chat.tsx(249,59): error TS7026: JSX element implicitly has type 'any' because no interface 'JSX.IntrinsicElements' exists.
components/ai-elements/open-in-chat.tsx(250,9): error TS7026: JSX element implicitly has type 'any' because no interface 'JSX.IntrinsicElements' exists.
components/ai-elements/open-in-chat.tsx(250,58): error TS7026: JSX element implicitly has type 'any' because no interface 'JSX.IntrinsicElements' exists.
components/ai-elements/open-in-chat.tsx(252,7): error TS7026: JSX element implicitly has type 'any' because no interface 'JSX.IntrinsicElements' exists.
components/ai-elements/open-in-chat.tsx(263,7): error TS7026: JSX element implicitly has type 'any' because no interface 'JSX.IntrinsicElements' exists.
components/ai-elements/open-in-chat.tsx(269,9): error TS7026: JSX element implicitly has type 'any' because no interface 'JSX.IntrinsicElements' exists.
components/ai-elements/open-in-chat.tsx(269,55): error TS7026: JSX element implicitly has type 'any' because no interface 'JSX.IntrinsicElements' exists.
components/ai-elements/open-in-chat.tsx(270,9): error TS7026: JSX element implicitly has type 'any' because no interface 'JSX.IntrinsicElements' exists.
components/ai-elements/open-in-chat.tsx(270,54): error TS7026: JSX element implicitly has type 'any' because no interface 'JSX.IntrinsicElements' exists.
components/ai-elements/open-in-chat.tsx(272,7): error TS7026: JSX element implicitly has type 'any' because no interface 'JSX.IntrinsicElements' exists.
components/ai-elements/open-in-chat.tsx(283,7): error TS7026: JSX element implicitly has type 'any' because no interface 'JSX.IntrinsicElements' exists.
components/ai-elements/open-in-chat.tsx(289,9): error TS7026: JSX element implicitly has type 'any' because no interface 'JSX.IntrinsicElements' exists.
components/ai-elements/open-in-chat.tsx(289,58): error TS7026: JSX element implicitly has type 'any' because no interface 'JSX.IntrinsicElements' exists.
components/ai-elements/open-in-chat.tsx(290,9): error TS7026: JSX element implicitly has type 'any' because no interface 'JSX.IntrinsicElements' exists.
components/ai-elements/open-in-chat.tsx(290,57): error TS7026: JSX element implicitly has type 'any' because no interface 'JSX.IntrinsicElements' exists.
components/ai-elements/open-in-chat.tsx(292,7): error TS7026: JSX element implicitly has type 'any' because no interface 'JSX.IntrinsicElements' exists.
components/ai-elements/open-in-chat.tsx(303,7): error TS7026: JSX element implicitly has type 'any' because no interface 'JSX.IntrinsicElements' exists.
components/ai-elements/open-in-chat.tsx(309,9): error TS7026: JSX element implicitly has type 'any' because no interface 'JSX.IntrinsicElements' exists.
components/ai-elements/open-in-chat.tsx(309,55): error TS7026: JSX element implicitly has type 'any' because no interface 'JSX.IntrinsicElements' exists.
components/ai-elements/open-in-chat.tsx(310,9): error TS7026: JSX element implicitly has type 'any' because no interface 'JSX.IntrinsicElements' exists.
components/ai-elements/open-in-chat.tsx(310,54): error TS7026: JSX element implicitly has type 'any' because no interface 'JSX.IntrinsicElements' exists.
components/ai-elements/open-in-chat.tsx(312,7): error TS7026: JSX element implicitly has type 'any' because no interface 'JSX.IntrinsicElements' exists.
components/ai-elements/open-in-chat.tsx(323,7): error TS7026: JSX element implicitly has type 'any' because no interface 'JSX.IntrinsicElements' exists.
components/ai-elements/open-in-chat.tsx(329,9): error TS7026: JSX element implicitly has type 'any' because no interface 'JSX.IntrinsicElements' exists.
components/ai-elements/open-in-chat.tsx(329,59): error TS7026: JSX element implicitly has type 'any' because no interface 'JSX.IntrinsicElements' exists.
components/ai-elements/open-in-chat.tsx(330,9): error TS7026: JSX element implicitly has type 'any' because no interface 'JSX.IntrinsicElements' exists.
components/ai-elements/open-in-chat.tsx(330,58): error TS7026: JSX element implicitly has type 'any' because no interface 'JSX.IntrinsicElements' exists.
components/ai-elements/open-in-chat.tsx(332,7): error TS7026: JSX element implicitly has type 'any' because no interface 'JSX.IntrinsicElements' exists.
components/ai-elements/panel.tsx(2,41): error TS2307: Cannot find module '@xyflow/react' or its corresponding type declarations.
components/ai-elements/panel.tsx(3,37): error TS2307: Cannot find module 'react' or its corresponding type declarations.
components/ai-elements/panel.tsx(8,3): error TS2875: This JSX tag requires the module path 'react/jsx-runtime' to exist, but none could be found. Make sure you have types for the appropriate package installed.
components/ai-elements/plan.tsx(15,36): error TS2307: Cannot find module 'lucide-react' or its corresponding type declarations.
components/ai-elements/plan.tsx(16,37): error TS2307: Cannot find module 'react' or its corresponding type declarations.
components/ai-elements/plan.tsx(17,43): error TS2307: Cannot find module 'react' or its corresponding type declarations.
components/ai-elements/plan.tsx(39,3): error TS2875: This JSX tag requires the module path 'react/jsx-runtime' to exist, but none could be found. Make sure you have types for the appropriate package installed.
components/ai-elements/plan.tsx(120,7): error TS7026: JSX element implicitly has type 'any' because no interface 'JSX.IntrinsicElements' exists.
components/ai-elements/plan.tsx(120,44): error TS7026: JSX element implicitly has type 'any' because no interface 'JSX.IntrinsicElements' exists.
components/ai-elements/prompt-input.tsx(35,45): error TS2307: Cannot find module 'ai' or its corresponding type declarations.
components/ai-elements/prompt-input.tsx(47,8): error TS2307: Cannot find module 'lucide-react' or its corresponding type declarations.
components/ai-elements/prompt-input.tsx(48,24): error TS2307: Cannot find module 'nanoid' or its corresponding type declarations.
components/ai-elements/prompt-input.tsx(70,8): error TS2307: Cannot find module 'react' or its corresponding type declarations.
components/ai-elements/prompt-input.tsx(153,25): error TS7006: Parameter 'prev' implicitly has an 'any' type.
components/ai-elements/prompt-input.tsx(167,25): error TS7006: Parameter 'prev' implicitly has an 'any' type.
components/ai-elements/prompt-input.tsx(168,32): error TS7006: Parameter 'f' implicitly has an 'any' type.
components/ai-elements/prompt-input.tsx(172,27): error TS7006: Parameter 'f' implicitly has an 'any' type.
components/ai-elements/prompt-input.tsx(177,25): error TS7006: Parameter 'prev' implicitly has an 'any' type.
components/ai-elements/prompt-input.tsx(242,5): error TS2875: This JSX tag requires the module path 'react/jsx-runtime' to exist, but none could be found. Make sure you have types for the appropriate package installed.
components/ai-elements/prompt-input.tsx(287,9): error TS7026: JSX element implicitly has type 'any' because no interface 'JSX.IntrinsicElements' exists.
components/ai-elements/prompt-input.tsx(295,11): error TS7026: JSX element implicitly has type 'any' because no interface 'JSX.IntrinsicElements' exists.
components/ai-elements/prompt-input.tsx(296,13): error TS7026: JSX element implicitly has type 'any' because no interface 'JSX.IntrinsicElements' exists.
components/ai-elements/prompt-input.tsx(298,17): error TS7026: JSX element implicitly has type 'any' because no interface 'JSX.IntrinsicElements' exists.
components/ai-elements/prompt-input.tsx(306,17): error TS7026: JSX element implicitly has type 'any' because no interface 'JSX.IntrinsicElements' exists.
components/ai-elements/prompt-input.tsx(308,17): error TS7026: JSX element implicitly has type 'any' because no interface 'JSX.IntrinsicElements' exists.
components/ai-elements/prompt-input.tsx(310,13): error TS7026: JSX element implicitly has type 'any' because no interface 'JSX.IntrinsicElements' exists.
components/ai-elements/prompt-input.tsx(314,25): error TS7006: Parameter 'e' implicitly has an 'any' type.
components/ai-elements/prompt-input.tsx(322,15): error TS7026: JSX element implicitly has type 'any' because no interface 'JSX.IntrinsicElements' exists.
components/ai-elements/prompt-input.tsx(322,47): error TS7026: JSX element implicitly has type 'any' because no interface 'JSX.IntrinsicElements' exists.
components/ai-elements/prompt-input.tsx(324,11): error TS7026: JSX element implicitly has type 'any' because no interface 'JSX.IntrinsicElements' exists.
components/ai-elements/prompt-input.tsx(326,11): error TS7026: JSX element implicitly has type 'any' because no interface 'JSX.IntrinsicElements' exists.
components/ai-elements/prompt-input.tsx(326,62): error TS7026: JSX element implicitly has type 'any' because no interface 'JSX.IntrinsicElements' exists.
components/ai-elements/prompt-input.tsx(327,9): error TS7026: JSX element implicitly has type 'any' because no interface 'JSX.IntrinsicElements' exists.
components/ai-elements/prompt-input.tsx(330,9): error TS7026: JSX element implicitly has type 'any' because no interface 'JSX.IntrinsicElements' exists.
components/ai-elements/prompt-input.tsx(332,13): error TS7026: JSX element implicitly has type 'any' because no interface 'JSX.IntrinsicElements' exists.
components/ai-elements/prompt-input.tsx(333,15): error TS7026: JSX element implicitly has type 'any' because no interface 'JSX.IntrinsicElements' exists.
components/ai-elements/prompt-input.tsx(340,13): error TS7026: JSX element implicitly has type 'any' because no interface 'JSX.IntrinsicElements' exists.
components/ai-elements/prompt-input.tsx(342,11): error TS7026: JSX element implicitly has type 'any' because no interface 'JSX.IntrinsicElements' exists.
components/ai-elements/prompt-input.tsx(343,13): error TS7026: JSX element implicitly has type 'any' because no interface 'JSX.IntrinsicElements' exists.
components/ai-elements/prompt-input.tsx(344,15): error TS7026: JSX element implicitly has type 'any' because no interface 'JSX.IntrinsicElements' exists.
components/ai-elements/prompt-input.tsx(346,15): error TS7026: JSX element implicitly has type 'any' because no interface 'JSX.IntrinsicElements' exists.
components/ai-elements/prompt-input.tsx(348,17): error TS7026: JSX element implicitly has type 'any' because no interface 'JSX.IntrinsicElements' exists.
components/ai-elements/prompt-input.tsx(348,97): error TS7026: JSX element implicitly has type 'any' because no interface 'JSX.IntrinsicElements' exists.
components/ai-elements/prompt-input.tsx(350,13): error TS7026: JSX element implicitly has type 'any' because no interface 'JSX.IntrinsicElements' exists.
components/ai-elements/prompt-input.tsx(351,11): error TS7026: JSX element implicitly has type 'any' because no interface 'JSX.IntrinsicElements' exists.
components/ai-elements/prompt-input.tsx(352,9): error TS7026: JSX element implicitly has type 'any' because no interface 'JSX.IntrinsicElements' exists.
components/ai-elements/prompt-input.tsx(374,5): error TS7026: JSX element implicitly has type 'any' because no interface 'JSX.IntrinsicElements' exists.
components/ai-elements/prompt-input.tsx(375,31): error TS7006: Parameter 'file' implicitly has an 'any' type.
components/ai-elements/prompt-input.tsx(378,5): error TS7026: JSX element implicitly has type 'any' because no interface 'JSX.IntrinsicElements' exists.
components/ai-elements/prompt-input.tsx(395,18): error TS7006: Parameter 'e' implicitly has an 'any' type.
components/ai-elements/prompt-input.tsx(505,17): error TS7006: Parameter 'prev' implicitly has an 'any' type.
components/ai-elements/prompt-input.tsx(533,17): error TS7006: Parameter 'prev' implicitly has an 'any' type.
components/ai-elements/prompt-input.tsx(534,34): error TS7006: Parameter 'file' implicitly has an 'any' type.
components/ai-elements/prompt-input.tsx(538,29): error TS7006: Parameter 'file' implicitly has an 'any' type.
components/ai-elements/prompt-input.tsx(545,17): error TS7006: Parameter 'prev' implicitly has an 'any' type.
components/ai-elements/prompt-input.tsx(640,63): error TS7006: Parameter 'event' implicitly has an 'any' type.
components/ai-elements/prompt-input.tsx(665,25): error TS7006: Parameter 'item' implicitly has an 'any' type.
components/ai-elements/prompt-input.tsx(675,60): error TS7006: Parameter 'event' implicitly has an 'any' type.
components/ai-elements/prompt-input.tsx(694,30): error TS7031: Binding element '_id' implicitly has an 'any' type.
components/ai-elements/prompt-input.tsx(741,7): error TS7026: JSX element implicitly has type 'any' because no interface 'JSX.IntrinsicElements' exists.
components/ai-elements/prompt-input.tsx(751,7): error TS7026: JSX element implicitly has type 'any' because no interface 'JSX.IntrinsicElements' exists.
components/ai-elements/prompt-input.tsx(753,7): error TS7026: JSX element implicitly has type 'any' because no interface 'JSX.IntrinsicElements' exists.
components/ai-elements/prompt-input.tsx(767,3): error TS7026: JSX element implicitly has type 'any' because no interface 'JSX.IntrinsicElements' exists.
components/ai-elements/prompt-input.tsx(782,69): error TS7006: Parameter 'e' implicitly has an 'any' type.
components/ai-elements/prompt-input.tsx(812,68): error TS7006: Parameter 'event' implicitly has an 'any' type.
components/ai-elements/prompt-input.tsx(886,3): error TS7026: JSX element implicitly has type 'any' because no interface 'JSX.IntrinsicElements' exists.
components/ai-elements/prompt-input.tsx(1196,3): error TS7026: JSX element implicitly has type 'any' because no interface 'JSX.IntrinsicElements' exists.
components/ai-elements/prompt-input.tsx(1202,3): error TS7026: JSX element implicitly has type 'any' because no interface 'JSX.IntrinsicElements' exists.
components/ai-elements/prompt-input.tsx(1208,3): error TS7026: JSX element implicitly has type 'any' because no interface 'JSX.IntrinsicElements' exists.
components/ai-elements/prompt-input.tsx(1214,3): error TS7026: JSX element implicitly has type 'any' because no interface 'JSX.IntrinsicElements' exists.
components/ai-elements/prompt-input.tsx(1220,3): error TS7026: JSX element implicitly has type 'any' because no interface 'JSX.IntrinsicElements' exists.
components/ai-elements/queue.tsx(7,48): error TS2307: Cannot find module 'lucide-react' or its corresponding type declarations.
components/ai-elements/queue.tsx(8,37): error TS2307: Cannot find module 'react' or its corresponding type declarations.
components/ai-elements/queue.tsx(33,3): error TS2875: This JSX tag requires the module path 'react/jsx-runtime' to exist, but none could be found. Make sure you have types for the appropriate package installed.
components/ai-elements/queue.tsx(33,3): error TS7026: JSX element implicitly has type 'any' because no interface 'JSX.IntrinsicElements' exists.
components/ai-elements/queue.tsx(51,3): error TS7026: JSX element implicitly has type 'any' because no interface 'JSX.IntrinsicElements' exists.
components/ai-elements/queue.tsx(72,3): error TS7026: JSX element implicitly has type 'any' because no interface 'JSX.IntrinsicElements' exists.
components/ai-elements/queue.tsx(91,3): error TS7026: JSX element implicitly has type 'any' because no interface 'JSX.IntrinsicElements' exists.
components/ai-elements/queue.tsx(104,3): error TS7026: JSX element implicitly has type 'any' because no interface 'JSX.IntrinsicElements' exists.
components/ai-elements/queue.tsx(125,3): error TS7026: JSX element implicitly has type 'any' because no interface 'JSX.IntrinsicElements' exists.
components/ai-elements/queue.tsx(131,3): error TS7026: JSX element implicitly has type 'any' because no interface 'JSX.IntrinsicElements' exists.
components/ai-elements/queue.tsx(143,3): error TS7026: JSX element implicitly has type 'any' because no interface 'JSX.IntrinsicElements' exists.
components/ai-elements/queue.tsx(148,5): error TS7026: JSX element implicitly has type 'any' because no interface 'JSX.IntrinsicElements' exists.
components/ai-elements/queue.tsx(148,56): error TS7026: JSX element implicitly has type 'any' because no interface 'JSX.IntrinsicElements' exists.
components/ai-elements/queue.tsx(149,3): error TS7026: JSX element implicitly has type 'any' because no interface 'JSX.IntrinsicElements' exists.
components/ai-elements/queue.tsx(156,5): error TS7026: JSX element implicitly has type 'any' because no interface 'JSX.IntrinsicElements' exists.
components/ai-elements/queue.tsx(157,7): error TS7026: JSX element implicitly has type 'any' because no interface 'JSX.IntrinsicElements' exists.
components/ai-elements/queue.tsx(157,21): error TS7026: JSX element implicitly has type 'any' because no interface 'JSX.IntrinsicElements' exists.
components/ai-elements/queue.tsx(158,5): error TS7026: JSX element implicitly has type 'any' because no interface 'JSX.IntrinsicElements' exists.
components/ai-elements/queue.tsx(178,5): error TS7026: JSX element implicitly has type 'any' because no interface 'JSX.IntrinsicElements' exists.
components/ai-elements/queue.tsx(187,5): error TS7026: JSX element implicitly has type 'any' because no interface 'JSX.IntrinsicElements' exists.
components/ai-elements/queue.tsx(195,10): error TS2503: Cannot find namespace 'React'.
components/ai-elements/queue.tsx(205,3): error TS7026: JSX element implicitly has type 'any' because no interface 'JSX.IntrinsicElements' exists.
components/ai-elements/queue.tsx(208,5): error TS7026: JSX element implicitly has type 'any' because no interface 'JSX.IntrinsicElements' exists.
components/ai-elements/queue.tsx(210,5): error TS7026: JSX element implicitly has type 'any' because no interface 'JSX.IntrinsicElements' exists.
components/ai-elements/queue.tsx(211,3): error TS7026: JSX element implicitly has type 'any' because no interface 'JSX.IntrinsicElements' exists.
components/ai-elements/queue.tsx(224,3): error TS7026: JSX element implicitly has type 'any' because no interface 'JSX.IntrinsicElements' exists.
components/ai-elements/reasoning.tsx(3,38): error TS2307: Cannot find module '@radix-ui/react-use-controllable-state' or its corresponding type declarations.
components/ai-elements/reasoning.tsx(6,44): error TS2307: Cannot find module 'lucide-react' or its corresponding type declarations.
components/ai-elements/reasoning.tsx(7,48): error TS2307: Cannot find module 'react' or its corresponding type declarations.
components/ai-elements/reasoning.tsx(8,70): error TS2307: Cannot find module 'react' or its corresponding type declarations.
components/ai-elements/reasoning.tsx(9,28): error TS2307: Cannot find module 'streamdown' or its corresponding type declarations.
components/ai-elements/reasoning.tsx(95,7): error TS2875: This JSX tag requires the module path 'react/jsx-runtime' to exist, but none could be found. Make sure you have types for the appropriate package installed.
components/ai-elements/reasoning.tsx(118,12): error TS7026: JSX element implicitly has type 'any' because no interface 'JSX.IntrinsicElements' exists.
components/ai-elements/reasoning.tsx(118,40): error TS7026: JSX element implicitly has type 'any' because no interface 'JSX.IntrinsicElements' exists.
components/ai-elements/reasoning.tsx(120,10): error TS7026: JSX element implicitly has type 'any' because no interface 'JSX.IntrinsicElements' exists.
components/ai-elements/reasoning.tsx(120,43): error TS7026: JSX element implicitly has type 'any' because no interface 'JSX.IntrinsicElements' exists.
components/ai-elements/shimmer.tsx(4,42): error TS2307: Cannot find module 'motion/react' or its corresponding type declarations.
components/ai-elements/shimmer.tsx(5,87): error TS2307: Cannot find module 'react' or its corresponding type declarations.
components/ai-elements/shimmer.tsx(7,28): error TS2503: Cannot find namespace 'React'.
components/ai-elements/shimmer.tsx(8,17): error TS2503: Cannot find namespace 'React'.
components/ai-elements/shimmer.tsx(8,66): error TS2503: Cannot find namespace 'React'.
components/ai-elements/shimmer.tsx(40,5): error TS2875: This JSX tag requires the module path 'react/jsx-runtime' to exist, but none could be found. Make sure you have types for the appropriate package installed.
components/ai-elements/sources.tsx(5,43): error TS2307: Cannot find module 'lucide-react' or its corresponding type declarations.
components/ai-elements/sources.tsx(6,37): error TS2307: Cannot find module 'react' or its corresponding type declarations.
components/ai-elements/sources.tsx(11,3): error TS2875: This JSX tag requires the module path 'react/jsx-runtime' to exist, but none could be found. Make sure you have types for the appropriate package installed.
components/ai-elements/sources.tsx(22,9): error TS7026: JSX element implicitly has type 'any' because no interface 'JSX.IntrinsicElements' exists.
components/ai-elements/sources.tsx(22,56): error TS7026: JSX element implicitly has type 'any' because no interface 'JSX.IntrinsicElements' exists.
components/ai-elements/sources.tsx(45,3): error TS7026: JSX element implicitly has type 'any' because no interface 'JSX.IntrinsicElements' exists.
components/ai-elements/sources.tsx(49,9): error TS7026: JSX element implicitly has type 'any' because no interface 'JSX.IntrinsicElements' exists.
components/ai-elements/sources.tsx(49,52): error TS7026: JSX element implicitly has type 'any' because no interface 'JSX.IntrinsicElements' exists.
components/ai-elements/sources.tsx(52,3): error TS7026: JSX element implicitly has type 'any' because no interface 'JSX.IntrinsicElements' exists.
components/ai-elements/suggestion.tsx(6,37): error TS2307: Cannot find module 'react' or its corresponding type declarations.
components/ai-elements/suggestion.tsx(11,3): error TS2875: This JSX tag requires the module path 'react/jsx-runtime' to exist, but none could be found. Make sure you have types for the appropriate package installed.
components/ai-elements/suggestion.tsx(12,5): error TS7026: JSX element implicitly has type 'any' because no interface 'JSX.IntrinsicElements' exists.
components/ai-elements/suggestion.tsx(12,91): error TS7026: JSX element implicitly has type 'any' because no interface 'JSX.IntrinsicElements' exists.
components/ai-elements/task.tsx(5,45): error TS2307: Cannot find module 'lucide-react' or its corresponding type declarations.
components/ai-elements/task.tsx(6,37): error TS2307: Cannot find module 'react' or its corresponding type declarations.
components/ai-elements/task.tsx(11,3): error TS7026: JSX element implicitly has type 'any' because no interface 'JSX.IntrinsicElements' exists.
components/ai-elements/task.tsx(11,3): error TS2875: This JSX tag requires the module path 'react/jsx-runtime' to exist, but none could be found. Make sure you have types for the appropriate package installed.
components/ai-elements/task.tsx(19,3): error TS7026: JSX element implicitly has type 'any' because no interface 'JSX.IntrinsicElements' exists.
components/ai-elements/task.tsx(25,3): error TS7026: JSX element implicitly has type 'any' because no interface 'JSX.IntrinsicElements' exists.
components/ai-elements/task.tsx(27,3): error TS7026: JSX element implicitly has type 'any' because no interface 'JSX.IntrinsicElements' exists.
components/ai-elements/task.tsx(43,7): error TS7026: JSX element implicitly has type 'any' because no interface 'JSX.IntrinsicElements' exists.
components/ai-elements/task.tsx(45,9): error TS7026: JSX element implicitly has type 'any' because no interface 'JSX.IntrinsicElements' exists.
components/ai-elements/task.tsx(45,39): error TS7026: JSX element implicitly has type 'any' because no interface 'JSX.IntrinsicElements' exists.
components/ai-elements/task.tsx(47,7): error TS7026: JSX element implicitly has type 'any' because no interface 'JSX.IntrinsicElements' exists.
components/ai-elements/task.tsx(62,5): error TS7026: JSX element implicitly has type 'any' because no interface 'JSX.IntrinsicElements' exists.
components/ai-elements/task.tsx(62,76): error TS7026: JSX element implicitly has type 'any' because no interface 'JSX.IntrinsicElements' exists.
components/ai-elements/tool.tsx(6,33): error TS2307: Cannot find module 'ai' or its corresponding type declarations.
components/ai-elements/tool.tsx(14,8): error TS2307: Cannot find module 'lucide-react' or its corresponding type declarations.
components/ai-elements/tool.tsx(15,48): error TS2307: Cannot find module 'react' or its corresponding type declarations.
components/ai-elements/tool.tsx(16,32): error TS2307: Cannot find module 'react' or its corresponding type declarations.
components/ai-elements/tool.tsx(22,3): error TS2875: This JSX tag requires the module path 'react/jsx-runtime' to exist, but none could be found. Make sure you have types for the appropriate package installed.
components/ai-elements/tool.tsx(66,5): error TS7026: JSX element implicitly has type 'any' because no interface 'JSX.IntrinsicElements' exists.
components/ai-elements/tool.tsx(68,7): error TS7026: JSX element implicitly has type 'any' because no interface 'JSX.IntrinsicElements' exists.
components/ai-elements/tool.tsx(68,90): error TS7026: JSX element implicitly has type 'any' because no interface 'JSX.IntrinsicElements' exists.
components/ai-elements/tool.tsx(70,5): error TS7026: JSX element implicitly has type 'any' because no interface 'JSX.IntrinsicElements' exists.
components/ai-elements/tool.tsx(92,3): error TS7026: JSX element implicitly has type 'any' because no interface 'JSX.IntrinsicElements' exists.
components/ai-elements/tool.tsx(93,5): error TS7026: JSX element implicitly has type 'any' because no interface 'JSX.IntrinsicElements' exists.
components/ai-elements/tool.tsx(95,5): error TS7026: JSX element implicitly has type 'any' because no interface 'JSX.IntrinsicElements' exists.
components/ai-elements/tool.tsx(96,5): error TS7026: JSX element implicitly has type 'any' because no interface 'JSX.IntrinsicElements' exists.
components/ai-elements/tool.tsx(98,5): error TS7026: JSX element implicitly has type 'any' because no interface 'JSX.IntrinsicElements' exists.
components/ai-elements/tool.tsx(99,3): error TS7026: JSX element implicitly has type 'any' because no interface 'JSX.IntrinsicElements' exists.
components/ai-elements/tool.tsx(112,16): error TS7026: JSX element implicitly has type 'any' because no interface 'JSX.IntrinsicElements' exists.
components/ai-elements/tool.tsx(112,42): error TS7026: JSX element implicitly has type 'any' because no interface 'JSX.IntrinsicElements' exists.
components/ai-elements/tool.tsx(121,5): error TS7026: JSX element implicitly has type 'any' because no interface 'JSX.IntrinsicElements' exists.
components/ai-elements/tool.tsx(122,7): error TS7026: JSX element implicitly has type 'any' because no interface 'JSX.IntrinsicElements' exists.
components/ai-elements/tool.tsx(124,7): error TS7026: JSX element implicitly has type 'any' because no interface 'JSX.IntrinsicElements' exists.
components/ai-elements/tool.tsx(125,7): error TS7026: JSX element implicitly has type 'any' because no interface 'JSX.IntrinsicElements' exists.
components/ai-elements/tool.tsx(131,23): error TS7026: JSX element implicitly has type 'any' because no interface 'JSX.IntrinsicElements' exists.
components/ai-elements/tool.tsx(131,39): error TS7026: JSX element implicitly has type 'any' because no interface 'JSX.IntrinsicElements' exists.
components/ai-elements/tool.tsx(133,7): error TS7026: JSX element implicitly has type 'any' because no interface 'JSX.IntrinsicElements' exists.
components/ai-elements/tool.tsx(134,5): error TS7026: JSX element implicitly has type 'any' because no interface 'JSX.IntrinsicElements' exists.
components/ai-elements/toolbar.tsx(2,39): error TS2307: Cannot find module '@xyflow/react' or its corresponding type declarations.
components/ai-elements/toolbar.tsx(3,37): error TS2307: Cannot find module 'react' or its corresponding type declarations.
components/ai-elements/toolbar.tsx(8,3): error TS2875: This JSX tag requires the module path 'react/jsx-runtime' to exist, but none could be found. Make sure you have types for the appropriate package installed.
components/ai-elements/web-preview.tsx(8,33): error TS2307: Cannot find module 'lucide-react' or its corresponding type declarations.
components/ai-elements/web-preview.tsx(9,48): error TS2307: Cannot find module 'react' or its corresponding type declarations.
components/ai-elements/web-preview.tsx(10,64): error TS2307: Cannot find module 'react' or its corresponding type declarations.
components/ai-elements/web-preview.tsx(57,5): error TS2875: This JSX tag requires the module path 'react/jsx-runtime' to exist, but none could be found. Make sure you have types for the appropriate package installed.
components/ai-elements/web-preview.tsx(58,7): error TS7026: JSX element implicitly has type 'any' because no interface 'JSX.IntrinsicElements' exists.
components/ai-elements/web-preview.tsx(63,7): error TS7026: JSX element implicitly has type 'any' because no interface 'JSX.IntrinsicElements' exists.
components/ai-elements/web-preview.tsx(75,3): error TS7026: JSX element implicitly has type 'any' because no interface 'JSX.IntrinsicElements' exists.
components/ai-elements/web-preview.tsx(77,3): error TS7026: JSX element implicitly has type 'any' because no interface 'JSX.IntrinsicElements' exists.
components/ai-elements/web-preview.tsx(106,9): error TS7026: JSX element implicitly has type 'any' because no interface 'JSX.IntrinsicElements' exists.
components/ai-elements/web-preview.tsx(106,21): error TS7026: JSX element implicitly has type 'any' because no interface 'JSX.IntrinsicElements' exists.
components/ai-elements/web-preview.tsx(123,32): error TS2503: Cannot find namespace 'React'.
components/ai-elements/web-preview.tsx(128,33): error TS2503: Cannot find namespace 'React'.
components/ai-elements/web-preview.tsx(156,5): error TS7026: JSX element implicitly has type 'any' because no interface 'JSX.IntrinsicElements' exists.
components/ai-elements/web-preview.tsx(157,7): error TS7026: JSX element implicitly has type 'any' because no interface 'JSX.IntrinsicElements' exists.
components/ai-elements/web-preview.tsx(165,5): error TS7026: JSX element implicitly has type 'any' because no interface 'JSX.IntrinsicElements' exists.
components/ai-elements/web-preview.tsx(209,9): error TS7026: JSX element implicitly has type 'any' because no interface 'JSX.IntrinsicElements' exists.
components/ai-elements/web-preview.tsx(211,13): error TS7026: JSX element implicitly has type 'any' because no interface 'JSX.IntrinsicElements' exists.
components/ai-elements/web-preview.tsx(211,67): error TS7026: JSX element implicitly has type 'any' because no interface 'JSX.IntrinsicElements' exists.
components/ai-elements/web-preview.tsx(213,23): error TS7006: Parameter 'log' implicitly has an 'any' type.
components/ai-elements/web-preview.tsx(213,28): error TS7006: Parameter 'index' implicitly has an 'any' type.
components/ai-elements/web-preview.tsx(214,15): error TS7026: JSX element implicitly has type 'any' because no interface 'JSX.IntrinsicElements' exists.
components/ai-elements/web-preview.tsx(223,17): error TS7026: JSX element implicitly has type 'any' because no interface 'JSX.IntrinsicElements' exists.
components/ai-elements/web-preview.tsx(223,93): error TS7026: JSX element implicitly has type 'any' because no interface 'JSX.IntrinsicElements' exists.
components/ai-elements/web-preview.tsx(225,15): error TS7026: JSX element implicitly has type 'any' because no interface 'JSX.IntrinsicElements' exists.
components/ai-elements/web-preview.tsx(229,9): error TS7026: JSX element implicitly has type 'any' because no interface 'JSX.IntrinsicElements' exists.
components/audio/speech-button.tsx(3,48): error TS2307: Cannot find module 'react' or its corresponding type declarations.
components/audio/speech-button.tsx(4,30): error TS2307: Cannot find module 'lucide-react' or its corresponding type declarations.
components/audio/speech-button.tsx(9,23): error TS2307: Cannot find module 'sonner' or its corresponding type declarations.
components/audio/speech-button.tsx(61,5): error TS2875: This JSX tag requires the module path 'react/jsx-runtime' to exist, but none could be found. Make sure you have types for the appropriate package installed.
components/audio/speech-button.tsx(63,9): error TS7026: JSX element implicitly has type 'any' because no interface 'JSX.IntrinsicElements' exists.
components/audio/speech-button.tsx(79,13): error TS7026: JSX element implicitly has type 'any' because no interface 'JSX.IntrinsicElements' exists.
components/audio/speech-button.tsx(91,13): error TS7026: JSX element implicitly has type 'any' because no interface 'JSX.IntrinsicElements' exists.
components/audio/speech-button.tsx(93,17): error TS7026: JSX element implicitly has type 'any' because no interface 'JSX.IntrinsicElements' exists.
components/audio/speech-button.tsx(103,13): error TS7026: JSX element implicitly has type 'any' because no interface 'JSX.IntrinsicElements' exists.
components/audio/speech-button.tsx(109,11): error TS7026: JSX element implicitly has type 'any' because no interface 'JSX.IntrinsicElements' exists.
components/audio/speech-button.tsx(129,13): error TS7026: JSX element implicitly has type 'any' because no interface 'JSX.IntrinsicElements' exists.
components/audio/speech-button.tsx(130,9): error TS7026: JSX element implicitly has type 'any' because no interface 'JSX.IntrinsicElements' exists.
components/audio/tts-config-popover.tsx(3,48): error TS2307: Cannot find module 'react' or its corresponding type declarations.
components/audio/tts-config-popover.tsx(4,40): error TS2307: Cannot find module 'lucide-react' or its corresponding type declarations.
components/audio/tts-config-popover.tsx(5,23): error TS2307: Cannot find module 'sonner' or its corresponding type declarations.
components/audio/tts-config-popover.tsx(36,40): error TS7006: Parameter 's' implicitly has an 'any' type.
components/audio/tts-config-popover.tsx(37,43): error TS7006: Parameter 's' implicitly has an 'any' type.
components/audio/tts-config-popover.tsx(38,43): error TS7006: Parameter 's' implicitly has an 'any' type.
components/audio/tts-config-popover.tsx(39,38): error TS7006: Parameter 's' implicitly has an 'any' type.
components/audio/tts-config-popover.tsx(40,38): error TS7006: Parameter 's' implicitly has an 'any' type.
components/audio/tts-config-popover.tsx(41,48): error TS7006: Parameter 's' implicitly has an 'any' type.
components/audio/tts-config-popover.tsx(42,41): error TS7006: Parameter 's' implicitly has an 'any' type.
components/audio/tts-config-popover.tsx(100,5): error TS2875: This JSX tag requires the module path 'react/jsx-runtime' to exist, but none could be found. Make sure you have types for the appropriate package installed.
components/audio/tts-config-popover.tsx(104,13): error TS7026: JSX element implicitly has type 'any' because no interface 'JSX.IntrinsicElements' exists.
components/audio/tts-config-popover.tsx(114,17): error TS7026: JSX element implicitly has type 'any' because no interface 'JSX.IntrinsicElements' exists.
components/audio/tts-config-popover.tsx(115,42): error TS7006: Parameter 'v' implicitly has an 'any' type.
components/audio/tts-config-popover.tsx(116,17): error TS7026: JSX element implicitly has type 'any' because no interface 'JSX.IntrinsicElements' exists.
components/audio/tts-config-popover.tsx(118,13): error TS7026: JSX element implicitly has type 'any' because no interface 'JSX.IntrinsicElements' exists.
components/audio/tts-config-popover.tsx(125,9): error TS7026: JSX element implicitly has type 'any' because no interface 'JSX.IntrinsicElements' exists.
components/audio/tts-config-popover.tsx(132,11): error TS7026: JSX element implicitly has type 'any' because no interface 'JSX.IntrinsicElements' exists.
components/audio/tts-config-popover.tsx(136,11): error TS7026: JSX element implicitly has type 'any' because no interface 'JSX.IntrinsicElements' exists.
components/audio/tts-config-popover.tsx(142,9): error TS7026: JSX element implicitly has type 'any' because no interface 'JSX.IntrinsicElements' exists.
components/audio/tts-config-popover.tsx(146,11): error TS7026: JSX element implicitly has type 'any' because no interface 'JSX.IntrinsicElements' exists.
components/audio/tts-config-popover.tsx(148,13): error TS7026: JSX element implicitly has type 'any' because no interface 'JSX.IntrinsicElements' exists.
components/audio/tts-config-popover.tsx(154,41): error TS7006: Parameter 'v' implicitly has an 'any' type.
components/audio/tts-config-popover.tsx(161,15): error TS7026: JSX element implicitly has type 'any' because no interface 'JSX.IntrinsicElements' exists.
components/audio/tts-config-popover.tsx(176,15): error TS7026: JSX element implicitly has type 'any' because no interface 'JSX.IntrinsicElements' exists.
components/audio/tts-config-popover.tsx(177,13): error TS7026: JSX element implicitly has type 'any' because no interface 'JSX.IntrinsicElements' exists.
components/audio/tts-config-popover.tsx(178,11): error TS7026: JSX element implicitly has type 'any' because no interface 'JSX.IntrinsicElements' exists.
components/canvas/canvas-area.tsx(3,29): error TS2307: Cannot find module 'react' or its corresponding type declarations.
components/canvas/canvas-area.tsx(4,41): error TS2307: Cannot find module 'motion/react' or its corresponding type declarations.
components/canvas/canvas-area.tsx(5,22): error TS2307: Cannot find module 'lucide-react' or its corresponding type declarations.
components/canvas/canvas-area.tsx(62,9): error TS2503: Cannot find namespace 'React'.
components/canvas/canvas-area.tsx(86,5): error TS7026: JSX element implicitly has type 'any' because no interface 'JSX.IntrinsicElements' exists.
components/canvas/canvas-area.tsx(86,5): error TS2875: This JSX tag requires the module path 'react/jsx-runtime' to exist, but none could be found. Make sure you have types for the appropriate package installed.
components/canvas/canvas-area.tsx(88,7): error TS7026: JSX element implicitly has type 'any' because no interface 'JSX.IntrinsicElements' exists.
components/canvas/canvas-area.tsx(96,9): error TS7026: JSX element implicitly has type 'any' because no interface 'JSX.IntrinsicElements' exists.
components/canvas/canvas-area.tsx(107,11): error TS7026: JSX element implicitly has type 'any' because no interface 'JSX.IntrinsicElements' exists.
components/canvas/canvas-area.tsx(111,11): error TS7026: JSX element implicitly has type 'any' because no interface 'JSX.IntrinsicElements' exists.
components/canvas/canvas-area.tsx(115,13): error TS7026: JSX element implicitly has type 'any' because no interface 'JSX.IntrinsicElements' exists.
components/canvas/canvas-area.tsx(119,13): error TS7026: JSX element implicitly has type 'any' because no interface 'JSX.IntrinsicElements' exists.
components/canvas/canvas-area.tsx(145,19): error TS7026: JSX element implicitly has type 'any' because no interface 'JSX.IntrinsicElements' exists.
components/canvas/canvas-area.tsx(146,21): error TS7026: JSX element implicitly has type 'any' because no interface 'JSX.IntrinsicElements' exists.
components/canvas/canvas-area.tsx(147,23): error TS7026: JSX element implicitly has type 'any' because no interface 'JSX.IntrinsicElements' exists.
components/canvas/canvas-area.tsx(154,25): error TS7026: JSX element implicitly has type 'any' because no interface 'JSX.IntrinsicElements' exists.
components/canvas/canvas-area.tsx(159,23): error TS7026: JSX element implicitly has type 'any' because no interface 'JSX.IntrinsicElements' exists.
components/canvas/canvas-area.tsx(160,21): error TS7026: JSX element implicitly has type 'any' because no interface 'JSX.IntrinsicElements' exists.
components/canvas/canvas-area.tsx(161,21): error TS7026: JSX element implicitly has type 'any' because no interface 'JSX.IntrinsicElements' exists.
components/canvas/canvas-area.tsx(163,21): error TS7026: JSX element implicitly has type 'any' because no interface 'JSX.IntrinsicElements' exists.
components/canvas/canvas-area.tsx(165,23): error TS7026: JSX element implicitly has type 'any' because no interface 'JSX.IntrinsicElements' exists.
components/canvas/canvas-area.tsx(170,23): error TS7026: JSX element implicitly has type 'any' because no interface 'JSX.IntrinsicElements' exists.
components/canvas/canvas-area.tsx(172,19): error TS7026: JSX element implicitly has type 'any' because no interface 'JSX.IntrinsicElements' exists.
components/canvas/canvas-area.tsx(174,19): error TS7026: JSX element implicitly has type 'any' because no interface 'JSX.IntrinsicElements' exists.
components/canvas/canvas-area.tsx(176,21): error TS7026: JSX element implicitly has type 'any' because no interface 'JSX.IntrinsicElements' exists.
components/canvas/canvas-area.tsx(177,23): error TS7026: JSX element implicitly has type 'any' because no interface 'JSX.IntrinsicElements' exists.
components/canvas/canvas-area.tsx(178,23): error TS7026: JSX element implicitly has type 'any' because no interface 'JSX.IntrinsicElements' exists.
components/canvas/canvas-area.tsx(179,21): error TS7026: JSX element implicitly has type 'any' because no interface 'JSX.IntrinsicElements' exists.
components/canvas/canvas-area.tsx(189,19): error TS7026: JSX element implicitly has type 'any' because no interface 'JSX.IntrinsicElements' exists.
components/canvas/canvas-area.tsx(197,13): error TS7026: JSX element implicitly has type 'any' because no interface 'JSX.IntrinsicElements' exists.
components/canvas/canvas-area.tsx(199,13): error TS7026: JSX element implicitly has type 'any' because no interface 'JSX.IntrinsicElements' exists.
components/canvas/canvas-area.tsx(215,29): error TS7006: Parameter 'e' implicitly has an 'any' type.
components/canvas/canvas-area.tsx(242,9): error TS7026: JSX element implicitly has type 'any' because no interface 'JSX.IntrinsicElements' exists.
components/canvas/canvas-area.tsx(243,7): error TS7026: JSX element implicitly has type 'any' because no interface 'JSX.IntrinsicElements' exists.
components/canvas/canvas-area.tsx(272,5): error TS7026: JSX element implicitly has type 'any' because no interface 'JSX.IntrinsicElements' exists.
components/canvas/canvas-toolbar.tsx(3,58): error TS2307: Cannot find module 'react' or its corresponding type declarations.
components/canvas/canvas-toolbar.tsx(18,8): error TS2307: Cannot find module 'lucide-react' or its corresponding type declarations.
components/canvas/canvas-toolbar.tsx(64,10): error TS2875: This JSX tag requires the module path 'react/jsx-runtime' to exist, but none could be found. Make sure you have types for the appropriate package installed.
components/canvas/canvas-toolbar.tsx(64,10): error TS7026: JSX element implicitly has type 'any' because no interface 'JSX.IntrinsicElements' exists.
components/canvas/canvas-toolbar.tsx(118,6): error TS7006: Parameter 's' implicitly has an 'any' type.
components/canvas/canvas-toolbar.tsx(143,5): error TS7026: JSX element implicitly has type 'any' because no interface 'JSX.IntrinsicElements' exists.
components/canvas/canvas-toolbar.tsx(145,7): error TS7026: JSX element implicitly has type 'any' because no interface 'JSX.IntrinsicElements' exists.
components/canvas/canvas-toolbar.tsx(147,11): error TS7026: JSX element implicitly has type 'any' because no interface 'JSX.IntrinsicElements' exists.
components/canvas/canvas-toolbar.tsx(159,11): error TS7026: JSX element implicitly has type 'any' because no interface 'JSX.IntrinsicElements' exists.
components/canvas/canvas-toolbar.tsx(161,9): error TS7026: JSX element implicitly has type 'any' because no interface 'JSX.IntrinsicElements' exists.
components/canvas/canvas-toolbar.tsx(163,11): error TS7026: JSX element implicitly has type 'any' because no interface 'JSX.IntrinsicElements' exists.
components/canvas/canvas-toolbar.tsx(163,47): error TS7026: JSX element implicitly has type 'any' because no interface 'JSX.IntrinsicElements' exists.
components/canvas/canvas-toolbar.tsx(165,9): error TS7026: JSX element implicitly has type 'any' because no interface 'JSX.IntrinsicElements' exists.
components/canvas/canvas-toolbar.tsx(166,7): error TS7026: JSX element implicitly has type 'any' because no interface 'JSX.IntrinsicElements' exists.
components/canvas/canvas-toolbar.tsx(171,7): error TS7026: JSX element implicitly has type 'any' because no interface 'JSX.IntrinsicElements' exists.
components/canvas/canvas-toolbar.tsx(172,9): error TS7026: JSX element implicitly has type 'any' because no interface 'JSX.IntrinsicElements' exists.
components/canvas/canvas-toolbar.tsx(182,13): error TS7026: JSX element implicitly has type 'any' because no interface 'JSX.IntrinsicElements' exists.
components/canvas/canvas-toolbar.tsx(188,15): error TS7026: JSX element implicitly has type 'any' because no interface 'JSX.IntrinsicElements' exists.
components/canvas/canvas-toolbar.tsx(203,15): error TS7026: JSX element implicitly has type 'any' because no interface 'JSX.IntrinsicElements' exists.
components/canvas/canvas-toolbar.tsx(206,15): error TS7026: JSX element implicitly has type 'any' because no interface 'JSX.IntrinsicElements' exists.
components/canvas/canvas-toolbar.tsx(213,17): error TS7026: JSX element implicitly has type 'any' because no interface 'JSX.IntrinsicElements' exists.
components/canvas/canvas-toolbar.tsx(214,19): error TS7026: JSX element implicitly has type 'any' because no interface 'JSX.IntrinsicElements' exists.
components/canvas/canvas-toolbar.tsx(216,19): error TS7026: JSX element implicitly has type 'any' because no interface 'JSX.IntrinsicElements' exists.
components/canvas/canvas-toolbar.tsx(217,19): error TS7026: JSX element implicitly has type 'any' because no interface 'JSX.IntrinsicElements' exists.
components/canvas/canvas-toolbar.tsx(223,32): error TS7006: Parameter 'e' implicitly has an 'any' type.
components/canvas/canvas-toolbar.tsx(240,17): error TS7026: JSX element implicitly has type 'any' because no interface 'JSX.IntrinsicElements' exists.
components/canvas/canvas-toolbar.tsx(242,17): error TS7026: JSX element implicitly has type 'any' because no interface 'JSX.IntrinsicElements' exists.
components/canvas/canvas-toolbar.tsx(243,15): error TS7026: JSX element implicitly has type 'any' because no interface 'JSX.IntrinsicElements' exists.
components/canvas/canvas-toolbar.tsx(244,13): error TS7026: JSX element implicitly has type 'any' because no interface 'JSX.IntrinsicElements' exists.
components/canvas/canvas-toolbar.tsx(252,19): error TS7026: JSX element implicitly has type 'any' because no interface 'JSX.IntrinsicElements' exists.
components/canvas/canvas-toolbar.tsx(266,19): error TS7026: JSX element implicitly has type 'any' because no interface 'JSX.IntrinsicElements' exists.
components/canvas/canvas-toolbar.tsx(279,13): error TS7026: JSX element implicitly has type 'any' because no interface 'JSX.IntrinsicElements' exists.
components/canvas/canvas-toolbar.tsx(289,13): error TS7026: JSX element implicitly has type 'any' because no interface 'JSX.IntrinsicElements' exists.
components/canvas/canvas-toolbar.tsx(294,13): error TS7026: JSX element implicitly has type 'any' because no interface 'JSX.IntrinsicElements' exists.
components/canvas/canvas-toolbar.tsx(295,25): error TS7006: Parameter 'e' implicitly has an 'any' type.
components/canvas/canvas-toolbar.tsx(307,15): error TS7026: JSX element implicitly has type 'any' because no interface 'JSX.IntrinsicElements' exists.
components/canvas/canvas-toolbar.tsx(308,17): error TS7026: JSX element implicitly has type 'any' because no interface 'JSX.IntrinsicElements' exists.
components/canvas/canvas-toolbar.tsx(309,17): error TS7026: JSX element implicitly has type 'any' because no interface 'JSX.IntrinsicElements' exists.
components/canvas/canvas-toolbar.tsx(310,15): error TS7026: JSX element implicitly has type 'any' because no interface 'JSX.IntrinsicElements' exists.
components/canvas/canvas-toolbar.tsx(312,13): error TS7026: JSX element implicitly has type 'any' because no interface 'JSX.IntrinsicElements' exists.
components/canvas/canvas-toolbar.tsx(314,13): error TS7026: JSX element implicitly has type 'any' because no interface 'JSX.IntrinsicElements' exists.
components/canvas/canvas-toolbar.tsx(330,13): error TS7026: JSX element implicitly has type 'any' because no interface 'JSX.IntrinsicElements' exists.
components/canvas/canvas-toolbar.tsx(335,13): error TS7026: JSX element implicitly has type 'any' because no interface 'JSX.IntrinsicElements' exists.
components/canvas/canvas-toolbar.tsx(345,13): error TS7026: JSX element implicitly has type 'any' because no interface 'JSX.IntrinsicElements' exists.
components/canvas/canvas-toolbar.tsx(355,19): error TS7026: JSX element implicitly has type 'any' because no interface 'JSX.IntrinsicElements' exists.
components/canvas/canvas-toolbar.tsx(367,19): error TS7026: JSX element implicitly has type 'any' because no interface 'JSX.IntrinsicElements' exists.
components/canvas/canvas-toolbar.tsx(377,11): error TS7026: JSX element implicitly has type 'any' because no interface 'JSX.IntrinsicElements' exists.
components/canvas/canvas-toolbar.tsx(378,23): error TS7006: Parameter 'e' implicitly has an 'any' type.
components/canvas/canvas-toolbar.tsx(393,15): error TS7026: JSX element implicitly has type 'any' because no interface 'JSX.IntrinsicElements' exists.
components/canvas/canvas-toolbar.tsx(395,11): error TS7026: JSX element implicitly has type 'any' because no interface 'JSX.IntrinsicElements' exists.
components/canvas/canvas-toolbar.tsx(396,9): error TS7026: JSX element implicitly has type 'any' because no interface 'JSX.IntrinsicElements' exists.
components/canvas/canvas-toolbar.tsx(397,7): error TS7026: JSX element implicitly has type 'any' because no interface 'JSX.IntrinsicElements' exists.
components/canvas/canvas-toolbar.tsx(400,7): error TS7026: JSX element implicitly has type 'any' because no interface 'JSX.IntrinsicElements' exists.
components/canvas/canvas-toolbar.tsx(403,11): error TS7026: JSX element implicitly has type 'any' because no interface 'JSX.IntrinsicElements' exists.
components/canvas/canvas-toolbar.tsx(420,11): error TS7026: JSX element implicitly has type 'any' because no interface 'JSX.IntrinsicElements' exists.
components/canvas/canvas-toolbar.tsx(423,11): error TS7026: JSX element implicitly has type 'any' because no interface 'JSX.IntrinsicElements' exists.
components/canvas/canvas-toolbar.tsx(435,11): error TS7026: JSX element implicitly has type 'any' because no interface 'JSX.IntrinsicElements' exists.
components/canvas/canvas-toolbar.tsx(437,7): error TS7026: JSX element implicitly has type 'any' because no interface 'JSX.IntrinsicElements' exists.
components/canvas/canvas-toolbar.tsx(438,5): error TS7026: JSX element implicitly has type 'any' because no interface 'JSX.IntrinsicElements' exists.
components/chat/chat-area.tsx(3,89): error TS2307: Cannot find module 'react' or its corresponding type declarations.
components/chat/chat-area.tsx(11,58): error TS2307: Cannot find module 'lucide-react' or its corresponding type declarations.
components/chat/chat-area.tsx(69,7): error TS7031: Binding element 'className' implicitly has an 'any' type.
components/chat/chat-area.tsx(71,7): error TS7031: Binding element 'onWidthChange' implicitly has an 'any' type.
components/chat/chat-area.tsx(73,7): error TS7031: Binding element 'onCollapseChange' implicitly has an 'any' type.
components/chat/chat-area.tsx(74,7): error TS7031: Binding element 'activeBubbleId' implicitly has an 'any' type.
components/chat/chat-area.tsx(75,7): error TS7031: Binding element 'onActiveBubble' implicitly has an 'any' type.
components/chat/chat-area.tsx(76,7): error TS7031: Binding element 'onLiveSpeech' implicitly has an 'any' type.
components/chat/chat-area.tsx(77,7): error TS7031: Binding element 'onSpeechProgress' implicitly has an 'any' type.
components/chat/chat-area.tsx(78,7): error TS7031: Binding element 'onThinking' implicitly has an 'any' type.
components/chat/chat-area.tsx(79,7): error TS7031: Binding element 'onCueUser' implicitly has an 'any' type.
components/chat/chat-area.tsx(80,7): error TS7031: Binding element 'onLiveSessionError' implicitly has an 'any' type.
components/chat/chat-area.tsx(81,7): error TS7031: Binding element 'onStopSession' implicitly has an 'any' type.
components/chat/chat-area.tsx(82,7): error TS7031: Binding element 'onSegmentSealed' implicitly has an 'any' type.
components/chat/chat-area.tsx(83,7): error TS7031: Binding element 'shouldHoldAfterReveal' implicitly has an 'any' type.
components/chat/chat-area.tsx(84,7): error TS7031: Binding element 'currentSceneId' implicitly has an 'any' type.
components/chat/chat-area.tsx(86,5): error TS7006: Parameter 'ref' implicitly has an 'any' type.
components/chat/chat-area.tsx(89,35): error TS7006: Parameter 's' implicitly has an 'any' type.
components/chat/chat-area.tsx(132,20): error TS7006: Parameter 'scene' implicitly has an 'any' type.
components/chat/chat-area.tsx(133,17): error TS7006: Parameter 'scene' implicitly has an 'any' type.
components/chat/chat-area.tsx(139,18): error TS7006: Parameter 'a' implicitly has an 'any' type.
components/chat/chat-area.tsx(146,21): error TS7006: Parameter 'a' implicitly has an 'any' type.
components/chat/chat-area.tsx(161,18): error TS7006: Parameter 'a' implicitly has an 'any' type.
components/chat/chat-area.tsx(161,21): error TS7006: Parameter 'b' implicitly has an 'any' type.
components/chat/chat-area.tsx(166,57): error TS7006: Parameter 's' implicitly has an 'any' type.
components/chat/chat-area.tsx(170,32): error TS7006: Parameter 's' implicitly has an 'any' type.
components/chat/chat-area.tsx(209,11): error TS2503: Cannot find namespace 'React'.
components/chat/chat-area.tsx(242,7): error TS7026: JSX element implicitly has type 'any' because no interface 'JSX.IntrinsicElements' exists.
components/chat/chat-area.tsx(242,7): error TS2875: This JSX tag requires the module path 'react/jsx-runtime' to exist, but none could be found. Make sure you have types for the appropriate package installed.
components/chat/chat-area.tsx(254,11): error TS7026: JSX element implicitly has type 'any' because no interface 'JSX.IntrinsicElements' exists.
components/chat/chat-area.tsx(258,13): error TS7026: JSX element implicitly has type 'any' because no interface 'JSX.IntrinsicElements' exists.
components/chat/chat-area.tsx(259,11): error TS7026: JSX element implicitly has type 'any' because no interface 'JSX.IntrinsicElements' exists.
components/chat/chat-area.tsx(262,9): error TS7026: JSX element implicitly has type 'any' because no interface 'JSX.IntrinsicElements' exists.
components/chat/chat-area.tsx(265,29): error TS7006: Parameter 'v' implicitly has an 'any' type.
components/chat/chat-area.tsx(269,13): error TS7026: JSX element implicitly has type 'any' because no interface 'JSX.IntrinsicElements' exists.
components/chat/chat-area.tsx(280,21): error TS7026: JSX element implicitly has type 'any' because no interface 'JSX.IntrinsicElements' exists.
components/chat/chat-area.tsx(281,23): error TS7026: JSX element implicitly has type 'any' because no interface 'JSX.IntrinsicElements' exists.
components/chat/chat-area.tsx(282,23): error TS7026: JSX element implicitly has type 'any' because no interface 'JSX.IntrinsicElements' exists.
components/chat/chat-area.tsx(283,21): error TS7026: JSX element implicitly has type 'any' because no interface 'JSX.IntrinsicElements' exists.
components/chat/chat-area.tsx(289,17): error TS7026: JSX element implicitly has type 'any' because no interface 'JSX.IntrinsicElements' exists.
components/chat/chat-area.tsx(294,17): error TS7026: JSX element implicitly has type 'any' because no interface 'JSX.IntrinsicElements' exists.
components/chat/chat-area.tsx(296,13): error TS7026: JSX element implicitly has type 'any' because no interface 'JSX.IntrinsicElements' exists.
components/chat/chat-area.tsx(305,15): error TS7026: JSX element implicitly has type 'any' because no interface 'JSX.IntrinsicElements' exists.
components/chat/chat-area.tsx(307,19): error TS7026: JSX element implicitly has type 'any' because no interface 'JSX.IntrinsicElements' exists.
components/chat/chat-area.tsx(308,21): error TS7026: JSX element implicitly has type 'any' because no interface 'JSX.IntrinsicElements' exists.
components/chat/chat-area.tsx(310,21): error TS7026: JSX element implicitly has type 'any' because no interface 'JSX.IntrinsicElements' exists.
components/chat/chat-area.tsx(311,21): error TS7026: JSX element implicitly has type 'any' because no interface 'JSX.IntrinsicElements' exists.
components/chat/chat-area.tsx(313,21): error TS7026: JSX element implicitly has type 'any' because no interface 'JSX.IntrinsicElements' exists.
components/chat/chat-area.tsx(314,21): error TS7026: JSX element implicitly has type 'any' because no interface 'JSX.IntrinsicElements' exists.
components/chat/chat-area.tsx(316,21): error TS7026: JSX element implicitly has type 'any' because no interface 'JSX.IntrinsicElements' exists.
components/chat/chat-area.tsx(317,19): error TS7026: JSX element implicitly has type 'any' because no interface 'JSX.IntrinsicElements' exists.
components/chat/chat-area.tsx(328,21): error TS7026: JSX element implicitly has type 'any' because no interface 'JSX.IntrinsicElements' exists.
components/chat/chat-area.tsx(331,15): error TS7026: JSX element implicitly has type 'any' because no interface 'JSX.IntrinsicElements' exists.
components/chat/chat-area.tsx(334,9): error TS7026: JSX element implicitly has type 'any' because no interface 'JSX.IntrinsicElements' exists.
components/chat/chat-area.tsx(335,7): error TS7026: JSX element implicitly has type 'any' because no interface 'JSX.IntrinsicElements' exists.
components/chat/chat-session.tsx(3,54): error TS2307: Cannot find module 'react' or its corresponding type declarations.
components/chat/chat-session.tsx(4,41): error TS2307: Cannot find module 'motion/react' or its corresponding type declarations.
components/chat/chat-session.tsx(6,32): error TS2307: Cannot find module 'ai' or its corresponding type declarations.
components/chat/chat-session.tsx(10,28): error TS2307: Cannot find module 'lucide-react' or its corresponding type declarations.
components/chat/chat-session.tsx(70,7): error TS7026: JSX element implicitly has type 'any' because no interface 'JSX.IntrinsicElements' exists.
components/chat/chat-session.tsx(71,9): error TS7026: JSX element implicitly has type 'any' because no interface 'JSX.IntrinsicElements' exists.
components/chat/chat-session.tsx(79,9): error TS7026: JSX element implicitly has type 'any' because no interface 'JSX.IntrinsicElements' exists.
components/chat/chat-session.tsx(88,9): error TS7026: JSX element implicitly has type 'any' because no interface 'JSX.IntrinsicElements' exists.
components/chat/chat-session.tsx(97,7): error TS7026: JSX element implicitly has type 'any' because no interface 'JSX.IntrinsicElements' exists.
components/chat/chat-session.tsx(109,5): error TS7026: JSX element implicitly has type 'any' because no interface 'JSX.IntrinsicElements' exists.
components/chat/chat-session.tsx(119,7): error TS7026: JSX element implicitly has type 'any' because no interface 'JSX.IntrinsicElements' exists.
components/chat/chat-session.tsx(128,15): error TS7026: JSX element implicitly has type 'any' because no interface 'JSX.IntrinsicElements' exists.
components/chat/chat-session.tsx(131,19): error TS7026: JSX element implicitly has type 'any' because no interface 'JSX.IntrinsicElements' exists.
components/chat/chat-session.tsx(134,19): error TS7026: JSX element implicitly has type 'any' because no interface 'JSX.IntrinsicElements' exists.
components/chat/chat-session.tsx(136,15): error TS7026: JSX element implicitly has type 'any' because no interface 'JSX.IntrinsicElements' exists.
components/chat/chat-session.tsx(143,17): error TS2322: Type '{ key: string; actionName: string; state: string; }' is not assignable to type 'InlineActionTagProps'.
  Property 'key' does not exist on type 'InlineActionTagProps'.
components/chat/chat-session.tsx(152,7): error TS7026: JSX element implicitly has type 'any' because no interface 'JSX.IntrinsicElements' exists.
components/chat/chat-session.tsx(153,5): error TS7026: JSX element implicitly has type 'any' because no interface 'JSX.IntrinsicElements' exists.
components/chat/chat-session.tsx(165,50): error TS7006: Parameter 's' implicitly has an 'any' type.
components/chat/chat-session.tsx(216,7): error TS7026: JSX element implicitly has type 'any' because no interface 'JSX.IntrinsicElements' exists.
components/chat/chat-session.tsx(216,7): error TS2875: This JSX tag requires the module path 'react/jsx-runtime' to exist, but none could be found. Make sure you have types for the appropriate package installed.
components/chat/chat-session.tsx(217,9): error TS7026: JSX element implicitly has type 'any' because no interface 'JSX.IntrinsicElements' exists.
components/chat/chat-session.tsx(217,91): error TS7026: JSX element implicitly has type 'any' because no interface 'JSX.IntrinsicElements' exists.
components/chat/chat-session.tsx(218,7): error TS7026: JSX element implicitly has type 'any' because no interface 'JSX.IntrinsicElements' exists.
components/chat/chat-session.tsx(226,5): error TS7026: JSX element implicitly has type 'any' because no interface 'JSX.IntrinsicElements' exists.
components/chat/chat-session.tsx(228,7): error TS7026: JSX element implicitly has type 'any' because no interface 'JSX.IntrinsicElements' exists.
components/chat/chat-session.tsx(284,15): error TS7026: JSX element implicitly has type 'any' because no interface 'JSX.IntrinsicElements' exists.
components/chat/chat-session.tsx(286,15): error TS7026: JSX element implicitly has type 'any' because no interface 'JSX.IntrinsicElements' exists.
components/chat/chat-session.tsx(289,15): error TS7026: JSX element implicitly has type 'any' because no interface 'JSX.IntrinsicElements' exists.
components/chat/chat-session.tsx(290,17): error TS7026: JSX element implicitly has type 'any' because no interface 'JSX.IntrinsicElements' exists.
components/chat/chat-session.tsx(308,17): error TS7026: JSX element implicitly has type 'any' because no interface 'JSX.IntrinsicElements' exists.
components/chat/chat-session.tsx(318,15): error TS7026: JSX element implicitly has type 'any' because no interface 'JSX.IntrinsicElements' exists.
components/chat/chat-session.tsx(333,15): error TS7026: JSX element implicitly has type 'any' because no interface 'JSX.IntrinsicElements' exists.
components/chat/chat-session.tsx(334,15): error TS7026: JSX element implicitly has type 'any' because no interface 'JSX.IntrinsicElements' exists.
components/chat/chat-session.tsx(337,15): error TS7026: JSX element implicitly has type 'any' because no interface 'JSX.IntrinsicElements' exists.
components/chat/chat-session.tsx(338,15): error TS7026: JSX element implicitly has type 'any' because no interface 'JSX.IntrinsicElements' exists.
components/chat/chat-session.tsx(343,9): error TS7026: JSX element implicitly has type 'any' because no interface 'JSX.IntrinsicElements' exists.
components/chat/chat-session.tsx(344,7): error TS7026: JSX element implicitly has type 'any' because no interface 'JSX.IntrinsicElements' exists.
components/chat/chat-session.tsx(357,13): error TS7026: JSX element implicitly has type 'any' because no interface 'JSX.IntrinsicElements' exists.
components/chat/chat-session.tsx(358,15): error TS7026: JSX element implicitly has type 'any' because no interface 'JSX.IntrinsicElements' exists.
components/chat/chat-session.tsx(358,132): error TS7026: JSX element implicitly has type 'any' because no interface 'JSX.IntrinsicElements' exists.
components/chat/chat-session.tsx(359,15): error TS7026: JSX element implicitly has type 'any' because no interface 'JSX.IntrinsicElements' exists.
components/chat/chat-session.tsx(359,102): error TS7026: JSX element implicitly has type 'any' because no interface 'JSX.IntrinsicElements' exists.
components/chat/chat-session.tsx(360,13): error TS7026: JSX element implicitly has type 'any' because no interface 'JSX.IntrinsicElements' exists.
components/chat/chat-session.tsx(365,5): error TS7026: JSX element implicitly has type 'any' because no interface 'JSX.IntrinsicElements' exists.
components/chat/inline-action-tag.tsx(24,8): error TS2307: Cannot find module 'lucide-react' or its corresponding type declarations.
components/chat/inline-action-tag.tsx(25,33): error TS2307: Cannot find module 'lucide-react' or its corresponding type declarations.
components/chat/inline-action-tag.tsx(94,5): error TS7026: JSX element implicitly has type 'any' because no interface 'JSX.IntrinsicElements' exists.
components/chat/inline-action-tag.tsx(94,5): error TS2875: This JSX tag requires the module path 'react/jsx-runtime' to exist, but none could be found. Make sure you have types for the appropriate package installed.
components/chat/inline-action-tag.tsx(106,9): error TS7026: JSX element implicitly has type 'any' because no interface 'JSX.IntrinsicElements' exists.
components/chat/inline-action-tag.tsx(114,9): error TS7026: JSX element implicitly has type 'any' because no interface 'JSX.IntrinsicElements' exists.
components/chat/inline-action-tag.tsx(124,7): error TS7026: JSX element implicitly has type 'any' because no interface 'JSX.IntrinsicElements' exists.
components/chat/inline-action-tag.tsx(124,39): error TS7026: JSX element implicitly has type 'any' because no interface 'JSX.IntrinsicElements' exists.
components/chat/inline-action-tag.tsx(125,5): error TS7026: JSX element implicitly has type 'any' because no interface 'JSX.IntrinsicElements' exists.
components/chat/lecture-notes-view.tsx(3,35): error TS2307: Cannot find module 'react' or its corresponding type declarations.
components/chat/lecture-notes-view.tsx(4,74): error TS2307: Cannot find module 'lucide-react' or its corresponding type declarations.
components/chat/lecture-notes-view.tsx(48,7): error TS7026: JSX element implicitly has type 'any' because no interface 'JSX.IntrinsicElements' exists.
components/chat/lecture-notes-view.tsx(48,7): error TS2875: This JSX tag requires the module path 'react/jsx-runtime' to exist, but none could be found. Make sure you have types for the appropriate package installed.
components/chat/lecture-notes-view.tsx(49,9): error TS7026: JSX element implicitly has type 'any' because no interface 'JSX.IntrinsicElements' exists.
components/chat/lecture-notes-view.tsx(51,9): error TS7026: JSX element implicitly has type 'any' because no interface 'JSX.IntrinsicElements' exists.
components/chat/lecture-notes-view.tsx(52,9): error TS7026: JSX element implicitly has type 'any' because no interface 'JSX.IntrinsicElements' exists.
components/chat/lecture-notes-view.tsx(54,9): error TS7026: JSX element implicitly has type 'any' because no interface 'JSX.IntrinsicElements' exists.
components/chat/lecture-notes-view.tsx(55,9): error TS7026: JSX element implicitly has type 'any' because no interface 'JSX.IntrinsicElements' exists.
components/chat/lecture-notes-view.tsx(57,9): error TS7026: JSX element implicitly has type 'any' because no interface 'JSX.IntrinsicElements' exists.
components/chat/lecture-notes-view.tsx(58,7): error TS7026: JSX element implicitly has type 'any' because no interface 'JSX.IntrinsicElements' exists.
components/chat/lecture-notes-view.tsx(63,5): error TS7026: JSX element implicitly has type 'any' because no interface 'JSX.IntrinsicElements' exists.
components/chat/lecture-notes-view.tsx(73,11): error TS7026: JSX element implicitly has type 'any' because no interface 'JSX.IntrinsicElements' exists.
components/chat/lecture-notes-view.tsx(84,13): error TS7026: JSX element implicitly has type 'any' because no interface 'JSX.IntrinsicElements' exists.
components/chat/lecture-notes-view.tsx(86,15): error TS7026: JSX element implicitly has type 'any' because no interface 'JSX.IntrinsicElements' exists.
components/chat/lecture-notes-view.tsx(94,15): error TS7026: JSX element implicitly has type 'any' because no interface 'JSX.IntrinsicElements' exists.
components/chat/lecture-notes-view.tsx(103,15): error TS7026: JSX element implicitly has type 'any' because no interface 'JSX.IntrinsicElements' exists.
components/chat/lecture-notes-view.tsx(105,17): error TS7026: JSX element implicitly has type 'any' because no interface 'JSX.IntrinsicElements' exists.
components/chat/lecture-notes-view.tsx(107,17): error TS7026: JSX element implicitly has type 'any' because no interface 'JSX.IntrinsicElements' exists.
components/chat/lecture-notes-view.tsx(109,13): error TS7026: JSX element implicitly has type 'any' because no interface 'JSX.IntrinsicElements' exists.
components/chat/lecture-notes-view.tsx(112,13): error TS7026: JSX element implicitly has type 'any' because no interface 'JSX.IntrinsicElements' exists.
components/chat/lecture-notes-view.tsx(114,13): error TS7026: JSX element implicitly has type 'any' because no interface 'JSX.IntrinsicElements' exists.
components/chat/lecture-notes-view.tsx(117,13): error TS7026: JSX element implicitly has type 'any' because no interface 'JSX.IntrinsicElements' exists.
components/chat/lecture-notes-view.tsx(155,23): error TS7026: JSX element implicitly has type 'any' because no interface 'JSX.IntrinsicElements' exists.
components/chat/lecture-notes-view.tsx(160,25): error TS7026: JSX element implicitly has type 'any' because no interface 'JSX.IntrinsicElements' exists.
components/chat/lecture-notes-view.tsx(162,25): error TS7026: JSX element implicitly has type 'any' because no interface 'JSX.IntrinsicElements' exists.
components/chat/lecture-notes-view.tsx(163,23): error TS7026: JSX element implicitly has type 'any' because no interface 'JSX.IntrinsicElements' exists.
components/chat/lecture-notes-view.tsx(168,21): error TS7026: JSX element implicitly has type 'any' because no interface 'JSX.IntrinsicElements' exists.
components/chat/lecture-notes-view.tsx(177,27): error TS7026: JSX element implicitly has type 'any' because no interface 'JSX.IntrinsicElements' exists.
components/chat/lecture-notes-view.tsx(185,27): error TS7026: JSX element implicitly has type 'any' because no interface 'JSX.IntrinsicElements' exists.
components/chat/lecture-notes-view.tsx(189,21): error TS7026: JSX element implicitly has type 'any' because no interface 'JSX.IntrinsicElements' exists.
components/chat/lecture-notes-view.tsx(193,13): error TS7026: JSX element implicitly has type 'any' because no interface 'JSX.IntrinsicElements' exists.
components/chat/lecture-notes-view.tsx(194,11): error TS7026: JSX element implicitly has type 'any' because no interface 'JSX.IntrinsicElements' exists.
components/chat/lecture-notes-view.tsx(197,5): error TS7026: JSX element implicitly has type 'any' because no interface 'JSX.IntrinsicElements' exists.
components/chat/proactive-card.tsx(3,58): error TS2307: Cannot find module 'react' or its corresponding type declarations.
components/chat/proactive-card.tsx(4,30): error TS2307: Cannot find module 'react-dom' or its corresponding type declarations.
components/chat/proactive-card.tsx(5,24): error TS2307: Cannot find module 'motion/react' or its corresponding type declarations.
components/chat/proactive-card.tsx(6,32): error TS2307: Cannot find module 'lucide-react' or its corresponding type declarations.
components/chat/proactive-card.tsx(14,14): error TS2503: Cannot find namespace 'React'.
components/chat/proactive-card.tsx(100,20): error TS7006: Parameter 'prev' implicitly has an 'any' type.
components/chat/proactive-card.tsx(123,5): error TS2875: This JSX tag requires the module path 'react/jsx-runtime' to exist, but none could be found. Make sure you have types for the appropriate package installed.
components/chat/proactive-card.tsx(136,7): error TS7026: JSX element implicitly has type 'any' because no interface 'JSX.IntrinsicElements' exists.
components/chat/proactive-card.tsx(138,9): error TS7026: JSX element implicitly has type 'any' because no interface 'JSX.IntrinsicElements' exists.
components/chat/proactive-card.tsx(139,21): error TS7006: Parameter 'e' implicitly has an 'any' type.
components/chat/proactive-card.tsx(147,9): error TS7026: JSX element implicitly has type 'any' because no interface 'JSX.IntrinsicElements' exists.
components/chat/proactive-card.tsx(150,9): error TS7026: JSX element implicitly has type 'any' because no interface 'JSX.IntrinsicElements' exists.
components/chat/proactive-card.tsx(159,9): error TS7026: JSX element implicitly has type 'any' because no interface 'JSX.IntrinsicElements' exists.
components/chat/proactive-card.tsx(161,11): error TS7026: JSX element implicitly has type 'any' because no interface 'JSX.IntrinsicElements' exists.
components/chat/proactive-card.tsx(162,13): error TS7026: JSX element implicitly has type 'any' because no interface 'JSX.IntrinsicElements' exists.
components/chat/proactive-card.tsx(170,11): error TS7026: JSX element implicitly has type 'any' because no interface 'JSX.IntrinsicElements' exists.
components/chat/proactive-card.tsx(173,11): error TS7026: JSX element implicitly has type 'any' because no interface 'JSX.IntrinsicElements' exists.
components/chat/proactive-card.tsx(175,15): error TS7026: JSX element implicitly has type 'any' because no interface 'JSX.IntrinsicElements' exists.
components/chat/proactive-card.tsx(176,17): error TS7026: JSX element implicitly has type 'any' because no interface 'JSX.IntrinsicElements' exists.
components/chat/proactive-card.tsx(181,15): error TS7026: JSX element implicitly has type 'any' because no interface 'JSX.IntrinsicElements' exists.
components/chat/proactive-card.tsx(183,13): error TS7026: JSX element implicitly has type 'any' because no interface 'JSX.IntrinsicElements' exists.
components/chat/proactive-card.tsx(185,17): error TS7026: JSX element implicitly has type 'any' because no interface 'JSX.IntrinsicElements' exists.
components/chat/proactive-card.tsx(187,17): error TS7026: JSX element implicitly has type 'any' because no interface 'JSX.IntrinsicElements' exists.
components/chat/proactive-card.tsx(189,15): error TS7026: JSX element implicitly has type 'any' because no interface 'JSX.IntrinsicElements' exists.
components/chat/proactive-card.tsx(197,15): error TS7026: JSX element implicitly has type 'any' because no interface 'JSX.IntrinsicElements' exists.
components/chat/proactive-card.tsx(198,13): error TS7026: JSX element implicitly has type 'any' because no interface 'JSX.IntrinsicElements' exists.
components/chat/proactive-card.tsx(199,13): error TS7026: JSX element implicitly has type 'any' because no interface 'JSX.IntrinsicElements' exists.
components/chat/proactive-card.tsx(205,13): error TS7026: JSX element implicitly has type 'any' because no interface 'JSX.IntrinsicElements' exists.
components/chat/proactive-card.tsx(206,11): error TS7026: JSX element implicitly has type 'any' because no interface 'JSX.IntrinsicElements' exists.
components/chat/proactive-card.tsx(208,11): error TS7026: JSX element implicitly has type 'any' because no interface 'JSX.IntrinsicElements' exists.
components/chat/proactive-card.tsx(210,11): error TS7026: JSX element implicitly has type 'any' because no interface 'JSX.IntrinsicElements' exists.
components/chat/proactive-card.tsx(212,11): error TS7026: JSX element implicitly has type 'any' because no interface 'JSX.IntrinsicElements' exists.
components/chat/proactive-card.tsx(213,13): error TS7026: JSX element implicitly has type 'any' because no interface 'JSX.IntrinsicElements' exists.
components/chat/proactive-card.tsx(214,25): error TS7006: Parameter 'e' implicitly has an 'any' type.
components/chat/proactive-card.tsx(221,13): error TS7026: JSX element implicitly has type 'any' because no interface 'JSX.IntrinsicElements' exists.
components/chat/proactive-card.tsx(223,13): error TS7026: JSX element implicitly has type 'any' because no interface 'JSX.IntrinsicElements' exists.
components/chat/proactive-card.tsx(224,25): error TS7006: Parameter 'e' implicitly has an 'any' type.
components/chat/proactive-card.tsx(240,13): error TS7026: JSX element implicitly has type 'any' because no interface 'JSX.IntrinsicElements' exists.
components/chat/proactive-card.tsx(241,11): error TS7026: JSX element implicitly has type 'any' because no interface 'JSX.IntrinsicElements' exists.
components/chat/proactive-card.tsx(242,9): error TS7026: JSX element implicitly has type 'any' because no interface 'JSX.IntrinsicElements' exists.
components/chat/proactive-card.tsx(243,7): error TS7026: JSX element implicitly has type 'any' because no interface 'JSX.IntrinsicElements' exists.
components/chat/session-list.tsx(6,57): error TS2307: Cannot find module 'lucide-react' or its corresponding type declarations.
components/chat/session-list.tsx(7,41): error TS2307: Cannot find module 'motion/react' or its corresponding type declarations.
components/chat/session-list.tsx(30,14): error TS2875: This JSX tag requires the module path 'react/jsx-runtime' to exist, but none could be found. Make sure you have types for the appropriate package installed.
components/chat/session-list.tsx(63,11): error TS7026: JSX element implicitly has type 'any' because no interface 'JSX.IntrinsicElements' exists.
components/chat/session-list.tsx(73,13): error TS7026: JSX element implicitly has type 'any' because no interface 'JSX.IntrinsicElements' exists.
components/chat/session-list.tsx(77,15): error TS7026: JSX element implicitly has type 'any' because no interface 'JSX.IntrinsicElements' exists.
components/chat/session-list.tsx(78,17): error TS7026: JSX element implicitly has type 'any' because no interface 'JSX.IntrinsicElements' exists.
components/chat/session-list.tsx(80,19): error TS7026: JSX element implicitly has type 'any' because no interface 'JSX.IntrinsicElements' exists.
components/chat/session-list.tsx(87,15): error TS7026: JSX element implicitly has type 'any' because no interface 'JSX.IntrinsicElements' exists.
components/chat/session-list.tsx(88,15): error TS7026: JSX element implicitly has type 'any' because no interface 'JSX.IntrinsicElements' exists.
components/chat/session-list.tsx(95,15): error TS7026: JSX element implicitly has type 'any' because no interface 'JSX.IntrinsicElements' exists.
components/chat/session-list.tsx(96,15): error TS7026: JSX element implicitly has type 'any' because no interface 'JSX.IntrinsicElements' exists.
components/chat/session-list.tsx(98,15): error TS7026: JSX element implicitly has type 'any' because no interface 'JSX.IntrinsicElements' exists.
components/chat/session-list.tsx(99,15): error TS7026: JSX element implicitly has type 'any' because no interface 'JSX.IntrinsicElements' exists.
components/chat/session-list.tsx(101,15): error TS7026: JSX element implicitly has type 'any' because no interface 'JSX.IntrinsicElements' exists.
components/chat/session-list.tsx(102,15): error TS7026: JSX element implicitly has type 'any' because no interface 'JSX.IntrinsicElements' exists.
components/chat/session-list.tsx(104,15): error TS7026: JSX element implicitly has type 'any' because no interface 'JSX.IntrinsicElements' exists.
components/chat/session-list.tsx(111,13): error TS7026: JSX element implicitly has type 'any' because no interface 'JSX.IntrinsicElements' exists.
components/chat/session-list.tsx(123,19): error TS7026: JSX element implicitly has type 'any' because no interface 'JSX.IntrinsicElements' exists.
components/chat/session-list.tsx(131,19): error TS7026: JSX element implicitly has type 'any' because no interface 'JSX.IntrinsicElements' exists.
components/chat/session-list.tsx(135,11): error TS7026: JSX element implicitly has type 'any' because no interface 'JSX.IntrinsicElements' exists.
components/chat/use-chat-sessions.ts(3,58): error TS2307: Cannot find module 'react' or its corresponding type declarations.
components/chat/use-chat-sessions.ts(13,32): error TS2307: Cannot find module 'ai' or its corresponding type declarations.
components/chat/use-chat-sessions.ts(30,23): error TS2307: Cannot find module 'sonner' or its corresponding type declarations.
components/chat/use-chat-sessions.ts(88,34): error TS7006: Parameter 's' implicitly has an 'any' type.
components/chat/use-chat-sessions.ts(94,24): error TS7006: Parameter 's' implicitly has an 'any' type.
components/chat/use-chat-sessions.ts(125,19): error TS7006: Parameter 's' implicitly has an 'any' type.
components/chat/use-chat-sessions.ts(152,24): error TS7006: Parameter 'buf' implicitly has an 'any' type.
components/chat/use-chat-sessions.ts(171,18): error TS7006: Parameter 'prev' implicitly has an 'any' type.
components/chat/use-chat-sessions.ts(172,17): error TS7006: Parameter 's' implicitly has an 'any' type.
components/chat/use-chat-sessions.ts(212,28): error TS7006: Parameter 'prev' implicitly has an 'any' type.
components/chat/use-chat-sessions.ts(255,26): error TS7006: Parameter 'prev' implicitly has an 'any' type.
components/chat/use-chat-sessions.ts(256,25): error TS7006: Parameter 's' implicitly has an 'any' type.
components/chat/use-chat-sessions.ts(267,26): error TS7006: Parameter 'prev' implicitly has an 'any' type.
components/chat/use-chat-sessions.ts(268,25): error TS7006: Parameter 's' implicitly has an 'any' type.
components/chat/use-chat-sessions.ts(271,20): error TS7006: Parameter 'm' implicitly has an 'any' type.
components/chat/use-chat-sessions.ts(284,26): error TS7006: Parameter 'prev' implicitly has an 'any' type.
components/chat/use-chat-sessions.ts(285,25): error TS7006: Parameter 's' implicitly has an 'any' type.
components/chat/use-chat-sessions.ts(289,45): error TS7006: Parameter 'm' implicitly has an 'any' type.
components/chat/use-chat-sessions.ts(328,26): error TS7006: Parameter 'prev' implicitly has an 'any' type.
components/chat/use-chat-sessions.ts(329,25): error TS7006: Parameter 's' implicitly has an 'any' type.
components/chat/use-chat-sessions.ts(333,45): error TS7006: Parameter 'm' implicitly has an 'any' type.
components/chat/use-chat-sessions.ts(507,62): error TS7006: Parameter 's' implicitly has an 'any' type.
components/chat/use-chat-sessions.ts(530,17): error TS18047: 'currentBuffer' is possibly 'null'.
components/chat/use-chat-sessions.ts(540,17): error TS18047: 'currentBuffer' is possibly 'null'.
components/chat/use-chat-sessions.ts(549,17): error TS18047: 'currentBuffer' is possibly 'null'.
components/chat/use-chat-sessions.ts(556,17): error TS18047: 'currentBuffer' is possibly 'null'.
components/chat/use-chat-sessions.ts(566,17): error TS18047: 'currentBuffer' is possibly 'null'.
components/chat/use-chat-sessions.ts(569,17): error TS18047: 'currentBuffer' is possibly 'null'.
components/chat/use-chat-sessions.ts(572,17): error TS18047: 'currentBuffer' is possibly 'null'.
components/chat/use-chat-sessions.ts(577,17): error TS18047: 'currentBuffer' is possibly 'null'.
components/chat/use-chat-sessions.ts(617,24): error TS7006: Parameter 'prev' implicitly has an 'any' type.
components/chat/use-chat-sessions.ts(618,23): error TS7006: Parameter 's' implicitly has an 'any' type.
components/chat/use-chat-sessions.ts(660,18): error TS7006: Parameter 'prev' implicitly has an 'any' type.
components/chat/use-chat-sessions.ts(662,28): error TS7006: Parameter 'prev' implicitly has an 'any' type.
components/chat/use-chat-sessions.ts(677,49): error TS7006: Parameter 's' implicitly has an 'any' type.
components/chat/use-chat-sessions.ts(702,22): error TS7006: Parameter 'prev' implicitly has an 'any' type.
components/chat/use-chat-sessions.ts(703,21): error TS7006: Parameter 's' implicitly has an 'any' type.
components/chat/use-chat-sessions.ts(742,22): error TS7006: Parameter 'prev' implicitly has an 'any' type.
components/chat/use-chat-sessions.ts(743,21): error TS7006: Parameter 's' implicitly has an 'any' type.
components/chat/use-chat-sessions.ts(761,8): error TS7006: Parameter 's' implicitly has an 'any' type.
components/chat/use-chat-sessions.ts(775,47): error TS7006: Parameter 's' implicitly has an 'any' type.
components/chat/use-chat-sessions.ts(802,20): error TS7006: Parameter 'prev' implicitly has an 'any' type.
components/chat/use-chat-sessions.ts(803,19): error TS7006: Parameter 's' implicitly has an 'any' type.
components/chat/use-chat-sessions.ts(851,8): error TS7006: Parameter 's' implicitly has an 'any' type.
components/chat/use-chat-sessions.ts(864,49): error TS7006: Parameter 's' implicitly has an 'any' type.
components/chat/use-chat-sessions.ts(938,8): error TS7006: Parameter 's' implicitly has an 'any' type.
components/chat/use-chat-sessions.ts(958,24): error TS7006: Parameter 'prev' implicitly has an 'any' type.
components/chat/use-chat-sessions.ts(959,23): error TS7006: Parameter 's' implicitly has an 'any' type.
components/chat/use-chat-sessions.ts(1003,55): error TS7006: Parameter 's' implicitly has an 'any' type.
components/chat/use-chat-sessions.ts(1010,12): error TS7006: Parameter 's' implicitly has an 'any' type.
components/chat/use-chat-sessions.ts(1044,57): error TS7006: Parameter 's' implicitly has an 'any' type.
components/chat/use-chat-sessions.ts(1051,20): error TS7006: Parameter 'prev' implicitly has an 'any' type.
components/chat/use-chat-sessions.ts(1052,35): error TS7006: Parameter 's' implicitly has an 'any' type.
components/chat/use-chat-sessions.ts(1054,28): error TS7006: Parameter 's' implicitly has an 'any' type.
components/chat/use-chat-sessions.ts(1180,10): error TS7006: Parameter 's' implicitly has an 'any' type.
components/chat/use-chat-sessions.ts(1220,20): error TS7006: Parameter 'prev' implicitly has an 'any' type.
components/chat/use-chat-sessions.ts(1222,30): error TS7006: Parameter 'prev' implicitly has an 'any' type.
components/chat/use-chat-sessions.ts(1312,10): error TS7006: Parameter 's' implicitly has an 'any' type.
components/chat/use-chat-sessions.ts(1321,24): error TS7006: Parameter 'prev' implicitly has an 'any' type.
components/chat/use-chat-sessions.ts(1322,23): error TS7006: Parameter 's' implicitly has an 'any' type.
components/chat/use-chat-sessions.ts(1336,32): error TS7006: Parameter 'prev' implicitly has an 'any' type.
components/chat/use-chat-sessions.ts(1344,59): error TS7006: Parameter 's' implicitly has an 'any' type.
components/chat/use-chat-sessions.ts(1384,20): error TS7006: Parameter 'prev' implicitly has an 'any' type.
components/chat/use-chat-sessions.ts(1386,30): error TS7006: Parameter 'prev' implicitly has an 'any' type.
components/chat/use-chat-sessions.ts(1410,20): error TS7006: Parameter 'prev' implicitly has an 'any' type.
components/chat/use-chat-sessions.ts(1411,19): error TS7006: Parameter 's' implicitly has an 'any' type.
components/chat/use-chat-sessions.ts(1455,40): error TS7006: Parameter 's' implicitly has an 'any' type.
components/chat/use-chat-sessions.ts(1477,8): error TS7006: Parameter 's' implicitly has an 'any' type.
components/chat/use-chat-sessions.ts(1491,8): error TS7006: Parameter 's' implicitly has an 'any' type.
components/generation/generating-progress.tsx(3,37): error TS2307: Cannot find module 'react' or its corresponding type declarations.
components/generation/generating-progress.tsx(5,56): error TS2307: Cannot find module 'lucide-react' or its corresponding type declarations.
components/generation/generating-progress.tsx(28,5): error TS7026: JSX element implicitly has type 'any' because no interface 'JSX.IntrinsicElements' exists.
components/generation/generating-progress.tsx(28,5): error TS2875: This JSX tag requires the module path 'react/jsx-runtime' to exist, but none could be found. Make sure you have types for the appropriate package installed.
components/generation/generating-progress.tsx(29,7): error TS7026: JSX element implicitly has type 'any' because no interface 'JSX.IntrinsicElements' exists.
components/generation/generating-progress.tsx(39,7): error TS7026: JSX element implicitly has type 'any' because no interface 'JSX.IntrinsicElements' exists.
components/generation/generating-progress.tsx(40,7): error TS7026: JSX element implicitly has type 'any' because no interface 'JSX.IntrinsicElements' exists.
components/generation/generating-progress.tsx(52,7): error TS7026: JSX element implicitly has type 'any' because no interface 'JSX.IntrinsicElements' exists.
components/generation/generating-progress.tsx(53,5): error TS7026: JSX element implicitly has type 'any' because no interface 'JSX.IntrinsicElements' exists.
components/generation/generating-progress.tsx(70,18): error TS7006: Parameter 'prev' implicitly has an 'any' type.
components/generation/generating-progress.tsx(77,5): error TS7026: JSX element implicitly has type 'any' because no interface 'JSX.IntrinsicElements' exists.
components/generation/generating-progress.tsx(102,11): error TS7026: JSX element implicitly has type 'any' because no interface 'JSX.IntrinsicElements' exists.
components/generation/generating-progress.tsx(121,11): error TS7026: JSX element implicitly has type 'any' because no interface 'JSX.IntrinsicElements' exists.
components/generation/generating-progress.tsx(125,13): error TS7026: JSX element implicitly has type 'any' because no interface 'JSX.IntrinsicElements' exists.
components/generation/generating-progress.tsx(126,15): error TS7026: JSX element implicitly has type 'any' because no interface 'JSX.IntrinsicElements' exists.
components/generation/generating-progress.tsx(126,75): error TS7026: JSX element implicitly has type 'any' because no interface 'JSX.IntrinsicElements' exists.
components/generation/generating-progress.tsx(127,13): error TS7026: JSX element implicitly has type 'any' because no interface 'JSX.IntrinsicElements' exists.
components/generation/generating-progress.tsx(132,13): error TS7026: JSX element implicitly has type 'any' because no interface 'JSX.IntrinsicElements' exists.
components/generation/generating-progress.tsx(133,15): error TS7026: JSX element implicitly has type 'any' because no interface 'JSX.IntrinsicElements' exists.
components/generation/generating-progress.tsx(133,62): error TS7026: JSX element implicitly has type 'any' because no interface 'JSX.IntrinsicElements' exists.
components/generation/generating-progress.tsx(134,13): error TS7026: JSX element implicitly has type 'any' because no interface 'JSX.IntrinsicElements' exists.
components/generation/generating-progress.tsx(138,5): error TS7026: JSX element implicitly has type 'any' because no interface 'JSX.IntrinsicElements' exists.
components/generation/generation-toolbar.tsx(3,43): error TS2307: Cannot find module 'react' or its corresponding type declarations.
components/generation/generation-toolbar.tsx(4,73): error TS2307: Cannot find module 'lucide-react' or its corresponding type declarations.
components/generation/generation-toolbar.tsx(50,47): error TS7006: Parameter 's' implicitly has an 'any' type.
components/generation/generation-toolbar.tsx(51,44): error TS7006: Parameter 's' implicitly has an 'any' type.
components/generation/generation-toolbar.tsx(52,45): error TS7006: Parameter 's' implicitly has an 'any' type.
components/generation/generation-toolbar.tsx(53,38): error TS7006: Parameter 's' implicitly has an 'any' type.
components/generation/generation-toolbar.tsx(54,43): error TS7006: Parameter 's' implicitly has an 'any' type.
components/generation/generation-toolbar.tsx(55,48): error TS7006: Parameter 's' implicitly has an 'any' type.
components/generation/generation-toolbar.tsx(56,44): error TS7006: Parameter 's' implicitly has an 'any' type.
components/generation/generation-toolbar.tsx(57,49): error TS7006: Parameter 's' implicitly has an 'any' type.
components/generation/generation-toolbar.tsx(58,54): error TS7006: Parameter 's' implicitly has an 'any' type.
components/generation/generation-toolbar.tsx(59,50): error TS7006: Parameter 's' implicitly has an 'any' type.
components/generation/generation-toolbar.tsx(64,29): error TS7053: Element implicitly has an 'any' type because expression of type 'any' can't be used to index type 'Record<"tavily", WebSearchProviderConfig>'.
components/generation/generation-toolbar.tsx(77,15): error TS18046: 'config' is of type 'unknown'.
components/generation/generation-toolbar.tsx(77,40): error TS18046: 'config' is of type 'unknown'.
components/generation/generation-toolbar.tsx(77,57): error TS18046: 'config' is of type 'unknown'.
components/generation/generation-toolbar.tsx(78,13): error TS18046: 'config' is of type 'unknown'.
components/generation/generation-toolbar.tsx(79,14): error TS18046: 'config' is of type 'unknown'.
components/generation/generation-toolbar.tsx(79,32): error TS18046: 'config' is of type 'unknown'.
components/generation/generation-toolbar.tsx(79,57): error TS18046: 'config' is of type 'unknown'.
components/generation/generation-toolbar.tsx(83,17): error TS18046: 'config' is of type 'unknown'.
components/generation/generation-toolbar.tsx(84,17): error TS18046: 'config' is of type 'unknown'.
components/generation/generation-toolbar.tsx(85,31): error TS18046: 'config' is of type 'unknown'.
components/generation/generation-toolbar.tsx(87,13): error TS18046: 'config' is of type 'unknown'.
components/generation/generation-toolbar.tsx(87,43): error TS18046: 'config' is of type 'unknown'.
components/generation/generation-toolbar.tsx(87,60): error TS18046: 'config' is of type 'unknown'.
components/generation/generation-toolbar.tsx(88,17): error TS18046: 'config' is of type 'unknown'.
components/generation/generation-toolbar.tsx(88,39): error TS7006: Parameter 'm' implicitly has an 'any' type.
components/generation/generation-toolbar.tsx(88,53): error TS18046: 'config' is of type 'unknown'.
components/generation/generation-toolbar.tsx(89,17): error TS18046: 'config' is of type 'unknown'.
components/generation/generation-toolbar.tsx(113,5): error TS7026: JSX element implicitly has type 'any' because no interface 'JSX.IntrinsicElements' exists.
components/generation/generation-toolbar.tsx(113,5): error TS2875: This JSX tag requires the module path 'react/jsx-runtime' to exist, but none could be found. Make sure you have types for the appropriate package installed.
components/generation/generation-toolbar.tsx(127,13): error TS7026: JSX element implicitly has type 'any' because no interface 'JSX.IntrinsicElements' exists.
components/generation/generation-toolbar.tsx(136,15): error TS7026: JSX element implicitly has type 'any' because no interface 'JSX.IntrinsicElements' exists.
components/generation/generation-toolbar.tsx(136,53): error TS7026: JSX element implicitly has type 'any' because no interface 'JSX.IntrinsicElements' exists.
components/generation/generation-toolbar.tsx(137,13): error TS7026: JSX element implicitly has type 'any' because no interface 'JSX.IntrinsicElements' exists.
components/generation/generation-toolbar.tsx(144,7): error TS7026: JSX element implicitly has type 'any' because no interface 'JSX.IntrinsicElements' exists.
components/generation/generation-toolbar.tsx(150,13): error TS7026: JSX element implicitly has type 'any' because no interface 'JSX.IntrinsicElements' exists.
components/generation/generation-toolbar.tsx(152,15): error TS7026: JSX element implicitly has type 'any' because no interface 'JSX.IntrinsicElements' exists.
components/generation/generation-toolbar.tsx(152,70): error TS7026: JSX element implicitly has type 'any' because no interface 'JSX.IntrinsicElements' exists.
components/generation/generation-toolbar.tsx(153,15): error TS7026: JSX element implicitly has type 'any' because no interface 'JSX.IntrinsicElements' exists.
components/generation/generation-toolbar.tsx(156,27): error TS7006: Parameter 'e' implicitly has an 'any' type.
components/generation/generation-toolbar.tsx(162,15): error TS7026: JSX element implicitly has type 'any' because no interface 'JSX.IntrinsicElements' exists.
components/generation/generation-toolbar.tsx(163,13): error TS7026: JSX element implicitly has type 'any' because no interface 'JSX.IntrinsicElements' exists.
components/generation/generation-toolbar.tsx(165,13): error TS7026: JSX element implicitly has type 'any' because no interface 'JSX.IntrinsicElements' exists.
components/generation/generation-toolbar.tsx(167,13): error TS7026: JSX element implicitly has type 'any' because no interface 'JSX.IntrinsicElements' exists.
components/generation/generation-toolbar.tsx(172,11): error TS7026: JSX element implicitly has type 'any' because no interface 'JSX.IntrinsicElements' exists.
components/generation/generation-toolbar.tsx(173,13): error TS7026: JSX element implicitly has type 'any' because no interface 'JSX.IntrinsicElements' exists.
components/generation/generation-toolbar.tsx(175,13): error TS7026: JSX element implicitly has type 'any' because no interface 'JSX.IntrinsicElements' exists.
components/generation/generation-toolbar.tsx(176,59): error TS7006: Parameter 'v' implicitly has an 'any' type.
components/generation/generation-toolbar.tsx(187,23): error TS7026: JSX element implicitly has type 'any' because no interface 'JSX.IntrinsicElements' exists.
components/generation/generation-toolbar.tsx(189,27): error TS7026: JSX element implicitly has type 'any' because no interface 'JSX.IntrinsicElements' exists.
components/generation/generation-toolbar.tsx(193,27): error TS7026: JSX element implicitly has type 'any' because no interface 'JSX.IntrinsicElements' exists.
components/generation/generation-toolbar.tsx(195,27): error TS7026: JSX element implicitly has type 'any' because no interface 'JSX.IntrinsicElements' exists.
components/generation/generation-toolbar.tsx(197,23): error TS7026: JSX element implicitly has type 'any' because no interface 'JSX.IntrinsicElements' exists.
components/generation/generation-toolbar.tsx(203,11): error TS7026: JSX element implicitly has type 'any' because no interface 'JSX.IntrinsicElements' exists.
components/generation/generation-toolbar.tsx(206,11): error TS7026: JSX element implicitly has type 'any' because no interface 'JSX.IntrinsicElements' exists.
components/generation/generation-toolbar.tsx(207,13): error TS7026: JSX element implicitly has type 'any' because no interface 'JSX.IntrinsicElements' exists.
components/generation/generation-toolbar.tsx(212,26): error TS7006: Parameter 'e' implicitly has an 'any' type.
components/generation/generation-toolbar.tsx(219,15): error TS7026: JSX element implicitly has type 'any' because no interface 'JSX.IntrinsicElements' exists.
components/generation/generation-toolbar.tsx(220,17): error TS7026: JSX element implicitly has type 'any' because no interface 'JSX.IntrinsicElements' exists.
components/generation/generation-toolbar.tsx(221,19): error TS7026: JSX element implicitly has type 'any' because no interface 'JSX.IntrinsicElements' exists.
components/generation/generation-toolbar.tsx(223,19): error TS7026: JSX element implicitly has type 'any' because no interface 'JSX.IntrinsicElements' exists.
components/generation/generation-toolbar.tsx(224,19): error TS7026: JSX element implicitly has type 'any' because no interface 'JSX.IntrinsicElements' exists.
components/generation/generation-toolbar.tsx(225,21): error TS7026: JSX element implicitly has type 'any' because no interface 'JSX.IntrinsicElements' exists.
components/generation/generation-toolbar.tsx(225,79): error TS7026: JSX element implicitly has type 'any' because no interface 'JSX.IntrinsicElements' exists.
components/generation/generation-toolbar.tsx(226,21): error TS7026: JSX element implicitly has type 'any' because no interface 'JSX.IntrinsicElements' exists.
components/generation/generation-toolbar.tsx(228,21): error TS7026: JSX element implicitly has type 'any' because no interface 'JSX.IntrinsicElements' exists.
components/generation/generation-toolbar.tsx(229,19): error TS7026: JSX element implicitly has type 'any' because no interface 'JSX.IntrinsicElements' exists.
components/generation/generation-toolbar.tsx(230,17): error TS7026: JSX element implicitly has type 'any' because no interface 'JSX.IntrinsicElements' exists.
components/generation/generation-toolbar.tsx(231,17): error TS7026: JSX element implicitly has type 'any' because no interface 'JSX.IntrinsicElements' exists.
components/generation/generation-toolbar.tsx(236,17): error TS7026: JSX element implicitly has type 'any' because no interface 'JSX.IntrinsicElements' exists.
components/generation/generation-toolbar.tsx(237,15): error TS7026: JSX element implicitly has type 'any' because no interface 'JSX.IntrinsicElements' exists.
components/generation/generation-toolbar.tsx(239,15): error TS7026: JSX element implicitly has type 'any' because no interface 'JSX.IntrinsicElements' exists.
components/generation/generation-toolbar.tsx(247,30): error TS7006: Parameter 'e' implicitly has an 'any' type.
components/generation/generation-toolbar.tsx(252,26): error TS7006: Parameter 'e' implicitly has an 'any' type.
components/generation/generation-toolbar.tsx(260,17): error TS7026: JSX element implicitly has type 'any' because no interface 'JSX.IntrinsicElements' exists.
components/generation/generation-toolbar.tsx(260,76): error TS7026: JSX element implicitly has type 'any' because no interface 'JSX.IntrinsicElements' exists.
components/generation/generation-toolbar.tsx(261,17): error TS7026: JSX element implicitly has type 'any' because no interface 'JSX.IntrinsicElements' exists.
components/generation/generation-toolbar.tsx(263,17): error TS7026: JSX element implicitly has type 'any' because no interface 'JSX.IntrinsicElements' exists.
components/generation/generation-toolbar.tsx(264,15): error TS7026: JSX element implicitly has type 'any' because no interface 'JSX.IntrinsicElements' exists.
components/generation/generation-toolbar.tsx(266,11): error TS7026: JSX element implicitly has type 'any' because no interface 'JSX.IntrinsicElements' exists.
components/generation/generation-toolbar.tsx(274,13): error TS7026: JSX element implicitly has type 'any' because no interface 'JSX.IntrinsicElements' exists.
components/generation/generation-toolbar.tsx(277,17): error TS7026: JSX element implicitly has type 'any' because no interface 'JSX.IntrinsicElements' exists.
components/generation/generation-toolbar.tsx(277,24): error TS7053: Element implicitly has an 'any' type because expression of type 'any' can't be used to index type 'Record<"tavily", WebSearchProviderConfig>'.
components/generation/generation-toolbar.tsx(277,84): error TS7026: JSX element implicitly has type 'any' because no interface 'JSX.IntrinsicElements' exists.
components/generation/generation-toolbar.tsx(279,13): error TS7026: JSX element implicitly has type 'any' because no interface 'JSX.IntrinsicElements' exists.
components/generation/generation-toolbar.tsx(283,13): error TS7026: JSX element implicitly has type 'any' because no interface 'JSX.IntrinsicElements' exists.
components/generation/generation-toolbar.tsx(298,15): error TS7026: JSX element implicitly has type 'any' because no interface 'JSX.IntrinsicElements' exists.
components/generation/generation-toolbar.tsx(299,17): error TS7026: JSX element implicitly has type 'any' because no interface 'JSX.IntrinsicElements' exists.
components/generation/generation-toolbar.tsx(301,17): error TS7026: JSX element implicitly has type 'any' because no interface 'JSX.IntrinsicElements' exists.
components/generation/generation-toolbar.tsx(302,17): error TS7026: JSX element implicitly has type 'any' because no interface 'JSX.IntrinsicElements' exists.
components/generation/generation-toolbar.tsx(304,17): error TS7026: JSX element implicitly has type 'any' because no interface 'JSX.IntrinsicElements' exists.
components/generation/generation-toolbar.tsx(305,15): error TS7026: JSX element implicitly has type 'any' because no interface 'JSX.IntrinsicElements' exists.
components/generation/generation-toolbar.tsx(306,13): error TS7026: JSX element implicitly has type 'any' because no interface 'JSX.IntrinsicElements' exists.
components/generation/generation-toolbar.tsx(309,13): error TS7026: JSX element implicitly has type 'any' because no interface 'JSX.IntrinsicElements' exists.
components/generation/generation-toolbar.tsx(310,15): error TS7026: JSX element implicitly has type 'any' because no interface 'JSX.IntrinsicElements' exists.
components/generation/generation-toolbar.tsx(312,15): error TS7026: JSX element implicitly has type 'any' because no interface 'JSX.IntrinsicElements' exists.
components/generation/generation-toolbar.tsx(315,33): error TS7006: Parameter 'v' implicitly has an 'any' type.
components/generation/generation-toolbar.tsx(327,25): error TS7026: JSX element implicitly has type 'any' because no interface 'JSX.IntrinsicElements' exists.
components/generation/generation-toolbar.tsx(332,29): error TS7026: JSX element implicitly has type 'any' because no interface 'JSX.IntrinsicElements' exists.
components/generation/generation-toolbar.tsx(334,29): error TS7026: JSX element implicitly has type 'any' because no interface 'JSX.IntrinsicElements' exists.
components/generation/generation-toolbar.tsx(336,25): error TS7026: JSX element implicitly has type 'any' because no interface 'JSX.IntrinsicElements' exists.
components/generation/generation-toolbar.tsx(342,13): error TS7026: JSX element implicitly has type 'any' because no interface 'JSX.IntrinsicElements' exists.
components/generation/generation-toolbar.tsx(348,13): error TS7026: JSX element implicitly has type 'any' because no interface 'JSX.IntrinsicElements' exists.
components/generation/generation-toolbar.tsx(350,13): error TS7026: JSX element implicitly has type 'any' because no interface 'JSX.IntrinsicElements' exists.
components/generation/generation-toolbar.tsx(357,7): error TS7026: JSX element implicitly has type 'any' because no interface 'JSX.IntrinsicElements' exists.
components/generation/generation-toolbar.tsx(361,5): error TS7026: JSX element implicitly has type 'any' because no interface 'JSX.IntrinsicElements' exists.
components/generation/generation-toolbar.tsx(401,22): error TS7006: Parameter 'open' implicitly has an 'any' type.
components/generation/generation-toolbar.tsx(409,13): error TS7026: JSX element implicitly has type 'any' because no interface 'JSX.IntrinsicElements' exists.
components/generation/generation-toolbar.tsx(418,17): error TS7026: JSX element implicitly has type 'any' because no interface 'JSX.IntrinsicElements' exists.
components/generation/generation-toolbar.tsx(426,13): error TS7026: JSX element implicitly has type 'any' because no interface 'JSX.IntrinsicElements' exists.
components/generation/generation-toolbar.tsx(439,11): error TS7026: JSX element implicitly has type 'any' because no interface 'JSX.IntrinsicElements' exists.
components/generation/generation-toolbar.tsx(440,13): error TS7026: JSX element implicitly has type 'any' because no interface 'JSX.IntrinsicElements' exists.
components/generation/generation-toolbar.tsx(441,15): error TS7026: JSX element implicitly has type 'any' because no interface 'JSX.IntrinsicElements' exists.
components/generation/generation-toolbar.tsx(443,15): error TS7026: JSX element implicitly has type 'any' because no interface 'JSX.IntrinsicElements' exists.
components/generation/generation-toolbar.tsx(444,13): error TS7026: JSX element implicitly has type 'any' because no interface 'JSX.IntrinsicElements' exists.
components/generation/generation-toolbar.tsx(448,17): error TS7026: JSX element implicitly has type 'any' because no interface 'JSX.IntrinsicElements' exists.
components/generation/generation-toolbar.tsx(457,21): error TS7026: JSX element implicitly has type 'any' because no interface 'JSX.IntrinsicElements' exists.
components/generation/generation-toolbar.tsx(465,19): error TS7026: JSX element implicitly has type 'any' because no interface 'JSX.IntrinsicElements' exists.
components/generation/generation-toolbar.tsx(466,21): error TS7026: JSX element implicitly has type 'any' because no interface 'JSX.IntrinsicElements' exists.
components/generation/generation-toolbar.tsx(466,74): error TS7026: JSX element implicitly has type 'any' because no interface 'JSX.IntrinsicElements' exists.
components/generation/generation-toolbar.tsx(468,23): error TS7026: JSX element implicitly has type 'any' because no interface 'JSX.IntrinsicElements' exists.
components/generation/generation-toolbar.tsx(470,23): error TS7026: JSX element implicitly has type 'any' because no interface 'JSX.IntrinsicElements' exists.
components/generation/generation-toolbar.tsx(472,19): error TS7026: JSX element implicitly has type 'any' because no interface 'JSX.IntrinsicElements' exists.
components/generation/generation-toolbar.tsx(474,21): error TS7026: JSX element implicitly has type 'any' because no interface 'JSX.IntrinsicElements' exists.
components/generation/generation-toolbar.tsx(476,21): error TS7026: JSX element implicitly has type 'any' because no interface 'JSX.IntrinsicElements' exists.
components/generation/generation-toolbar.tsx(478,17): error TS7026: JSX element implicitly has type 'any' because no interface 'JSX.IntrinsicElements' exists.
components/generation/generation-toolbar.tsx(481,11): error TS7026: JSX element implicitly has type 'any' because no interface 'JSX.IntrinsicElements' exists.
components/generation/generation-toolbar.tsx(486,11): error TS7026: JSX element implicitly has type 'any' because no interface 'JSX.IntrinsicElements' exists.
components/generation/generation-toolbar.tsx(488,13): error TS7026: JSX element implicitly has type 'any' because no interface 'JSX.IntrinsicElements' exists.
components/generation/generation-toolbar.tsx(494,17): error TS7026: JSX element implicitly has type 'any' because no interface 'JSX.IntrinsicElements' exists.
components/generation/generation-toolbar.tsx(502,15): error TS7026: JSX element implicitly has type 'any' because no interface 'JSX.IntrinsicElements' exists.
components/generation/generation-toolbar.tsx(502,76): error TS7026: JSX element implicitly has type 'any' because no interface 'JSX.IntrinsicElements' exists.
components/generation/generation-toolbar.tsx(503,15): error TS7026: JSX element implicitly has type 'any' because no interface 'JSX.IntrinsicElements' exists.
components/generation/generation-toolbar.tsx(505,15): error TS7026: JSX element implicitly has type 'any' because no interface 'JSX.IntrinsicElements' exists.
components/generation/generation-toolbar.tsx(506,13): error TS7026: JSX element implicitly has type 'any' because no interface 'JSX.IntrinsicElements' exists.
components/generation/generation-toolbar.tsx(508,41): error TS7006: Parameter 'model' implicitly has an 'any' type.
components/generation/generation-toolbar.tsx(511,17): error TS7026: JSX element implicitly has type 'any' because no interface 'JSX.IntrinsicElements' exists.
components/generation/generation-toolbar.tsx(524,19): error TS7026: JSX element implicitly has type 'any' because no interface 'JSX.IntrinsicElements' exists.
components/generation/generation-toolbar.tsx(524,83): error TS7026: JSX element implicitly has type 'any' because no interface 'JSX.IntrinsicElements' exists.
components/generation/generation-toolbar.tsx(528,17): error TS7026: JSX element implicitly has type 'any' because no interface 'JSX.IntrinsicElements' exists.
components/generation/generation-toolbar.tsx(531,11): error TS7026: JSX element implicitly has type 'any' because no interface 'JSX.IntrinsicElements' exists.
components/generation/media-popover.tsx(3,69): error TS2307: Cannot find module 'react' or its corresponding type declarations.
components/generation/media-popover.tsx(4,33): error TS2307: Cannot find module 'lucide-react' or its corresponding type declarations.
components/generation/media-popover.tsx(14,8): error TS2307: Cannot find module 'lucide-react' or its corresponding type declarations.
components/generation/media-popover.tsx(15,23): error TS2307: Cannot find module 'sonner' or its corresponding type declarations.
components/generation/media-popover.tsx(117,52): error TS7006: Parameter 's' implicitly has an 'any' type.
components/generation/media-popover.tsx(118,52): error TS7006: Parameter 's' implicitly has an 'any' type.
components/generation/media-popover.tsx(119,40): error TS7006: Parameter 's' implicitly has an 'any' type.
components/generation/media-popover.tsx(120,40): error TS7006: Parameter 's' implicitly has an 'any' type.
components/generation/media-popover.tsx(121,55): error TS7006: Parameter 's' implicitly has an 'any' type.
components/generation/media-popover.tsx(122,55): error TS7006: Parameter 's' implicitly has an 'any' type.
components/generation/media-popover.tsx(123,43): error TS7006: Parameter 's' implicitly has an 'any' type.
components/generation/media-popover.tsx(124,43): error TS7006: Parameter 's' implicitly has an 'any' type.
components/generation/media-popover.tsx(126,45): error TS7006: Parameter 's' implicitly has an 'any' type.
components/generation/media-popover.tsx(127,42): error TS7006: Parameter 's' implicitly has an 'any' type.
components/generation/media-popover.tsx(128,50): error TS7006: Parameter 's' implicitly has an 'any' type.
components/generation/media-popover.tsx(129,46): error TS7006: Parameter 's' implicitly has an 'any' type.
components/generation/media-popover.tsx(130,45): error TS7006: Parameter 's' implicitly has an 'any' type.
components/generation/media-popover.tsx(132,45): error TS7006: Parameter 's' implicitly has an 'any' type.
components/generation/media-popover.tsx(133,42): error TS7006: Parameter 's' implicitly has an 'any' type.
components/generation/media-popover.tsx(134,50): error TS7006: Parameter 's' implicitly has an 'any' type.
components/generation/media-popover.tsx(135,46): error TS7006: Parameter 's' implicitly has an 'any' type.
components/generation/media-popover.tsx(136,45): error TS7006: Parameter 's' implicitly has an 'any' type.
components/generation/media-popover.tsx(138,43): error TS7006: Parameter 's' implicitly has an 'any' type.
components/generation/media-popover.tsx(139,38): error TS7006: Parameter 's' implicitly has an 'any' type.
components/generation/media-popover.tsx(140,38): error TS7006: Parameter 's' implicitly has an 'any' type.
components/generation/media-popover.tsx(141,48): error TS7006: Parameter 's' implicitly has an 'any' type.
components/generation/media-popover.tsx(142,44): error TS7006: Parameter 's' implicitly has an 'any' type.
components/generation/media-popover.tsx(143,41): error TS7006: Parameter 's' implicitly has an 'any' type.
components/generation/media-popover.tsx(144,41): error TS7006: Parameter 's' implicitly has an 'any' type.
components/generation/media-popover.tsx(146,43): error TS7006: Parameter 's' implicitly has an 'any' type.
components/generation/media-popover.tsx(147,41): error TS7006: Parameter 's' implicitly has an 'any' type.
components/generation/media-popover.tsx(148,48): error TS7006: Parameter 's' implicitly has an 'any' type.
components/generation/media-popover.tsx(149,44): error TS7006: Parameter 's' implicitly has an 'any' type.
components/generation/media-popover.tsx(150,44): error TS7006: Parameter 's' implicitly has an 'any' type.
components/generation/media-popover.tsx(318,28): error TS18046: 'cfg' is of type 'unknown'.
components/generation/media-popover.tsx(320,28): error TS18046: 'cfg' is of type 'unknown'.
components/generation/media-popover.tsx(345,5): error TS2875: This JSX tag requires the module path 'react/jsx-runtime' to exist, but none could be found. Make sure you have types for the appropriate package installed.
components/generation/media-popover.tsx(347,9): error TS7026: JSX element implicitly has type 'any' because no interface 'JSX.IntrinsicElements' exists.
components/generation/media-popover.tsx(360,9): error TS7026: JSX element implicitly has type 'any' because no interface 'JSX.IntrinsicElements' exists.
components/generation/media-popover.tsx(365,9): error TS7026: JSX element implicitly has type 'any' because no interface 'JSX.IntrinsicElements' exists.
components/generation/media-popover.tsx(366,11): error TS7026: JSX element implicitly has type 'any' because no interface 'JSX.IntrinsicElements' exists.
components/generation/media-popover.tsx(372,17): error TS7026: JSX element implicitly has type 'any' because no interface 'JSX.IntrinsicElements' exists.
components/generation/media-popover.tsx(383,19): error TS7026: JSX element implicitly has type 'any' because no interface 'JSX.IntrinsicElements' exists.
components/generation/media-popover.tsx(383,65): error TS7026: JSX element implicitly has type 'any' because no interface 'JSX.IntrinsicElements' exists.
components/generation/media-popover.tsx(385,21): error TS7026: JSX element implicitly has type 'any' because no interface 'JSX.IntrinsicElements' exists.
components/generation/media-popover.tsx(387,17): error TS7026: JSX element implicitly has type 'any' because no interface 'JSX.IntrinsicElements' exists.
components/generation/media-popover.tsx(390,11): error TS7026: JSX element implicitly has type 'any' because no interface 'JSX.IntrinsicElements' exists.
components/generation/media-popover.tsx(391,9): error TS7026: JSX element implicitly has type 'any' because no interface 'JSX.IntrinsicElements' exists.
components/generation/media-popover.tsx(394,9): error TS7026: JSX element implicitly has type 'any' because no interface 'JSX.IntrinsicElements' exists.
components/generation/media-popover.tsx(440,15): error TS7026: JSX element implicitly has type 'any' because no interface 'JSX.IntrinsicElements' exists.
components/generation/media-popover.tsx(442,15): error TS7026: JSX element implicitly has type 'any' because no interface 'JSX.IntrinsicElements' exists.
components/generation/media-popover.tsx(464,9): error TS7026: JSX element implicitly has type 'any' because no interface 'JSX.IntrinsicElements' exists.
components/generation/media-popover.tsx(467,9): error TS7026: JSX element implicitly has type 'any' because no interface 'JSX.IntrinsicElements' exists.
components/generation/media-popover.tsx(468,11): error TS7026: JSX element implicitly has type 'any' because no interface 'JSX.IntrinsicElements' exists.
components/generation/media-popover.tsx(475,13): error TS7026: JSX element implicitly has type 'any' because no interface 'JSX.IntrinsicElements' exists.
components/generation/media-popover.tsx(475,50): error TS7026: JSX element implicitly has type 'any' because no interface 'JSX.IntrinsicElements' exists.
components/generation/media-popover.tsx(477,11): error TS7026: JSX element implicitly has type 'any' because no interface 'JSX.IntrinsicElements' exists.
components/generation/media-popover.tsx(478,9): error TS7026: JSX element implicitly has type 'any' because no interface 'JSX.IntrinsicElements' exists.
components/generation/media-popover.tsx(496,14): error TS2503: Cannot find namespace 'React'.
components/generation/media-popover.tsx(499,5): error TS7026: JSX element implicitly has type 'any' because no interface 'JSX.IntrinsicElements' exists.
components/generation/media-popover.tsx(500,7): error TS7026: JSX element implicitly has type 'any' because no interface 'JSX.IntrinsicElements' exists.
components/generation/media-popover.tsx(507,9): error TS7026: JSX element implicitly has type 'any' because no interface 'JSX.IntrinsicElements' exists.
components/generation/media-popover.tsx(514,9): error TS7026: JSX element implicitly has type 'any' because no interface 'JSX.IntrinsicElements' exists.
components/generation/media-popover.tsx(520,7): error TS7026: JSX element implicitly has type 'any' because no interface 'JSX.IntrinsicElements' exists.
components/generation/media-popover.tsx(522,5): error TS7026: JSX element implicitly has type 'any' because no interface 'JSX.IntrinsicElements' exists.
components/generation/media-popover.tsx(557,23): error TS7006: Parameter 'v' implicitly has an 'any' type.
components/generation/media-popover.tsx(564,9): error TS7026: JSX element implicitly has type 'any' because no interface 'JSX.IntrinsicElements' exists.
components/generation/media-popover.tsx(566,13): error TS7026: JSX element implicitly has type 'any' because no interface 'JSX.IntrinsicElements' exists.
components/generation/media-popover.tsx(568,11): error TS7026: JSX element implicitly has type 'any' because no interface 'JSX.IntrinsicElements' exists.
components/generation/media-popover.tsx(568,76): error TS7026: JSX element implicitly has type 'any' because no interface 'JSX.IntrinsicElements' exists.
components/generation/media-popover.tsx(569,11): error TS7026: JSX element implicitly has type 'any' because no interface 'JSX.IntrinsicElements' exists.
components/generation/media-popover.tsx(569,55): error TS7026: JSX element implicitly has type 'any' because no interface 'JSX.IntrinsicElements' exists.
components/generation/media-popover.tsx(570,11): error TS7026: JSX element implicitly has type 'any' because no interface 'JSX.IntrinsicElements' exists.
components/generation/media-popover.tsx(572,11): error TS7026: JSX element implicitly has type 'any' because no interface 'JSX.IntrinsicElements' exists.
components/generation/media-popover.tsx(573,9): error TS7026: JSX element implicitly has type 'any' because no interface 'JSX.IntrinsicElements' exists.
components/generation/media-popover.tsx(582,19): error TS7026: JSX element implicitly has type 'any' because no interface 'JSX.IntrinsicElements' exists.
components/generation/outlines-editor.tsx(15,54): error TS2307: Cannot find module 'lucide-react' or its corresponding type declarations.
components/generation/outlines-editor.tsx(16,24): error TS2307: Cannot find module 'nanoid' or its corresponding type declarations.
components/generation/outlines-editor.tsx(82,5): error TS7026: JSX element implicitly has type 'any' because no interface 'JSX.IntrinsicElements' exists.
components/generation/outlines-editor.tsx(82,5): error TS2875: This JSX tag requires the module path 'react/jsx-runtime' to exist, but none could be found. Make sure you have types for the appropriate package installed.
components/generation/outlines-editor.tsx(83,7): error TS7026: JSX element implicitly has type 'any' because no interface 'JSX.IntrinsicElements' exists.
components/generation/outlines-editor.tsx(84,9): error TS7026: JSX element implicitly has type 'any' because no interface 'JSX.IntrinsicElements' exists.
components/generation/outlines-editor.tsx(85,11): error TS7026: JSX element implicitly has type 'any' because no interface 'JSX.IntrinsicElements' exists.
components/generation/outlines-editor.tsx(85,53): error TS7026: JSX element implicitly has type 'any' because no interface 'JSX.IntrinsicElements' exists.
components/generation/outlines-editor.tsx(86,11): error TS7026: JSX element implicitly has type 'any' because no interface 'JSX.IntrinsicElements' exists.
components/generation/outlines-editor.tsx(88,11): error TS7026: JSX element implicitly has type 'any' because no interface 'JSX.IntrinsicElements' exists.
components/generation/outlines-editor.tsx(89,9): error TS7026: JSX element implicitly has type 'any' because no interface 'JSX.IntrinsicElements' exists.
components/generation/outlines-editor.tsx(94,7): error TS7026: JSX element implicitly has type 'any' because no interface 'JSX.IntrinsicElements' exists.
components/generation/outlines-editor.tsx(96,7): error TS7026: JSX element implicitly has type 'any' because no interface 'JSX.IntrinsicElements' exists.
components/generation/outlines-editor.tsx(100,15): error TS7026: JSX element implicitly has type 'any' because no interface 'JSX.IntrinsicElements' exists.
components/generation/outlines-editor.tsx(101,17): error TS7026: JSX element implicitly has type 'any' because no interface 'JSX.IntrinsicElements' exists.
components/generation/outlines-editor.tsx(120,17): error TS7026: JSX element implicitly has type 'any' because no interface 'JSX.IntrinsicElements' exists.
components/generation/outlines-editor.tsx(121,17): error TS7026: JSX element implicitly has type 'any' because no interface 'JSX.IntrinsicElements' exists.
components/generation/outlines-editor.tsx(123,21): error TS7026: JSX element implicitly has type 'any' because no interface 'JSX.IntrinsicElements' exists.
components/generation/outlines-editor.tsx(125,21): error TS7026: JSX element implicitly has type 'any' because no interface 'JSX.IntrinsicElements' exists.
components/generation/outlines-editor.tsx(128,34): error TS7006: Parameter 'e' implicitly has an 'any' type.
components/generation/outlines-editor.tsx(134,17): error TS7026: JSX element implicitly has type 'any' because no interface 'JSX.IntrinsicElements' exists.
components/generation/outlines-editor.tsx(137,35): error TS7006: Parameter 'value' implicitly has an 'any' type.
components/generation/outlines-editor.tsx(160,15): error TS7026: JSX element implicitly has type 'any' because no interface 'JSX.IntrinsicElements' exists.
components/generation/outlines-editor.tsx(163,15): error TS7026: JSX element implicitly has type 'any' because no interface 'JSX.IntrinsicElements' exists.
components/generation/outlines-editor.tsx(167,30): error TS7006: Parameter 'e' implicitly has an 'any' type.
components/generation/outlines-editor.tsx(172,15): error TS7026: JSX element implicitly has type 'any' because no interface 'JSX.IntrinsicElements' exists.
components/generation/outlines-editor.tsx(174,15): error TS7026: JSX element implicitly has type 'any' because no interface 'JSX.IntrinsicElements' exists.
components/generation/outlines-editor.tsx(178,30): error TS7006: Parameter 'e' implicitly has an 'any' type.
components/generation/outlines-editor.tsx(183,15): error TS7026: JSX element implicitly has type 'any' because no interface 'JSX.IntrinsicElements' exists.
components/generation/outlines-editor.tsx(186,17): error TS7026: JSX element implicitly has type 'any' because no interface 'JSX.IntrinsicElements' exists.
components/generation/outlines-editor.tsx(188,19): error TS7026: JSX element implicitly has type 'any' because no interface 'JSX.IntrinsicElements' exists.
components/generation/outlines-editor.tsx(189,21): error TS7026: JSX element implicitly has type 'any' because no interface 'JSX.IntrinsicElements' exists.
components/generation/outlines-editor.tsx(194,36): error TS7006: Parameter 'e' implicitly has an 'any' type.
components/generation/outlines-editor.tsx(208,21): error TS7026: JSX element implicitly has type 'any' because no interface 'JSX.IntrinsicElements' exists.
components/generation/outlines-editor.tsx(209,21): error TS7026: JSX element implicitly has type 'any' because no interface 'JSX.IntrinsicElements' exists.
components/generation/outlines-editor.tsx(213,41): error TS7006: Parameter 'value' implicitly has an 'any' type.
components/generation/outlines-editor.tsx(234,21): error TS7026: JSX element implicitly has type 'any' because no interface 'JSX.IntrinsicElements' exists.
components/generation/outlines-editor.tsx(235,21): error TS7026: JSX element implicitly has type 'any' because no interface 'JSX.IntrinsicElements' exists.
components/generation/outlines-editor.tsx(239,41): error TS7006: Parameter 'value' implicitly has an 'any' type.
components/generation/outlines-editor.tsx(260,21): error TS7026: JSX element implicitly has type 'any' because no interface 'JSX.IntrinsicElements' exists.
components/generation/outlines-editor.tsx(261,19): error TS7026: JSX element implicitly has type 'any' because no interface 'JSX.IntrinsicElements' exists.
components/generation/outlines-editor.tsx(262,17): error TS7026: JSX element implicitly has type 'any' because no interface 'JSX.IntrinsicElements' exists.
components/generation/outlines-editor.tsx(267,7): error TS7026: JSX element implicitly has type 'any' because no interface 'JSX.IntrinsicElements' exists.
components/generation/outlines-editor.tsx(271,11): error TS7026: JSX element implicitly has type 'any' because no interface 'JSX.IntrinsicElements' exists.
components/generation/outlines-editor.tsx(271,59): error TS7026: JSX element implicitly has type 'any' because no interface 'JSX.IntrinsicElements' exists.
components/generation/outlines-editor.tsx(280,7): error TS7026: JSX element implicitly has type 'any' because no interface 'JSX.IntrinsicElements' exists.
components/generation/outlines-editor.tsx(287,7): error TS7026: JSX element implicitly has type 'any' because no interface 'JSX.IntrinsicElements' exists.
components/generation/outlines-editor.tsx(288,5): error TS7026: JSX element implicitly has type 'any' because no interface 'JSX.IntrinsicElements' exists.
components/header.tsx(14,8): error TS2307: Cannot find module 'lucide-react' or its corresponding type declarations.
components/header.tsx(18,58): error TS2307: Cannot find module 'react' or its corresponding type declarations.
components/header.tsx(19,27): error TS2307: Cannot find module 'next/navigation' or its corresponding type declarations.
components/header.tsx(43,33): error TS7006: Parameter 's' implicitly has an 'any' type.
components/header.tsx(44,45): error TS7006: Parameter 's' implicitly has an 'any' type.
components/header.tsx(45,41): error TS7006: Parameter 's' implicitly has an 'any' type.
components/header.tsx(46,47): error TS7006: Parameter 's' implicitly has an 'any' type.
components/header.tsx(52,47): error TS18046: 'task' is of type 'unknown'.
components/header.tsx(52,73): error TS18046: 'task' is of type 'unknown'.
components/header.tsx(77,5): error TS2875: This JSX tag requires the module path 'react/jsx-runtime' to exist, but none could be found. Make sure you have types for the appropriate package installed.
components/header.tsx(78,7): error TS7026: JSX element implicitly has type 'any' because no interface 'JSX.IntrinsicElements' exists.
components/header.tsx(79,9): error TS7026: JSX element implicitly has type 'any' because no interface 'JSX.IntrinsicElements' exists.
components/header.tsx(80,11): error TS7026: JSX element implicitly has type 'any' because no interface 'JSX.IntrinsicElements' exists.
components/header.tsx(86,11): error TS7026: JSX element implicitly has type 'any' because no interface 'JSX.IntrinsicElements' exists.
components/header.tsx(87,11): error TS7026: JSX element implicitly has type 'any' because no interface 'JSX.IntrinsicElements' exists.
components/header.tsx(88,13): error TS7026: JSX element implicitly has type 'any' because no interface 'JSX.IntrinsicElements' exists.
components/header.tsx(90,13): error TS7026: JSX element implicitly has type 'any' because no interface 'JSX.IntrinsicElements' exists.
components/header.tsx(91,13): error TS7026: JSX element implicitly has type 'any' because no interface 'JSX.IntrinsicElements' exists.
components/header.tsx(96,13): error TS7026: JSX element implicitly has type 'any' because no interface 'JSX.IntrinsicElements' exists.
components/header.tsx(97,11): error TS7026: JSX element implicitly has type 'any' because no interface 'JSX.IntrinsicElements' exists.
components/header.tsx(98,9): error TS7026: JSX element implicitly has type 'any' because no interface 'JSX.IntrinsicElements' exists.
components/header.tsx(100,9): error TS7026: JSX element implicitly has type 'any' because no interface 'JSX.IntrinsicElements' exists.
components/header.tsx(104,11): error TS7026: JSX element implicitly has type 'any' because no interface 'JSX.IntrinsicElements' exists.
components/header.tsx(107,11): error TS7026: JSX element implicitly has type 'any' because no interface 'JSX.IntrinsicElements' exists.
components/header.tsx(108,13): error TS7026: JSX element implicitly has type 'any' because no interface 'JSX.IntrinsicElements' exists.
components/header.tsx(117,13): error TS7026: JSX element implicitly has type 'any' because no interface 'JSX.IntrinsicElements' exists.
components/header.tsx(119,15): error TS7026: JSX element implicitly has type 'any' because no interface 'JSX.IntrinsicElements' exists.
components/header.tsx(120,17): error TS7026: JSX element implicitly has type 'any' because no interface 'JSX.IntrinsicElements' exists.
components/header.tsx(133,17): error TS7026: JSX element implicitly has type 'any' because no interface 'JSX.IntrinsicElements' exists.
components/header.tsx(134,17): error TS7026: JSX element implicitly has type 'any' because no interface 'JSX.IntrinsicElements' exists.
components/header.tsx(147,17): error TS7026: JSX element implicitly has type 'any' because no interface 'JSX.IntrinsicElements' exists.
components/header.tsx(148,17): error TS7026: JSX element implicitly has type 'any' because no interface 'JSX.IntrinsicElements' exists.
components/header.tsx(161,17): error TS7026: JSX element implicitly has type 'any' because no interface 'JSX.IntrinsicElements' exists.
components/header.tsx(162,15): error TS7026: JSX element implicitly has type 'any' because no interface 'JSX.IntrinsicElements' exists.
components/header.tsx(164,11): error TS7026: JSX element implicitly has type 'any' because no interface 'JSX.IntrinsicElements' exists.
components/header.tsx(166,11): error TS7026: JSX element implicitly has type 'any' because no interface 'JSX.IntrinsicElements' exists.
components/header.tsx(169,11): error TS7026: JSX element implicitly has type 'any' because no interface 'JSX.IntrinsicElements' exists.
components/header.tsx(170,13): error TS7026: JSX element implicitly has type 'any' because no interface 'JSX.IntrinsicElements' exists.
components/header.tsx(175,13): error TS7026: JSX element implicitly has type 'any' because no interface 'JSX.IntrinsicElements' exists.
components/header.tsx(176,11): error TS7026: JSX element implicitly has type 'any' because no interface 'JSX.IntrinsicElements' exists.
components/header.tsx(177,9): error TS7026: JSX element implicitly has type 'any' because no interface 'JSX.IntrinsicElements' exists.
components/header.tsx(180,9): error TS7026: JSX element implicitly has type 'any' because no interface 'JSX.IntrinsicElements' exists.
components/header.tsx(181,11): error TS7026: JSX element implicitly has type 'any' because no interface 'JSX.IntrinsicElements' exists.
components/header.tsx(205,11): error TS7026: JSX element implicitly has type 'any' because no interface 'JSX.IntrinsicElements' exists.
components/header.tsx(207,13): error TS7026: JSX element implicitly has type 'any' because no interface 'JSX.IntrinsicElements' exists.
components/header.tsx(208,15): error TS7026: JSX element implicitly has type 'any' because no interface 'JSX.IntrinsicElements' exists.
components/header.tsx(216,17): error TS7026: JSX element implicitly has type 'any' because no interface 'JSX.IntrinsicElements' exists.
components/header.tsx(216,41): error TS7026: JSX element implicitly has type 'any' because no interface 'JSX.IntrinsicElements' exists.
components/header.tsx(217,15): error TS7026: JSX element implicitly has type 'any' because no interface 'JSX.IntrinsicElements' exists.
components/header.tsx(218,15): error TS7026: JSX element implicitly has type 'any' because no interface 'JSX.IntrinsicElements' exists.
components/header.tsx(226,17): error TS7026: JSX element implicitly has type 'any' because no interface 'JSX.IntrinsicElements' exists.
components/header.tsx(227,19): error TS7026: JSX element implicitly has type 'any' because no interface 'JSX.IntrinsicElements' exists.
components/header.tsx(227,50): error TS7026: JSX element implicitly has type 'any' because no interface 'JSX.IntrinsicElements' exists.
components/header.tsx(228,19): error TS7026: JSX element implicitly has type 'any' because no interface 'JSX.IntrinsicElements' exists.
components/header.tsx(230,19): error TS7026: JSX element implicitly has type 'any' because no interface 'JSX.IntrinsicElements' exists.
components/header.tsx(231,17): error TS7026: JSX element implicitly has type 'any' because no interface 'JSX.IntrinsicElements' exists.
components/header.tsx(232,15): error TS7026: JSX element implicitly has type 'any' because no interface 'JSX.IntrinsicElements' exists.
components/header.tsx(233,15): error TS7026: JSX element implicitly has type 'any' because no interface 'JSX.IntrinsicElements' exists.
components/header.tsx(242,17): error TS7026: JSX element implicitly has type 'any' because no interface 'JSX.IntrinsicElements' exists.
components/header.tsx(243,19): error TS7026: JSX element implicitly has type 'any' because no interface 'JSX.IntrinsicElements' exists.
components/header.tsx(243,50): error TS7026: JSX element implicitly has type 'any' because no interface 'JSX.IntrinsicElements' exists.
components/header.tsx(244,19): error TS7026: JSX element implicitly has type 'any' because no interface 'JSX.IntrinsicElements' exists.
components/header.tsx(246,19): error TS7026: JSX element implicitly has type 'any' because no interface 'JSX.IntrinsicElements' exists.
components/header.tsx(247,17): error TS7026: JSX element implicitly has type 'any' because no interface 'JSX.IntrinsicElements' exists.
components/header.tsx(248,15): error TS7026: JSX element implicitly has type 'any' because no interface 'JSX.IntrinsicElements' exists.
components/header.tsx(249,13): error TS7026: JSX element implicitly has type 'any' because no interface 'JSX.IntrinsicElements' exists.
components/header.tsx(251,9): error TS7026: JSX element implicitly has type 'any' because no interface 'JSX.IntrinsicElements' exists.
components/header.tsx(252,7): error TS7026: JSX element implicitly has type 'any' because no interface 'JSX.IntrinsicElements' exists.
components/language-switcher.tsx(3,45): error TS2307: Cannot find module 'react' or its corresponding type declarations.
components/language-switcher.tsx(31,5): error TS7026: JSX element implicitly has type 'any' because no interface 'JSX.IntrinsicElements' exists.
components/language-switcher.tsx(31,5): error TS2875: This JSX tag requires the module path 'react/jsx-runtime' to exist, but none could be found. Make sure you have types for the appropriate package installed.
components/language-switcher.tsx(32,7): error TS7026: JSX element implicitly has type 'any' because no interface 'JSX.IntrinsicElements' exists.
components/language-switcher.tsx(41,7): error TS7026: JSX element implicitly has type 'any' because no interface 'JSX.IntrinsicElements' exists.
components/language-switcher.tsx(43,9): error TS7026: JSX element implicitly has type 'any' because no interface 'JSX.IntrinsicElements' exists.
components/language-switcher.tsx(45,13): error TS7026: JSX element implicitly has type 'any' because no interface 'JSX.IntrinsicElements' exists.
components/language-switcher.tsx(58,13): error TS7026: JSX element implicitly has type 'any' because no interface 'JSX.IntrinsicElements' exists.
components/language-switcher.tsx(60,9): error TS7026: JSX element implicitly has type 'any' because no interface 'JSX.IntrinsicElements' exists.
components/language-switcher.tsx(62,5): error TS7026: JSX element implicitly has type 'any' because no interface 'JSX.IntrinsicElements' exists.
components/roundtable/audio-indicator.tsx(3,24): error TS2307: Cannot find module 'motion/react' or its corresponding type declarations.
components/roundtable/audio-indicator.tsx(21,5): error TS7026: JSX element implicitly has type 'any' because no interface 'JSX.IntrinsicElements' exists.
components/roundtable/audio-indicator.tsx(21,5): error TS2875: This JSX tag requires the module path 'react/jsx-runtime' to exist, but none could be found. Make sure you have types for the appropriate package installed.
components/roundtable/audio-indicator.tsx(41,5): error TS7026: JSX element implicitly has type 'any' because no interface 'JSX.IntrinsicElements' exists.
components/roundtable/index.tsx(3,58): error TS2307: Cannot find module 'react' or its corresponding type declarations.
components/roundtable/index.tsx(4,41): error TS2307: Cannot find module 'motion/react' or its corresponding type declarations.
components/roundtable/index.tsx(18,8): error TS2307: Cannot find module 'lucide-react' or its corresponding type declarations.
components/roundtable/index.tsx(24,23): error TS2307: Cannot find module 'sonner' or its corresponding type declarations.
components/roundtable/index.tsx(93,37): error TS2503: Cannot find namespace 'React'.
components/roundtable/index.tsx(113,5): error TS2875: This JSX tag requires the module path 'react/jsx-runtime' to exist, but none could be found. Make sure you have types for the appropriate package installed.
components/roundtable/index.tsx(179,38): error TS7006: Parameter 's' implicitly has an 'any' type.
components/roundtable/index.tsx(180,41): error TS7006: Parameter 's' implicitly has an 'any' type.
components/roundtable/index.tsx(181,40): error TS7006: Parameter 'state' implicitly has an 'any' type.
components/roundtable/index.tsx(182,40): error TS7006: Parameter 'state' implicitly has an 'any' type.
components/roundtable/index.tsx(183,43): error TS7006: Parameter 's' implicitly has an 'any' type.
components/roundtable/index.tsx(184,39): error TS7006: Parameter 's' implicitly has an 'any' type.
components/roundtable/index.tsx(185,42): error TS7006: Parameter 's' implicitly has an 'any' type.
components/roundtable/index.tsx(186,45): error TS7006: Parameter 's' implicitly has an 'any' type.
components/roundtable/index.tsx(187,48): error TS7006: Parameter 's' implicitly has an 'any' type.
components/roundtable/index.tsx(188,43): error TS7006: Parameter 's' implicitly has an 'any' type.
components/roundtable/index.tsx(189,46): error TS7006: Parameter 's' implicitly has an 'any' type.
components/roundtable/index.tsx(656,7): error TS7026: JSX element implicitly has type 'any' because no interface 'JSX.IntrinsicElements' exists.
components/roundtable/index.tsx(672,11): error TS7026: JSX element implicitly has type 'any' because no interface 'JSX.IntrinsicElements' exists.
components/roundtable/index.tsx(683,9): error TS7026: JSX element implicitly has type 'any' because no interface 'JSX.IntrinsicElements' exists.
components/roundtable/index.tsx(690,11): error TS7026: JSX element implicitly has type 'any' because no interface 'JSX.IntrinsicElements' exists.
components/roundtable/index.tsx(692,11): error TS7026: JSX element implicitly has type 'any' because no interface 'JSX.IntrinsicElements' exists.
components/roundtable/index.tsx(693,9): error TS7026: JSX element implicitly has type 'any' because no interface 'JSX.IntrinsicElements' exists.
components/roundtable/index.tsx(715,15): error TS7026: JSX element implicitly has type 'any' because no interface 'JSX.IntrinsicElements' exists.
components/roundtable/index.tsx(724,9): error TS7026: JSX element implicitly has type 'any' because no interface 'JSX.IntrinsicElements' exists.
components/roundtable/index.tsx(738,17): error TS7026: JSX element implicitly has type 'any' because no interface 'JSX.IntrinsicElements' exists.
components/roundtable/index.tsx(739,19): error TS7026: JSX element implicitly has type 'any' because no interface 'JSX.IntrinsicElements' exists.
components/roundtable/index.tsx(740,21): error TS7026: JSX element implicitly has type 'any' because no interface 'JSX.IntrinsicElements' exists.
components/roundtable/index.tsx(742,34): error TS7006: Parameter 'e' implicitly has an 'any' type.
components/roundtable/index.tsx(743,35): error TS7006: Parameter 'e' implicitly has an 'any' type.
components/roundtable/index.tsx(755,19): error TS7026: JSX element implicitly has type 'any' because no interface 'JSX.IntrinsicElements' exists.
components/roundtable/index.tsx(756,19): error TS7026: JSX element implicitly has type 'any' because no interface 'JSX.IntrinsicElements' exists.
components/roundtable/index.tsx(771,19): error TS7026: JSX element implicitly has type 'any' because no interface 'JSX.IntrinsicElements' exists.
components/roundtable/index.tsx(772,17): error TS7026: JSX element implicitly has type 'any' because no interface 'JSX.IntrinsicElements' exists.
components/roundtable/index.tsx(787,17): error TS7026: JSX element implicitly has type 'any' because no interface 'JSX.IntrinsicElements' exists.
components/roundtable/index.tsx(789,19): error TS7026: JSX element implicitly has type 'any' because no interface 'JSX.IntrinsicElements' exists.
components/roundtable/index.tsx(791,19): error TS7026: JSX element implicitly has type 'any' because no interface 'JSX.IntrinsicElements' exists.
components/roundtable/index.tsx(792,19): error TS7026: JSX element implicitly has type 'any' because no interface 'JSX.IntrinsicElements' exists.
components/roundtable/index.tsx(794,19): error TS7026: JSX element implicitly has type 'any' because no interface 'JSX.IntrinsicElements' exists.
components/roundtable/index.tsx(796,19): error TS7026: JSX element implicitly has type 'any' because no interface 'JSX.IntrinsicElements' exists.
components/roundtable/index.tsx(804,21): error TS7026: JSX element implicitly has type 'any' because no interface 'JSX.IntrinsicElements' exists.
components/roundtable/index.tsx(806,21): error TS7026: JSX element implicitly has type 'any' because no interface 'JSX.IntrinsicElements' exists.
components/roundtable/index.tsx(807,21): error TS7026: JSX element implicitly has type 'any' because no interface 'JSX.IntrinsicElements' exists.
components/roundtable/index.tsx(808,19): error TS7026: JSX element implicitly has type 'any' because no interface 'JSX.IntrinsicElements' exists.
components/roundtable/index.tsx(809,17): error TS7026: JSX element implicitly has type 'any' because no interface 'JSX.IntrinsicElements' exists.
components/roundtable/index.tsx(825,17): error TS7026: JSX element implicitly has type 'any' because no interface 'JSX.IntrinsicElements' exists.
components/roundtable/index.tsx(831,17): error TS7026: JSX element implicitly has type 'any' because no interface 'JSX.IntrinsicElements' exists.
components/roundtable/index.tsx(845,17): error TS7026: JSX element implicitly has type 'any' because no interface 'JSX.IntrinsicElements' exists.
components/roundtable/index.tsx(854,17): error TS7026: JSX element implicitly has type 'any' because no interface 'JSX.IntrinsicElements' exists.
components/roundtable/index.tsx(855,17): error TS7026: JSX element implicitly has type 'any' because no interface 'JSX.IntrinsicElements' exists.
components/roundtable/index.tsx(857,17): error TS7026: JSX element implicitly has type 'any' because no interface 'JSX.IntrinsicElements' exists.
components/roundtable/index.tsx(861,9): error TS7026: JSX element implicitly has type 'any' because no interface 'JSX.IntrinsicElements' exists.
components/roundtable/index.tsx(864,9): error TS7026: JSX element implicitly has type 'any' because no interface 'JSX.IntrinsicElements' exists.
components/roundtable/index.tsx(892,17): error TS7026: JSX element implicitly has type 'any' because no interface 'JSX.IntrinsicElements' exists.
components/roundtable/index.tsx(911,25): error TS7026: JSX element implicitly has type 'any' because no interface 'JSX.IntrinsicElements' exists.
components/roundtable/index.tsx(912,27): error TS7026: JSX element implicitly has type 'any' because no interface 'JSX.IntrinsicElements' exists.
components/roundtable/index.tsx(913,27): error TS7026: JSX element implicitly has type 'any' because no interface 'JSX.IntrinsicElements' exists.
components/roundtable/index.tsx(923,27): error TS7026: JSX element implicitly has type 'any' because no interface 'JSX.IntrinsicElements' exists.
components/roundtable/index.tsx(924,25): error TS7026: JSX element implicitly has type 'any' because no interface 'JSX.IntrinsicElements' exists.
components/roundtable/index.tsx(929,21): error TS7026: JSX element implicitly has type 'any' because no interface 'JSX.IntrinsicElements' exists.
components/roundtable/index.tsx(930,23): error TS7026: JSX element implicitly has type 'any' because no interface 'JSX.IntrinsicElements' exists.
components/roundtable/index.tsx(944,23): error TS7026: JSX element implicitly has type 'any' because no interface 'JSX.IntrinsicElements' exists.
components/roundtable/index.tsx(945,21): error TS7026: JSX element implicitly has type 'any' because no interface 'JSX.IntrinsicElements' exists.
components/roundtable/index.tsx(948,23): error TS7026: JSX element implicitly has type 'any' because no interface 'JSX.IntrinsicElements' exists.
components/roundtable/index.tsx(954,35): error TS7006: Parameter 'e' implicitly has an 'any' type.
components/roundtable/index.tsx(969,23): error TS7026: JSX element implicitly has type 'any' because no interface 'JSX.IntrinsicElements' exists.
components/roundtable/index.tsx(970,23): error TS7026: JSX element implicitly has type 'any' because no interface 'JSX.IntrinsicElements' exists.
components/roundtable/index.tsx(972,35): error TS7006: Parameter 'e' implicitly has an 'any' type.
components/roundtable/index.tsx(984,23): error TS7026: JSX element implicitly has type 'any' because no interface 'JSX.IntrinsicElements' exists.
components/roundtable/index.tsx(988,19): error TS7026: JSX element implicitly has type 'any' because no interface 'JSX.IntrinsicElements' exists.
components/roundtable/index.tsx(992,31): error TS7006: Parameter 'e' implicitly has an 'any' type.
components/roundtable/index.tsx(997,21): error TS7026: JSX element implicitly has type 'any' because no interface 'JSX.IntrinsicElements' exists.
components/roundtable/index.tsx(1005,23): error TS7026: JSX element implicitly has type 'any' because no interface 'JSX.IntrinsicElements' exists.
components/roundtable/index.tsx(1015,23): error TS7026: JSX element implicitly has type 'any' because no interface 'JSX.IntrinsicElements' exists.
components/roundtable/index.tsx(1017,23): error TS7026: JSX element implicitly has type 'any' because no interface 'JSX.IntrinsicElements' exists.
components/roundtable/index.tsx(1018,21): error TS7026: JSX element implicitly has type 'any' because no interface 'JSX.IntrinsicElements' exists.
components/roundtable/index.tsx(1019,19): error TS7026: JSX element implicitly has type 'any' because no interface 'JSX.IntrinsicElements' exists.
components/roundtable/index.tsx(1020,17): error TS7026: JSX element implicitly has type 'any' because no interface 'JSX.IntrinsicElements' exists.
components/roundtable/index.tsx(1048,9): error TS7026: JSX element implicitly has type 'any' because no interface 'JSX.IntrinsicElements' exists.
components/roundtable/index.tsx(1049,7): error TS7026: JSX element implicitly has type 'any' because no interface 'JSX.IntrinsicElements' exists.
components/roundtable/index.tsx(1054,5): error TS7026: JSX element implicitly has type 'any' because no interface 'JSX.IntrinsicElements' exists.
components/roundtable/index.tsx(1063,7): error TS7026: JSX element implicitly has type 'any' because no interface 'JSX.IntrinsicElements' exists.
components/roundtable/index.tsx(1070,7): error TS7026: JSX element implicitly has type 'any' because no interface 'JSX.IntrinsicElements' exists.
components/roundtable/index.tsx(1072,7): error TS7026: JSX element implicitly has type 'any' because no interface 'JSX.IntrinsicElements' exists.
components/roundtable/index.tsx(1074,9): error TS7026: JSX element implicitly has type 'any' because no interface 'JSX.IntrinsicElements' exists.
components/roundtable/index.tsx(1081,11): error TS7026: JSX element implicitly has type 'any' because no interface 'JSX.IntrinsicElements' exists.
components/roundtable/index.tsx(1082,11): error TS7026: JSX element implicitly has type 'any' because no interface 'JSX.IntrinsicElements' exists.
components/roundtable/index.tsx(1084,13): error TS7026: JSX element implicitly has type 'any' because no interface 'JSX.IntrinsicElements' exists.
components/roundtable/index.tsx(1085,11): error TS7026: JSX element implicitly has type 'any' because no interface 'JSX.IntrinsicElements' exists.
components/roundtable/index.tsx(1088,11): error TS7026: JSX element implicitly has type 'any' because no interface 'JSX.IntrinsicElements' exists.
components/roundtable/index.tsx(1090,13): error TS7026: JSX element implicitly has type 'any' because no interface 'JSX.IntrinsicElements' exists.
components/roundtable/index.tsx(1096,19): error TS7026: JSX element implicitly has type 'any' because no interface 'JSX.IntrinsicElements' exists.
components/roundtable/index.tsx(1097,21): error TS7026: JSX element implicitly has type 'any' because no interface 'JSX.IntrinsicElements' exists.
components/roundtable/index.tsx(1103,23): error TS7026: JSX element implicitly has type 'any' because no interface 'JSX.IntrinsicElements' exists.
components/roundtable/index.tsx(1112,23): error TS7026: JSX element implicitly has type 'any' because no interface 'JSX.IntrinsicElements' exists.
components/roundtable/index.tsx(1113,25): error TS7026: JSX element implicitly has type 'any' because no interface 'JSX.IntrinsicElements' exists.
components/roundtable/index.tsx(1118,23): error TS7026: JSX element implicitly has type 'any' because no interface 'JSX.IntrinsicElements' exists.
components/roundtable/index.tsx(1121,25): error TS7026: JSX element implicitly has type 'any' because no interface 'JSX.IntrinsicElements' exists.
components/roundtable/index.tsx(1122,27): error TS7026: JSX element implicitly has type 'any' because no interface 'JSX.IntrinsicElements' exists.
components/roundtable/index.tsx(1123,25): error TS7026: JSX element implicitly has type 'any' because no interface 'JSX.IntrinsicElements' exists.
components/roundtable/index.tsx(1125,21): error TS7026: JSX element implicitly has type 'any' because no interface 'JSX.IntrinsicElements' exists.
components/roundtable/index.tsx(1127,21): error TS7026: JSX element implicitly has type 'any' because no interface 'JSX.IntrinsicElements' exists.
components/roundtable/index.tsx(1136,21): error TS7026: JSX element implicitly has type 'any' because no interface 'JSX.IntrinsicElements' exists.
components/roundtable/index.tsx(1137,19): error TS7026: JSX element implicitly has type 'any' because no interface 'JSX.IntrinsicElements' exists.
components/roundtable/index.tsx(1148,25): error TS7026: JSX element implicitly has type 'any' because no interface 'JSX.IntrinsicElements' exists.
components/roundtable/index.tsx(1149,27): error TS7026: JSX element implicitly has type 'any' because no interface 'JSX.IntrinsicElements' exists.
components/roundtable/index.tsx(1150,29): error TS7026: JSX element implicitly has type 'any' because no interface 'JSX.IntrinsicElements' exists.
components/roundtable/index.tsx(1155,27): error TS7026: JSX element implicitly has type 'any' because no interface 'JSX.IntrinsicElements' exists.
components/roundtable/index.tsx(1156,27): error TS7026: JSX element implicitly has type 'any' because no interface 'JSX.IntrinsicElements' exists.
components/roundtable/index.tsx(1157,29): error TS7026: JSX element implicitly has type 'any' because no interface 'JSX.IntrinsicElements' exists.
components/roundtable/index.tsx(1157,86): error TS7026: JSX element implicitly has type 'any' because no interface 'JSX.IntrinsicElements' exists.
components/roundtable/index.tsx(1158,29): error TS7026: JSX element implicitly has type 'any' because no interface 'JSX.IntrinsicElements' exists.
components/roundtable/index.tsx(1165,29): error TS7026: JSX element implicitly has type 'any' because no interface 'JSX.IntrinsicElements' exists.
components/roundtable/index.tsx(1166,27): error TS7026: JSX element implicitly has type 'any' because no interface 'JSX.IntrinsicElements' exists.
components/roundtable/index.tsx(1167,25): error TS7026: JSX element implicitly has type 'any' because no interface 'JSX.IntrinsicElements' exists.
components/roundtable/index.tsx(1169,27): error TS7026: JSX element implicitly has type 'any' because no interface 'JSX.IntrinsicElements' exists.
components/roundtable/index.tsx(1171,27): error TS7026: JSX element implicitly has type 'any' because no interface 'JSX.IntrinsicElements' exists.
components/roundtable/index.tsx(1196,13): error TS7026: JSX element implicitly has type 'any' because no interface 'JSX.IntrinsicElements' exists.
components/roundtable/index.tsx(1197,11): error TS7026: JSX element implicitly has type 'any' because no interface 'JSX.IntrinsicElements' exists.
components/roundtable/index.tsx(1198,9): error TS7026: JSX element implicitly has type 'any' because no interface 'JSX.IntrinsicElements' exists.
components/roundtable/index.tsx(1201,9): error TS7026: JSX element implicitly has type 'any' because no interface 'JSX.IntrinsicElements' exists.
components/roundtable/index.tsx(1219,17): error TS7026: JSX element implicitly has type 'any' because no interface 'JSX.IntrinsicElements' exists.
components/roundtable/index.tsx(1227,11): error TS7026: JSX element implicitly has type 'any' because no interface 'JSX.IntrinsicElements' exists.
components/roundtable/index.tsx(1250,29): error TS7006: Parameter 'e' implicitly has an 'any' type.
components/roundtable/index.tsx(1253,19): error TS7026: JSX element implicitly has type 'any' because no interface 'JSX.IntrinsicElements' exists.
components/roundtable/index.tsx(1254,21): error TS7026: JSX element implicitly has type 'any' because no interface 'JSX.IntrinsicElements' exists.
components/roundtable/index.tsx(1255,23): error TS7026: JSX element implicitly has type 'any' because no interface 'JSX.IntrinsicElements' exists.
components/roundtable/index.tsx(1257,36): error TS7006: Parameter 'e' implicitly has an 'any' type.
components/roundtable/index.tsx(1258,37): error TS7006: Parameter 'e' implicitly has an 'any' type.
components/roundtable/index.tsx(1270,21): error TS7026: JSX element implicitly has type 'any' because no interface 'JSX.IntrinsicElements' exists.
components/roundtable/index.tsx(1271,21): error TS7026: JSX element implicitly has type 'any' because no interface 'JSX.IntrinsicElements' exists.
components/roundtable/index.tsx(1286,21): error TS7026: JSX element implicitly has type 'any' because no interface 'JSX.IntrinsicElements' exists.
components/roundtable/index.tsx(1287,19): error TS7026: JSX element implicitly has type 'any' because no interface 'JSX.IntrinsicElements' exists.
components/roundtable/index.tsx(1303,29): error TS7006: Parameter 'e' implicitly has an 'any' type.
components/roundtable/index.tsx(1306,19): error TS7026: JSX element implicitly has type 'any' because no interface 'JSX.IntrinsicElements' exists.
components/roundtable/index.tsx(1307,21): error TS7026: JSX element implicitly has type 'any' because no interface 'JSX.IntrinsicElements' exists.
components/roundtable/index.tsx(1309,21): error TS7026: JSX element implicitly has type 'any' because no interface 'JSX.IntrinsicElements' exists.
components/roundtable/index.tsx(1317,19): error TS7026: JSX element implicitly has type 'any' because no interface 'JSX.IntrinsicElements' exists.
components/roundtable/index.tsx(1319,19): error TS7026: JSX element implicitly has type 'any' because no interface 'JSX.IntrinsicElements' exists.
components/roundtable/index.tsx(1323,21): error TS7026: JSX element implicitly has type 'any' because no interface 'JSX.IntrinsicElements' exists.
components/roundtable/index.tsx(1325,21): error TS7026: JSX element implicitly has type 'any' because no interface 'JSX.IntrinsicElements' exists.
components/roundtable/index.tsx(1326,21): error TS7026: JSX element implicitly has type 'any' because no interface 'JSX.IntrinsicElements' exists.
components/roundtable/index.tsx(1327,21): error TS7026: JSX element implicitly has type 'any' because no interface 'JSX.IntrinsicElements' exists.
components/roundtable/index.tsx(1328,21): error TS7026: JSX element implicitly has type 'any' because no interface 'JSX.IntrinsicElements' exists.
components/roundtable/index.tsx(1329,19): error TS7026: JSX element implicitly has type 'any' because no interface 'JSX.IntrinsicElements' exists.
components/roundtable/index.tsx(1343,19): error TS7026: JSX element implicitly has type 'any' because no interface 'JSX.IntrinsicElements' exists.
components/roundtable/index.tsx(1371,19): error TS7026: JSX element implicitly has type 'any' because no interface 'JSX.IntrinsicElements' exists.
components/roundtable/index.tsx(1372,19): error TS7026: JSX element implicitly has type 'any' because no interface 'JSX.IntrinsicElements' exists.
components/roundtable/index.tsx(1374,19): error TS7026: JSX element implicitly has type 'any' because no interface 'JSX.IntrinsicElements' exists.
components/roundtable/index.tsx(1390,19): error TS7026: JSX element implicitly has type 'any' because no interface 'JSX.IntrinsicElements' exists.
components/roundtable/index.tsx(1392,21): error TS7026: JSX element implicitly has type 'any' because no interface 'JSX.IntrinsicElements' exists.
components/roundtable/index.tsx(1435,33): error TS7006: Parameter 'e' implicitly has an 'any' type.
components/roundtable/index.tsx(1459,19): error TS7026: JSX element implicitly has type 'any' because no interface 'JSX.IntrinsicElements' exists.
components/roundtable/index.tsx(1463,21): error TS7026: JSX element implicitly has type 'any' because no interface 'JSX.IntrinsicElements' exists.
components/roundtable/index.tsx(1480,21): error TS7026: JSX element implicitly has type 'any' because no interface 'JSX.IntrinsicElements' exists.
components/roundtable/index.tsx(1482,21): error TS7026: JSX element implicitly has type 'any' because no interface 'JSX.IntrinsicElements' exists.
components/roundtable/index.tsx(1499,21): error TS7026: JSX element implicitly has type 'any' because no interface 'JSX.IntrinsicElements' exists.
components/roundtable/index.tsx(1538,19): error TS7026: JSX element implicitly has type 'any' because no interface 'JSX.IntrinsicElements' exists.
components/roundtable/index.tsx(1544,21): error TS7026: JSX element implicitly has type 'any' because no interface 'JSX.IntrinsicElements' exists.
components/roundtable/index.tsx(1545,33): error TS7006: Parameter 'e' implicitly has an 'any' type.
components/roundtable/index.tsx(1589,29): error TS7026: JSX element implicitly has type 'any' because no interface 'JSX.IntrinsicElements' exists.
components/roundtable/index.tsx(1596,31): error TS7026: JSX element implicitly has type 'any' because no interface 'JSX.IntrinsicElements' exists.
components/roundtable/index.tsx(1607,31): error TS7026: JSX element implicitly has type 'any' because no interface 'JSX.IntrinsicElements' exists.
components/roundtable/index.tsx(1608,29): error TS7026: JSX element implicitly has type 'any' because no interface 'JSX.IntrinsicElements' exists.
components/roundtable/index.tsx(1612,23): error TS7026: JSX element implicitly has type 'any' because no interface 'JSX.IntrinsicElements' exists.
components/roundtable/index.tsx(1615,27): error TS7026: JSX element implicitly has type 'any' because no interface 'JSX.IntrinsicElements' exists.
components/roundtable/index.tsx(1616,29): error TS7026: JSX element implicitly has type 'any' because no interface 'JSX.IntrinsicElements' exists.
components/roundtable/index.tsx(1618,29): error TS7026: JSX element implicitly has type 'any' because no interface 'JSX.IntrinsicElements' exists.
components/roundtable/index.tsx(1634,27): error TS7026: JSX element implicitly has type 'any' because no interface 'JSX.IntrinsicElements' exists.
components/roundtable/index.tsx(1637,27): error TS7026: JSX element implicitly has type 'any' because no interface 'JSX.IntrinsicElements' exists.
components/roundtable/index.tsx(1680,27): error TS7026: JSX element implicitly has type 'any' because no interface 'JSX.IntrinsicElements' exists.
components/roundtable/index.tsx(1682,27): error TS7026: JSX element implicitly has type 'any' because no interface 'JSX.IntrinsicElements' exists.
components/roundtable/index.tsx(1685,31): error TS7026: JSX element implicitly has type 'any' because no interface 'JSX.IntrinsicElements' exists.
components/roundtable/index.tsx(1687,27): error TS7026: JSX element implicitly has type 'any' because no interface 'JSX.IntrinsicElements' exists.
components/roundtable/index.tsx(1689,23): error TS7026: JSX element implicitly has type 'any' because no interface 'JSX.IntrinsicElements' exists.
components/roundtable/index.tsx(1703,31): error TS7026: JSX element implicitly has type 'any' because no interface 'JSX.IntrinsicElements' exists.
components/roundtable/index.tsx(1705,31): error TS7026: JSX element implicitly has type 'any' because no interface 'JSX.IntrinsicElements' exists.
components/roundtable/index.tsx(1711,31): error TS7026: JSX element implicitly has type 'any' because no interface 'JSX.IntrinsicElements' exists.
components/roundtable/index.tsx(1713,31): error TS7026: JSX element implicitly has type 'any' because no interface 'JSX.IntrinsicElements' exists.
components/roundtable/index.tsx(1719,29): error TS7026: JSX element implicitly has type 'any' because no interface 'JSX.IntrinsicElements' exists.
components/roundtable/index.tsx(1726,35): error TS7026: JSX element implicitly has type 'any' because no interface 'JSX.IntrinsicElements' exists.
components/roundtable/index.tsx(1751,35): error TS7026: JSX element implicitly has type 'any' because no interface 'JSX.IntrinsicElements' exists.
components/roundtable/index.tsx(1756,29): error TS7026: JSX element implicitly has type 'any' because no interface 'JSX.IntrinsicElements' exists.
components/roundtable/index.tsx(1759,21): error TS7026: JSX element implicitly has type 'any' because no interface 'JSX.IntrinsicElements' exists.
components/roundtable/index.tsx(1760,19): error TS7026: JSX element implicitly has type 'any' because no interface 'JSX.IntrinsicElements' exists.
components/roundtable/index.tsx(1764,11): error TS7026: JSX element implicitly has type 'any' because no interface 'JSX.IntrinsicElements' exists.
components/roundtable/index.tsx(1765,9): error TS7026: JSX element implicitly has type 'any' because no interface 'JSX.IntrinsicElements' exists.
components/roundtable/index.tsx(1768,9): error TS7026: JSX element implicitly has type 'any' because no interface 'JSX.IntrinsicElements' exists.
components/roundtable/index.tsx(1775,11): error TS7026: JSX element implicitly has type 'any' because no interface 'JSX.IntrinsicElements' exists.
components/roundtable/index.tsx(1777,13): error TS7026: JSX element implicitly has type 'any' because no interface 'JSX.IntrinsicElements' exists.
components/roundtable/index.tsx(1787,13): error TS7026: JSX element implicitly has type 'any' because no interface 'JSX.IntrinsicElements' exists.
components/roundtable/index.tsx(1789,13): error TS7026: JSX element implicitly has type 'any' because no interface 'JSX.IntrinsicElements' exists.
components/roundtable/index.tsx(1792,25): error TS7006: Parameter 'e' implicitly has an 'any' type.
components/roundtable/index.tsx(1799,15): error TS7026: JSX element implicitly has type 'any' because no interface 'JSX.IntrinsicElements' exists.
components/roundtable/index.tsx(1821,21): error TS7026: JSX element implicitly has type 'any' because no interface 'JSX.IntrinsicElements' exists.
components/roundtable/index.tsx(1824,29): error TS7006: Parameter 'el' implicitly has an 'any' type.
components/roundtable/index.tsx(1850,27): error TS7026: JSX element implicitly has type 'any' because no interface 'JSX.IntrinsicElements' exists.
components/roundtable/index.tsx(1858,29): error TS7026: JSX element implicitly has type 'any' because no interface 'JSX.IntrinsicElements' exists.
components/roundtable/index.tsx(1866,29): error TS7026: JSX element implicitly has type 'any' because no interface 'JSX.IntrinsicElements' exists.
components/roundtable/index.tsx(1867,31): error TS7026: JSX element implicitly has type 'any' because no interface 'JSX.IntrinsicElements' exists.
components/roundtable/index.tsx(1872,29): error TS7026: JSX element implicitly has type 'any' because no interface 'JSX.IntrinsicElements' exists.
components/roundtable/index.tsx(1875,31): error TS7026: JSX element implicitly has type 'any' because no interface 'JSX.IntrinsicElements' exists.
components/roundtable/index.tsx(1876,33): error TS7026: JSX element implicitly has type 'any' because no interface 'JSX.IntrinsicElements' exists.
components/roundtable/index.tsx(1877,31): error TS7026: JSX element implicitly has type 'any' because no interface 'JSX.IntrinsicElements' exists.
components/roundtable/index.tsx(1881,31): error TS7026: JSX element implicitly has type 'any' because no interface 'JSX.IntrinsicElements' exists.
components/roundtable/index.tsx(1883,27): error TS7026: JSX element implicitly has type 'any' because no interface 'JSX.IntrinsicElements' exists.
components/roundtable/index.tsx(1890,27): error TS7026: JSX element implicitly has type 'any' because no interface 'JSX.IntrinsicElements' exists.
components/roundtable/index.tsx(1891,29): error TS7026: JSX element implicitly has type 'any' because no interface 'JSX.IntrinsicElements' exists.
components/roundtable/index.tsx(1892,31): error TS7026: JSX element implicitly has type 'any' because no interface 'JSX.IntrinsicElements' exists.
components/roundtable/index.tsx(1897,29): error TS7026: JSX element implicitly has type 'any' because no interface 'JSX.IntrinsicElements' exists.
components/roundtable/index.tsx(1898,29): error TS7026: JSX element implicitly has type 'any' because no interface 'JSX.IntrinsicElements' exists.
components/roundtable/index.tsx(1899,31): error TS7026: JSX element implicitly has type 'any' because no interface 'JSX.IntrinsicElements' exists.
components/roundtable/index.tsx(1899,89): error TS7026: JSX element implicitly has type 'any' because no interface 'JSX.IntrinsicElements' exists.
components/roundtable/index.tsx(1901,33): error TS7026: JSX element implicitly has type 'any' because no interface 'JSX.IntrinsicElements' exists.
components/roundtable/index.tsx(1908,33): error TS7026: JSX element implicitly has type 'any' because no interface 'JSX.IntrinsicElements' exists.
components/roundtable/index.tsx(1910,29): error TS7026: JSX element implicitly has type 'any' because no interface 'JSX.IntrinsicElements' exists.
components/roundtable/index.tsx(1911,27): error TS7026: JSX element implicitly has type 'any' because no interface 'JSX.IntrinsicElements' exists.
components/roundtable/index.tsx(1913,29): error TS7026: JSX element implicitly has type 'any' because no interface 'JSX.IntrinsicElements' exists.
components/roundtable/index.tsx(1915,29): error TS7026: JSX element implicitly has type 'any' because no interface 'JSX.IntrinsicElements' exists.
components/roundtable/index.tsx(1919,21): error TS7026: JSX element implicitly has type 'any' because no interface 'JSX.IntrinsicElements' exists.
components/roundtable/index.tsx(1922,15): error TS7026: JSX element implicitly has type 'any' because no interface 'JSX.IntrinsicElements' exists.
components/roundtable/index.tsx(1923,13): error TS7026: JSX element implicitly has type 'any' because no interface 'JSX.IntrinsicElements' exists.
components/roundtable/index.tsx(1926,13): error TS7026: JSX element implicitly has type 'any' because no interface 'JSX.IntrinsicElements' exists.
components/roundtable/index.tsx(1936,13): error TS7026: JSX element implicitly has type 'any' because no interface 'JSX.IntrinsicElements' exists.
components/roundtable/index.tsx(1963,11): error TS7026: JSX element implicitly has type 'any' because no interface 'JSX.IntrinsicElements' exists.
components/roundtable/index.tsx(1966,11): error TS7026: JSX element implicitly has type 'any' because no interface 'JSX.IntrinsicElements' exists.
components/roundtable/index.tsx(1969,11): error TS7026: JSX element implicitly has type 'any' because no interface 'JSX.IntrinsicElements' exists.
components/roundtable/index.tsx(1970,13): error TS7026: JSX element implicitly has type 'any' because no interface 'JSX.IntrinsicElements' exists.
components/roundtable/index.tsx(1973,17): error TS7026: JSX element implicitly has type 'any' because no interface 'JSX.IntrinsicElements' exists.
components/roundtable/index.tsx(1974,19): error TS7026: JSX element implicitly has type 'any' because no interface 'JSX.IntrinsicElements' exists.
components/roundtable/index.tsx(1991,19): error TS7026: JSX element implicitly has type 'any' because no interface 'JSX.IntrinsicElements' exists.
components/roundtable/index.tsx(1992,17): error TS7026: JSX element implicitly has type 'any' because no interface 'JSX.IntrinsicElements' exists.
components/roundtable/index.tsx(1995,19): error TS7026: JSX element implicitly has type 'any' because no interface 'JSX.IntrinsicElements' exists.
components/roundtable/index.tsx(1996,31): error TS7006: Parameter 'e' implicitly has an 'any' type.
components/roundtable/index.tsx(2015,19): error TS7026: JSX element implicitly has type 'any' because no interface 'JSX.IntrinsicElements' exists.
components/roundtable/index.tsx(2016,19): error TS7026: JSX element implicitly has type 'any' because no interface 'JSX.IntrinsicElements' exists.
components/roundtable/index.tsx(2017,31): error TS7006: Parameter 'e' implicitly has an 'any' type.
components/roundtable/index.tsx(2029,19): error TS7026: JSX element implicitly has type 'any' because no interface 'JSX.IntrinsicElements' exists.
components/roundtable/index.tsx(2032,13): error TS7026: JSX element implicitly has type 'any' because no interface 'JSX.IntrinsicElements' exists.
components/roundtable/index.tsx(2035,13): error TS7026: JSX element implicitly has type 'any' because no interface 'JSX.IntrinsicElements' exists.
components/roundtable/index.tsx(2037,25): error TS7006: Parameter 'e' implicitly has an 'any' type.
components/roundtable/index.tsx(2042,15): error TS7026: JSX element implicitly has type 'any' because no interface 'JSX.IntrinsicElements' exists.
components/roundtable/index.tsx(2050,17): error TS7026: JSX element implicitly has type 'any' because no interface 'JSX.IntrinsicElements' exists.
components/roundtable/index.tsx(2060,17): error TS7026: JSX element implicitly has type 'any' because no interface 'JSX.IntrinsicElements' exists.
components/roundtable/index.tsx(2062,17): error TS7026: JSX element implicitly has type 'any' because no interface 'JSX.IntrinsicElements' exists.
components/roundtable/index.tsx(2063,17): error TS7026: JSX element implicitly has type 'any' because no interface 'JSX.IntrinsicElements' exists.
components/roundtable/index.tsx(2064,19): error TS7026: JSX element implicitly has type 'any' because no interface 'JSX.IntrinsicElements' exists.
components/roundtable/index.tsx(2072,17): error TS7026: JSX element implicitly has type 'any' because no interface 'JSX.IntrinsicElements' exists.
components/roundtable/index.tsx(2073,15): error TS7026: JSX element implicitly has type 'any' because no interface 'JSX.IntrinsicElements' exists.
components/roundtable/index.tsx(2087,13): error TS7026: JSX element implicitly has type 'any' because no interface 'JSX.IntrinsicElements' exists.
components/roundtable/index.tsx(2088,11): error TS7026: JSX element implicitly has type 'any' because no interface 'JSX.IntrinsicElements' exists.
components/roundtable/index.tsx(2089,9): error TS7026: JSX element implicitly has type 'any' because no interface 'JSX.IntrinsicElements' exists.
components/roundtable/index.tsx(2090,7): error TS7026: JSX element implicitly has type 'any' because no interface 'JSX.IntrinsicElements' exists.
components/roundtable/index.tsx(2092,5): error TS7026: JSX element implicitly has type 'any' because no interface 'JSX.IntrinsicElements' exists.
components/roundtable/presentation-speech-overlay.tsx(3,26): error TS2307: Cannot find module 'react' or its corresponding type declarations.
components/roundtable/presentation-speech-overlay.tsx(4,41): error TS2307: Cannot find module 'motion/react' or its corresponding type declarations.
components/roundtable/presentation-speech-overlay.tsx(5,79): error TS2307: Cannot find module 'lucide-react' or its corresponding type declarations.
components/roundtable/presentation-speech-overlay.tsx(134,5): error TS7026: JSX element implicitly has type 'any' because no interface 'JSX.IntrinsicElements' exists.
components/roundtable/presentation-speech-overlay.tsx(134,5): error TS2875: This JSX tag requires the module path 'react/jsx-runtime' to exist, but none could be found. Make sure you have types for the appropriate package installed.
components/roundtable/presentation-speech-overlay.tsx(135,7): error TS7026: JSX element implicitly has type 'any' because no interface 'JSX.IntrinsicElements' exists.
components/roundtable/presentation-speech-overlay.tsx(146,9): error TS7026: JSX element implicitly has type 'any' because no interface 'JSX.IntrinsicElements' exists.
components/roundtable/presentation-speech-overlay.tsx(157,9): error TS7026: JSX element implicitly has type 'any' because no interface 'JSX.IntrinsicElements' exists.
components/roundtable/presentation-speech-overlay.tsx(158,9): error TS7026: JSX element implicitly has type 'any' because no interface 'JSX.IntrinsicElements' exists.
components/roundtable/presentation-speech-overlay.tsx(160,9): error TS7026: JSX element implicitly has type 'any' because no interface 'JSX.IntrinsicElements' exists.
components/roundtable/presentation-speech-overlay.tsx(162,7): error TS7026: JSX element implicitly has type 'any' because no interface 'JSX.IntrinsicElements' exists.
components/roundtable/presentation-speech-overlay.tsx(164,9): error TS7026: JSX element implicitly has type 'any' because no interface 'JSX.IntrinsicElements' exists.
components/roundtable/presentation-speech-overlay.tsx(165,21): error TS7006: Parameter 'e' implicitly has an 'any' type.
components/roundtable/presentation-speech-overlay.tsx(184,9): error TS7026: JSX element implicitly has type 'any' because no interface 'JSX.IntrinsicElements' exists.
components/roundtable/presentation-speech-overlay.tsx(186,5): error TS7026: JSX element implicitly has type 'any' because no interface 'JSX.IntrinsicElements' exists.
components/roundtable/presentation-speech-overlay.tsx(208,5): error TS7026: JSX element implicitly has type 'any' because no interface 'JSX.IntrinsicElements' exists.
components/roundtable/presentation-speech-overlay.tsx(221,7): error TS7026: JSX element implicitly has type 'any' because no interface 'JSX.IntrinsicElements' exists.
components/roundtable/presentation-speech-overlay.tsx(222,9): error TS7026: JSX element implicitly has type 'any' because no interface 'JSX.IntrinsicElements' exists.
components/roundtable/presentation-speech-overlay.tsx(233,9): error TS7026: JSX element implicitly has type 'any' because no interface 'JSX.IntrinsicElements' exists.
components/roundtable/presentation-speech-overlay.tsx(234,9): error TS7026: JSX element implicitly has type 'any' because no interface 'JSX.IntrinsicElements' exists.
components/roundtable/presentation-speech-overlay.tsx(235,11): error TS7026: JSX element implicitly has type 'any' because no interface 'JSX.IntrinsicElements' exists.
components/roundtable/presentation-speech-overlay.tsx(250,11): error TS7026: JSX element implicitly has type 'any' because no interface 'JSX.IntrinsicElements' exists.
components/roundtable/presentation-speech-overlay.tsx(251,11): error TS7026: JSX element implicitly has type 'any' because no interface 'JSX.IntrinsicElements' exists.
components/roundtable/presentation-speech-overlay.tsx(252,13): error TS7026: JSX element implicitly has type 'any' because no interface 'JSX.IntrinsicElements' exists.
components/roundtable/presentation-speech-overlay.tsx(254,13): error TS7026: JSX element implicitly has type 'any' because no interface 'JSX.IntrinsicElements' exists.
components/roundtable/presentation-speech-overlay.tsx(261,11): error TS7026: JSX element implicitly has type 'any' because no interface 'JSX.IntrinsicElements' exists.
components/roundtable/presentation-speech-overlay.tsx(262,9): error TS7026: JSX element implicitly has type 'any' because no interface 'JSX.IntrinsicElements' exists.
components/roundtable/presentation-speech-overlay.tsx(264,11): error TS7026: JSX element implicitly has type 'any' because no interface 'JSX.IntrinsicElements' exists.
components/roundtable/presentation-speech-overlay.tsx(265,23): error TS7006: Parameter 'e' implicitly has an 'any' type.
components/roundtable/presentation-speech-overlay.tsx(272,11): error TS7026: JSX element implicitly has type 'any' because no interface 'JSX.IntrinsicElements' exists.
components/roundtable/presentation-speech-overlay.tsx(274,7): error TS7026: JSX element implicitly has type 'any' because no interface 'JSX.IntrinsicElements' exists.
components/roundtable/presentation-speech-overlay.tsx(276,7): error TS7026: JSX element implicitly has type 'any' because no interface 'JSX.IntrinsicElements' exists.
components/roundtable/presentation-speech-overlay.tsx(278,11): error TS7026: JSX element implicitly has type 'any' because no interface 'JSX.IntrinsicElements' exists.
components/roundtable/presentation-speech-overlay.tsx(294,11): error TS7026: JSX element implicitly has type 'any' because no interface 'JSX.IntrinsicElements' exists.
components/roundtable/presentation-speech-overlay.tsx(296,11): error TS7026: JSX element implicitly has type 'any' because no interface 'JSX.IntrinsicElements' exists.
components/roundtable/presentation-speech-overlay.tsx(299,15): error TS7026: JSX element implicitly has type 'any' because no interface 'JSX.IntrinsicElements' exists.
components/roundtable/presentation-speech-overlay.tsx(301,11): error TS7026: JSX element implicitly has type 'any' because no interface 'JSX.IntrinsicElements' exists.
components/roundtable/presentation-speech-overlay.tsx(303,7): error TS7026: JSX element implicitly has type 'any' because no interface 'JSX.IntrinsicElements' exists.
components/roundtable/presentation-speech-overlay.tsx(314,15): error TS7026: JSX element implicitly has type 'any' because no interface 'JSX.IntrinsicElements' exists.
components/roundtable/presentation-speech-overlay.tsx(315,27): error TS7006: Parameter 'e' implicitly has an 'any' type.
components/roundtable/presentation-speech-overlay.tsx(322,15): error TS7026: JSX element implicitly has type 'any' because no interface 'JSX.IntrinsicElements' exists.
components/roundtable/presentation-speech-overlay.tsx(328,15): error TS7026: JSX element implicitly has type 'any' because no interface 'JSX.IntrinsicElements' exists.
components/roundtable/presentation-speech-overlay.tsx(329,27): error TS7006: Parameter 'e' implicitly has an 'any' type.
components/roundtable/presentation-speech-overlay.tsx(336,15): error TS7026: JSX element implicitly has type 'any' because no interface 'JSX.IntrinsicElements' exists.
components/roundtable/presentation-speech-overlay.tsx(342,13): error TS7026: JSX element implicitly has type 'any' because no interface 'JSX.IntrinsicElements' exists.
components/roundtable/presentation-speech-overlay.tsx(343,25): error TS7006: Parameter 'e' implicitly has an 'any' type.
components/roundtable/presentation-speech-overlay.tsx(354,19): error TS7026: JSX element implicitly has type 'any' because no interface 'JSX.IntrinsicElements' exists.
components/roundtable/presentation-speech-overlay.tsx(355,21): error TS7026: JSX element implicitly has type 'any' because no interface 'JSX.IntrinsicElements' exists.
components/roundtable/presentation-speech-overlay.tsx(362,21): error TS7026: JSX element implicitly has type 'any' because no interface 'JSX.IntrinsicElements' exists.
components/roundtable/presentation-speech-overlay.tsx(369,21): error TS7026: JSX element implicitly has type 'any' because no interface 'JSX.IntrinsicElements' exists.
components/roundtable/presentation-speech-overlay.tsx(376,19): error TS7026: JSX element implicitly has type 'any' because no interface 'JSX.IntrinsicElements' exists.
components/roundtable/presentation-speech-overlay.tsx(381,13): error TS7026: JSX element implicitly has type 'any' because no interface 'JSX.IntrinsicElements' exists.
components/roundtable/presentation-speech-overlay.tsx(384,5): error TS7026: JSX element implicitly has type 'any' because no interface 'JSX.IntrinsicElements' exists.
components/roundtable/presentation-speech-overlay.tsx(462,7): error TS7026: JSX element implicitly has type 'any' because no interface 'JSX.IntrinsicElements' exists.
components/roundtable/presentation-speech-overlay.tsx(477,7): error TS7026: JSX element implicitly has type 'any' because no interface 'JSX.IntrinsicElements' exists.
components/scene-renderers/classroom-complete.tsx(3,46): error TS2307: Cannot find module 'react' or its corresponding type declarations.
components/scene-renderers/classroom-complete.tsx(4,65): error TS2307: Cannot find module 'motion/react' or its corresponding type declarations.
components/scene-renderers/classroom-complete.tsx(5,56): error TS2307: Cannot find module 'lucide-react' or its corresponding type declarations.
components/scene-renderers/classroom-complete.tsx(79,5): error TS7026: JSX element implicitly has type 'any' because no interface 'JSX.IntrinsicElements' exists.
components/scene-renderers/classroom-complete.tsx(79,5): error TS2875: This JSX tag requires the module path 'react/jsx-runtime' to exist, but none could be found. Make sure you have types for the appropriate package installed.
components/scene-renderers/classroom-complete.tsx(83,23): error TS7006: Parameter 'p' implicitly has an 'any' type.
components/scene-renderers/classroom-complete.tsx(104,5): error TS7026: JSX element implicitly has type 'any' because no interface 'JSX.IntrinsicElements' exists.
components/scene-renderers/classroom-complete.tsx(110,5): error TS7026: JSX element implicitly has type 'any' because no interface 'JSX.IntrinsicElements' exists.
components/scene-renderers/classroom-complete.tsx(111,7): error TS7026: JSX element implicitly has type 'any' because no interface 'JSX.IntrinsicElements' exists.
components/scene-renderers/classroom-complete.tsx(112,5): error TS7026: JSX element implicitly has type 'any' because no interface 'JSX.IntrinsicElements' exists.
components/scene-renderers/classroom-complete.tsx(132,22): error TS7006: Parameter 's' implicitly has an 'any' type.
components/scene-renderers/classroom-complete.tsx(132,25): error TS7006: Parameter 'i' implicitly has an 'any' type.
components/scene-renderers/classroom-complete.tsx(162,5): error TS7026: JSX element implicitly has type 'any' because no interface 'JSX.IntrinsicElements' exists.
components/scene-renderers/classroom-complete.tsx(163,7): error TS7026: JSX element implicitly has type 'any' because no interface 'JSX.IntrinsicElements' exists.
components/scene-renderers/classroom-complete.tsx(164,9): error TS7026: JSX element implicitly has type 'any' because no interface 'JSX.IntrinsicElements' exists.
components/scene-renderers/classroom-complete.tsx(165,11): error TS7026: JSX element implicitly has type 'any' because no interface 'JSX.IntrinsicElements' exists.
components/scene-renderers/classroom-complete.tsx(166,11): error TS7026: JSX element implicitly has type 'any' because no interface 'JSX.IntrinsicElements' exists.
components/scene-renderers/classroom-complete.tsx(167,11): error TS7026: JSX element implicitly has type 'any' because no interface 'JSX.IntrinsicElements' exists.
components/scene-renderers/classroom-complete.tsx(168,11): error TS7026: JSX element implicitly has type 'any' because no interface 'JSX.IntrinsicElements' exists.
components/scene-renderers/classroom-complete.tsx(169,9): error TS7026: JSX element implicitly has type 'any' because no interface 'JSX.IntrinsicElements' exists.
components/scene-renderers/classroom-complete.tsx(170,9): error TS7026: JSX element implicitly has type 'any' because no interface 'JSX.IntrinsicElements' exists.
components/scene-renderers/classroom-complete.tsx(171,11): error TS7026: JSX element implicitly has type 'any' because no interface 'JSX.IntrinsicElements' exists.
components/scene-renderers/classroom-complete.tsx(172,11): error TS7026: JSX element implicitly has type 'any' because no interface 'JSX.IntrinsicElements' exists.
components/scene-renderers/classroom-complete.tsx(173,11): error TS7026: JSX element implicitly has type 'any' because no interface 'JSX.IntrinsicElements' exists.
components/scene-renderers/classroom-complete.tsx(174,9): error TS7026: JSX element implicitly has type 'any' because no interface 'JSX.IntrinsicElements' exists.
components/scene-renderers/classroom-complete.tsx(175,9): error TS7026: JSX element implicitly has type 'any' because no interface 'JSX.IntrinsicElements' exists.
components/scene-renderers/classroom-complete.tsx(176,11): error TS7026: JSX element implicitly has type 'any' because no interface 'JSX.IntrinsicElements' exists.
components/scene-renderers/classroom-complete.tsx(177,11): error TS7026: JSX element implicitly has type 'any' because no interface 'JSX.IntrinsicElements' exists.
components/scene-renderers/classroom-complete.tsx(178,9): error TS7026: JSX element implicitly has type 'any' because no interface 'JSX.IntrinsicElements' exists.
components/scene-renderers/classroom-complete.tsx(179,7): error TS7026: JSX element implicitly has type 'any' because no interface 'JSX.IntrinsicElements' exists.
components/scene-renderers/classroom-complete.tsx(181,7): error TS7026: JSX element implicitly has type 'any' because no interface 'JSX.IntrinsicElements' exists.
components/scene-renderers/classroom-complete.tsx(188,7): error TS7026: JSX element implicitly has type 'any' because no interface 'JSX.IntrinsicElements' exists.
components/scene-renderers/classroom-complete.tsx(196,7): error TS7026: JSX element implicitly has type 'any' because no interface 'JSX.IntrinsicElements' exists.
components/scene-renderers/classroom-complete.tsx(198,7): error TS7026: JSX element implicitly has type 'any' because no interface 'JSX.IntrinsicElements' exists.
components/scene-renderers/classroom-complete.tsx(200,7): error TS7026: JSX element implicitly has type 'any' because no interface 'JSX.IntrinsicElements' exists.
components/scene-renderers/classroom-complete.tsx(201,7): error TS7026: JSX element implicitly has type 'any' because no interface 'JSX.IntrinsicElements' exists.
components/scene-renderers/classroom-complete.tsx(212,7): error TS7026: JSX element implicitly has type 'any' because no interface 'JSX.IntrinsicElements' exists.
components/scene-renderers/classroom-complete.tsx(218,7): error TS7026: JSX element implicitly has type 'any' because no interface 'JSX.IntrinsicElements' exists.
components/scene-renderers/classroom-complete.tsx(220,7): error TS7026: JSX element implicitly has type 'any' because no interface 'JSX.IntrinsicElements' exists.
components/scene-renderers/classroom-complete.tsx(221,7): error TS7026: JSX element implicitly has type 'any' because no interface 'JSX.IntrinsicElements' exists.
components/scene-renderers/classroom-complete.tsx(222,7): error TS7026: JSX element implicitly has type 'any' because no interface 'JSX.IntrinsicElements' exists.
components/scene-renderers/classroom-complete.tsx(223,5): error TS7026: JSX element implicitly has type 'any' because no interface 'JSX.IntrinsicElements' exists.
components/scene-renderers/classroom-complete.tsx(245,18): error TS7006: Parameter 'v' implicitly has an 'any' type.
components/scene-renderers/classroom-complete.tsx(258,5): error TS7026: JSX element implicitly has type 'any' because no interface 'JSX.IntrinsicElements' exists.
components/scene-renderers/classroom-complete.tsx(259,7): error TS7026: JSX element implicitly has type 'any' because no interface 'JSX.IntrinsicElements' exists.
components/scene-renderers/classroom-complete.tsx(260,9): error TS7026: JSX element implicitly has type 'any' because no interface 'JSX.IntrinsicElements' exists.
components/scene-renderers/classroom-complete.tsx(261,11): error TS7026: JSX element implicitly has type 'any' because no interface 'JSX.IntrinsicElements' exists.
components/scene-renderers/classroom-complete.tsx(262,13): error TS7026: JSX element implicitly has type 'any' because no interface 'JSX.IntrinsicElements' exists.
components/scene-renderers/classroom-complete.tsx(263,13): error TS7026: JSX element implicitly has type 'any' because no interface 'JSX.IntrinsicElements' exists.
components/scene-renderers/classroom-complete.tsx(264,11): error TS7026: JSX element implicitly has type 'any' because no interface 'JSX.IntrinsicElements' exists.
components/scene-renderers/classroom-complete.tsx(265,9): error TS7026: JSX element implicitly has type 'any' because no interface 'JSX.IntrinsicElements' exists.
components/scene-renderers/classroom-complete.tsx(266,9): error TS7026: JSX element implicitly has type 'any' because no interface 'JSX.IntrinsicElements' exists.
components/scene-renderers/classroom-complete.tsx(292,7): error TS7026: JSX element implicitly has type 'any' because no interface 'JSX.IntrinsicElements' exists.
components/scene-renderers/classroom-complete.tsx(293,7): error TS7026: JSX element implicitly has type 'any' because no interface 'JSX.IntrinsicElements' exists.
components/scene-renderers/classroom-complete.tsx(294,9): error TS7026: JSX element implicitly has type 'any' because no interface 'JSX.IntrinsicElements' exists.
components/scene-renderers/classroom-complete.tsx(296,11): error TS7026: JSX element implicitly has type 'any' because no interface 'JSX.IntrinsicElements' exists.
components/scene-renderers/classroom-complete.tsx(296,48): error TS7026: JSX element implicitly has type 'any' because no interface 'JSX.IntrinsicElements' exists.
components/scene-renderers/classroom-complete.tsx(297,9): error TS7026: JSX element implicitly has type 'any' because no interface 'JSX.IntrinsicElements' exists.
components/scene-renderers/classroom-complete.tsx(298,7): error TS7026: JSX element implicitly has type 'any' because no interface 'JSX.IntrinsicElements' exists.
components/scene-renderers/classroom-complete.tsx(299,5): error TS7026: JSX element implicitly has type 'any' because no interface 'JSX.IntrinsicElements' exists.
components/scene-renderers/classroom-complete.tsx(336,7): error TS7026: JSX element implicitly has type 'any' because no interface 'JSX.IntrinsicElements' exists.
components/scene-renderers/classroom-complete.tsx(342,9): error TS7026: JSX element implicitly has type 'any' because no interface 'JSX.IntrinsicElements' exists.
components/scene-renderers/classroom-complete.tsx(344,9): error TS7026: JSX element implicitly has type 'any' because no interface 'JSX.IntrinsicElements' exists.
components/scene-renderers/classroom-complete.tsx(346,9): error TS7026: JSX element implicitly has type 'any' because no interface 'JSX.IntrinsicElements' exists.
components/scene-renderers/classroom-complete.tsx(363,9): error TS7026: JSX element implicitly has type 'any' because no interface 'JSX.IntrinsicElements' exists.
components/scene-renderers/classroom-complete.tsx(365,11): error TS7026: JSX element implicitly has type 'any' because no interface 'JSX.IntrinsicElements' exists.
components/scene-renderers/classroom-complete.tsx(400,11): error TS7026: JSX element implicitly has type 'any' because no interface 'JSX.IntrinsicElements' exists.
components/scene-renderers/classroom-complete.tsx(421,13): error TS7026: JSX element implicitly has type 'any' because no interface 'JSX.IntrinsicElements' exists.
components/scene-renderers/classroom-complete.tsx(423,13): error TS7026: JSX element implicitly has type 'any' because no interface 'JSX.IntrinsicElements' exists.
components/scene-renderers/classroom-complete.tsx(424,13): error TS7026: JSX element implicitly has type 'any' because no interface 'JSX.IntrinsicElements' exists.
components/scene-renderers/classroom-complete.tsx(424,80): error TS7026: JSX element implicitly has type 'any' because no interface 'JSX.IntrinsicElements' exists.
components/scene-renderers/classroom-complete.tsx(429,13): error TS7026: JSX element implicitly has type 'any' because no interface 'JSX.IntrinsicElements' exists.
components/scene-renderers/classroom-complete.tsx(457,21): error TS7026: JSX element implicitly has type 'any' because no interface 'JSX.IntrinsicElements' exists.
components/scene-renderers/classroom-complete.tsx(459,21): error TS7026: JSX element implicitly has type 'any' because no interface 'JSX.IntrinsicElements' exists.
components/scene-renderers/classroom-complete.tsx(460,21): error TS7026: JSX element implicitly has type 'any' because no interface 'JSX.IntrinsicElements' exists.
components/scene-renderers/classroom-complete.tsx(462,21): error TS7026: JSX element implicitly has type 'any' because no interface 'JSX.IntrinsicElements' exists.
components/scene-renderers/classroom-complete.tsx(466,13): error TS7026: JSX element implicitly has type 'any' because no interface 'JSX.IntrinsicElements' exists.
components/scene-renderers/classroom-complete.tsx(477,15): error TS7026: JSX element implicitly has type 'any' because no interface 'JSX.IntrinsicElements' exists.
components/scene-renderers/classroom-complete.tsx(479,17): error TS7026: JSX element implicitly has type 'any' because no interface 'JSX.IntrinsicElements' exists.
components/scene-renderers/classroom-complete.tsx(480,19): error TS7026: JSX element implicitly has type 'any' because no interface 'JSX.IntrinsicElements' exists.
components/scene-renderers/classroom-complete.tsx(485,19): error TS7026: JSX element implicitly has type 'any' because no interface 'JSX.IntrinsicElements' exists.
components/scene-renderers/classroom-complete.tsx(486,19): error TS7026: JSX element implicitly has type 'any' because no interface 'JSX.IntrinsicElements' exists.
components/scene-renderers/classroom-complete.tsx(488,19): error TS7026: JSX element implicitly has type 'any' because no interface 'JSX.IntrinsicElements' exists.
components/scene-renderers/classroom-complete.tsx(489,17): error TS7026: JSX element implicitly has type 'any' because no interface 'JSX.IntrinsicElements' exists.
components/scene-renderers/classroom-complete.tsx(490,15): error TS7026: JSX element implicitly has type 'any' because no interface 'JSX.IntrinsicElements' exists.
components/scene-renderers/classroom-complete.tsx(493,9): error TS7026: JSX element implicitly has type 'any' because no interface 'JSX.IntrinsicElements' exists.
components/scene-renderers/classroom-complete.tsx(494,7): error TS7026: JSX element implicitly has type 'any' because no interface 'JSX.IntrinsicElements' exists.
components/scene-renderers/classroom-complete.tsx(500,32): error TS7006: Parameter 's' implicitly has an 'any' type.
components/scene-renderers/classroom-complete.tsx(501,33): error TS7006: Parameter 's' implicitly has an 'any' type.
components/scene-renderers/interactive-renderer.tsx(3,57): error TS2307: Cannot find module 'react' or its corresponding type declarations.
components/scene-renderers/interactive-renderer.tsx(15,48): error TS7006: Parameter 'state' implicitly has an 'any' type.
components/scene-renderers/interactive-renderer.tsx(16,48): error TS7006: Parameter 'state' implicitly has an 'any' type.
components/scene-renderers/interactive-renderer.tsx(41,5): error TS7026: JSX element implicitly has type 'any' because no interface 'JSX.IntrinsicElements' exists.
components/scene-renderers/interactive-renderer.tsx(41,5): error TS2875: This JSX tag requires the module path 'react/jsx-runtime' to exist, but none could be found. Make sure you have types for the appropriate package installed.
components/scene-renderers/interactive-renderer.tsx(42,7): error TS7026: JSX element implicitly has type 'any' because no interface 'JSX.IntrinsicElements' exists.
components/scene-renderers/interactive-renderer.tsx(50,5): error TS7026: JSX element implicitly has type 'any' because no interface 'JSX.IntrinsicElements' exists.
components/scene-renderers/pbl-renderer.tsx(3,29): error TS2307: Cannot find module 'react' or its corresponding type declarations.
components/scene-renderers/pbl-renderer.tsx(26,41): error TS7006: Parameter 'scene' implicitly has an 'any' type.
components/scene-renderers/pbl-renderer.tsx(90,7): error TS7026: JSX element implicitly has type 'any' because no interface 'JSX.IntrinsicElements' exists.
components/scene-renderers/pbl-renderer.tsx(90,7): error TS2875: This JSX tag requires the module path 'react/jsx-runtime' to exist, but none could be found. Make sure you have types for the appropriate package installed.
components/scene-renderers/pbl-renderer.tsx(91,9): error TS7026: JSX element implicitly has type 'any' because no interface 'JSX.IntrinsicElements' exists.
components/scene-renderers/pbl-renderer.tsx(91,35): error TS7026: JSX element implicitly has type 'any' because no interface 'JSX.IntrinsicElements' exists.
components/scene-renderers/pbl-renderer.tsx(92,7): error TS7026: JSX element implicitly has type 'any' because no interface 'JSX.IntrinsicElements' exists.
components/scene-renderers/pbl-renderer.tsx(99,7): error TS7026: JSX element implicitly has type 'any' because no interface 'JSX.IntrinsicElements' exists.
components/scene-renderers/pbl-renderer.tsx(100,9): error TS7026: JSX element implicitly has type 'any' because no interface 'JSX.IntrinsicElements' exists.
components/scene-renderers/pbl-renderer.tsx(100,35): error TS7026: JSX element implicitly has type 'any' because no interface 'JSX.IntrinsicElements' exists.
components/scene-renderers/pbl-renderer.tsx(101,7): error TS7026: JSX element implicitly has type 'any' because no interface 'JSX.IntrinsicElements' exists.
components/scene-renderers/pbl/chat-panel.tsx(3,45): error TS2307: Cannot find module 'react' or its corresponding type declarations.
components/scene-renderers/pbl/chat-panel.tsx(4,25): error TS2307: Cannot find module 'lucide-react' or its corresponding type declarations.
components/scene-renderers/pbl/chat-panel.tsx(65,29): error TS2503: Cannot find namespace 'React'.
components/scene-renderers/pbl/chat-panel.tsx(73,5): error TS7026: JSX element implicitly has type 'any' because no interface 'JSX.IntrinsicElements' exists.
components/scene-renderers/pbl/chat-panel.tsx(73,5): error TS2875: This JSX tag requires the module path 'react/jsx-runtime' to exist, but none could be found. Make sure you have types for the appropriate package installed.
components/scene-renderers/pbl/chat-panel.tsx(75,7): error TS7026: JSX element implicitly has type 'any' because no interface 'JSX.IntrinsicElements' exists.
components/scene-renderers/pbl/chat-panel.tsx(76,9): error TS7026: JSX element implicitly has type 'any' because no interface 'JSX.IntrinsicElements' exists.
components/scene-renderers/pbl/chat-panel.tsx(76,68): error TS7026: JSX element implicitly has type 'any' because no interface 'JSX.IntrinsicElements' exists.
components/scene-renderers/pbl/chat-panel.tsx(78,11): error TS7026: JSX element implicitly has type 'any' because no interface 'JSX.IntrinsicElements' exists.
components/scene-renderers/pbl/chat-panel.tsx(80,11): error TS7026: JSX element implicitly has type 'any' because no interface 'JSX.IntrinsicElements' exists.
components/scene-renderers/pbl/chat-panel.tsx(82,7): error TS7026: JSX element implicitly has type 'any' because no interface 'JSX.IntrinsicElements' exists.
components/scene-renderers/pbl/chat-panel.tsx(85,7): error TS7026: JSX element implicitly has type 'any' because no interface 'JSX.IntrinsicElements' exists.
components/scene-renderers/pbl/chat-panel.tsx(87,24): error TS2322: Type '{ key: string; message: PBLChatMessage; isUser: boolean; }' is not assignable to type '{ message: PBLChatMessage; isUser: boolean; }'.
  Property 'key' does not exist on type '{ message: PBLChatMessage; isUser: boolean; }'.
components/scene-renderers/pbl/chat-panel.tsx(90,11): error TS7026: JSX element implicitly has type 'any' because no interface 'JSX.IntrinsicElements' exists.
components/scene-renderers/pbl/chat-panel.tsx(91,13): error TS7026: JSX element implicitly has type 'any' because no interface 'JSX.IntrinsicElements' exists.
components/scene-renderers/pbl/chat-panel.tsx(92,15): error TS7026: JSX element implicitly has type 'any' because no interface 'JSX.IntrinsicElements' exists.
components/scene-renderers/pbl/chat-panel.tsx(94,15): error TS7026: JSX element implicitly has type 'any' because no interface 'JSX.IntrinsicElements' exists.
components/scene-renderers/pbl/chat-panel.tsx(95,15): error TS7026: JSX element implicitly has type 'any' because no interface 'JSX.IntrinsicElements' exists.
components/scene-renderers/pbl/chat-panel.tsx(97,15): error TS7026: JSX element implicitly has type 'any' because no interface 'JSX.IntrinsicElements' exists.
components/scene-renderers/pbl/chat-panel.tsx(98,15): error TS7026: JSX element implicitly has type 'any' because no interface 'JSX.IntrinsicElements' exists.
components/scene-renderers/pbl/chat-panel.tsx(100,15): error TS7026: JSX element implicitly has type 'any' because no interface 'JSX.IntrinsicElements' exists.
components/scene-renderers/pbl/chat-panel.tsx(101,13): error TS7026: JSX element implicitly has type 'any' because no interface 'JSX.IntrinsicElements' exists.
components/scene-renderers/pbl/chat-panel.tsx(102,11): error TS7026: JSX element implicitly has type 'any' because no interface 'JSX.IntrinsicElements' exists.
components/scene-renderers/pbl/chat-panel.tsx(104,9): error TS7026: JSX element implicitly has type 'any' because no interface 'JSX.IntrinsicElements' exists.
components/scene-renderers/pbl/chat-panel.tsx(105,7): error TS7026: JSX element implicitly has type 'any' because no interface 'JSX.IntrinsicElements' exists.
components/scene-renderers/pbl/chat-panel.tsx(108,7): error TS7026: JSX element implicitly has type 'any' because no interface 'JSX.IntrinsicElements' exists.
components/scene-renderers/pbl/chat-panel.tsx(109,9): error TS7026: JSX element implicitly has type 'any' because no interface 'JSX.IntrinsicElements' exists.
components/scene-renderers/pbl/chat-panel.tsx(110,11): error TS7026: JSX element implicitly has type 'any' because no interface 'JSX.IntrinsicElements' exists.
components/scene-renderers/pbl/chat-panel.tsx(110,44): error TS7026: JSX element implicitly has type 'any' because no interface 'JSX.IntrinsicElements' exists.
components/scene-renderers/pbl/chat-panel.tsx(111,9): error TS7026: JSX element implicitly has type 'any' because no interface 'JSX.IntrinsicElements' exists.
components/scene-renderers/pbl/chat-panel.tsx(112,9): error TS7026: JSX element implicitly has type 'any' because no interface 'JSX.IntrinsicElements' exists.
components/scene-renderers/pbl/chat-panel.tsx(113,11): error TS7026: JSX element implicitly has type 'any' because no interface 'JSX.IntrinsicElements' exists.
components/scene-renderers/pbl/chat-panel.tsx(116,24): error TS7006: Parameter 'e' implicitly has an 'any' type.
components/scene-renderers/pbl/chat-panel.tsx(133,25): error TS7006: Parameter 'prev' implicitly has an 'any' type.
components/scene-renderers/pbl/chat-panel.tsx(140,11): error TS7026: JSX element implicitly has type 'any' because no interface 'JSX.IntrinsicElements' exists.
components/scene-renderers/pbl/chat-panel.tsx(146,11): error TS7026: JSX element implicitly has type 'any' because no interface 'JSX.IntrinsicElements' exists.
components/scene-renderers/pbl/chat-panel.tsx(147,9): error TS7026: JSX element implicitly has type 'any' because no interface 'JSX.IntrinsicElements' exists.
components/scene-renderers/pbl/chat-panel.tsx(148,7): error TS7026: JSX element implicitly has type 'any' because no interface 'JSX.IntrinsicElements' exists.
components/scene-renderers/pbl/chat-panel.tsx(149,5): error TS7026: JSX element implicitly has type 'any' because no interface 'JSX.IntrinsicElements' exists.
components/scene-renderers/pbl/chat-panel.tsx(158,7): error TS7026: JSX element implicitly has type 'any' because no interface 'JSX.IntrinsicElements' exists.
components/scene-renderers/pbl/chat-panel.tsx(159,9): error TS7026: JSX element implicitly has type 'any' because no interface 'JSX.IntrinsicElements' exists.
components/scene-renderers/pbl/chat-panel.tsx(161,9): error TS7026: JSX element implicitly has type 'any' because no interface 'JSX.IntrinsicElements' exists.
components/scene-renderers/pbl/chat-panel.tsx(162,7): error TS7026: JSX element implicitly has type 'any' because no interface 'JSX.IntrinsicElements' exists.
components/scene-renderers/pbl/chat-panel.tsx(167,5): error TS7026: JSX element implicitly has type 'any' because no interface 'JSX.IntrinsicElements' exists.
components/scene-renderers/pbl/chat-panel.tsx(168,7): error TS7026: JSX element implicitly has type 'any' because no interface 'JSX.IntrinsicElements' exists.
components/scene-renderers/pbl/chat-panel.tsx(170,7): error TS7026: JSX element implicitly has type 'any' because no interface 'JSX.IntrinsicElements' exists.
components/scene-renderers/pbl/chat-panel.tsx(171,7): error TS7026: JSX element implicitly has type 'any' because no interface 'JSX.IntrinsicElements' exists.
components/scene-renderers/pbl/chat-panel.tsx(177,7): error TS7026: JSX element implicitly has type 'any' because no interface 'JSX.IntrinsicElements' exists.
components/scene-renderers/pbl/chat-panel.tsx(178,5): error TS7026: JSX element implicitly has type 'any' because no interface 'JSX.IntrinsicElements' exists.
components/scene-renderers/pbl/guide.tsx(3,28): error TS2307: Cannot find module 'lucide-react' or its corresponding type declarations.
components/scene-renderers/pbl/guide.tsx(15,5): error TS2875: This JSX tag requires the module path 'react/jsx-runtime' to exist, but none could be found. Make sure you have types for the appropriate package installed.
components/scene-renderers/pbl/guide.tsx(16,7): error TS7026: JSX element implicitly has type 'any' because no interface 'JSX.IntrinsicElements' exists.
components/scene-renderers/pbl/guide.tsx(18,11): error TS7026: JSX element implicitly has type 'any' because no interface 'JSX.IntrinsicElements' exists.
components/scene-renderers/pbl/guide.tsx(20,13): error TS7026: JSX element implicitly has type 'any' because no interface 'JSX.IntrinsicElements' exists.
components/scene-renderers/pbl/guide.tsx(20,46): error TS7026: JSX element implicitly has type 'any' because no interface 'JSX.IntrinsicElements' exists.
components/scene-renderers/pbl/guide.tsx(21,11): error TS7026: JSX element implicitly has type 'any' because no interface 'JSX.IntrinsicElements' exists.
components/scene-renderers/pbl/guide.tsx(23,7): error TS7026: JSX element implicitly has type 'any' because no interface 'JSX.IntrinsicElements' exists.
components/scene-renderers/pbl/guide.tsx(47,9): error TS7026: JSX element implicitly has type 'any' because no interface 'JSX.IntrinsicElements' exists.
components/scene-renderers/pbl/guide.tsx(52,9): error TS7026: JSX element implicitly has type 'any' because no interface 'JSX.IntrinsicElements' exists.
components/scene-renderers/pbl/guide.tsx(73,5): error TS7026: JSX element implicitly has type 'any' because no interface 'JSX.IntrinsicElements' exists.
components/scene-renderers/pbl/guide.tsx(75,7): error TS7026: JSX element implicitly has type 'any' because no interface 'JSX.IntrinsicElements' exists.
components/scene-renderers/pbl/guide.tsx(76,9): error TS7026: JSX element implicitly has type 'any' because no interface 'JSX.IntrinsicElements' exists.
components/scene-renderers/pbl/guide.tsx(76,72): error TS7026: JSX element implicitly has type 'any' because no interface 'JSX.IntrinsicElements' exists.
components/scene-renderers/pbl/guide.tsx(77,9): error TS7026: JSX element implicitly has type 'any' because no interface 'JSX.IntrinsicElements' exists.
components/scene-renderers/pbl/guide.tsx(77,73): error TS7026: JSX element implicitly has type 'any' because no interface 'JSX.IntrinsicElements' exists.
components/scene-renderers/pbl/guide.tsx(78,7): error TS7026: JSX element implicitly has type 'any' because no interface 'JSX.IntrinsicElements' exists.
components/scene-renderers/pbl/guide.tsx(80,7): error TS7026: JSX element implicitly has type 'any' because no interface 'JSX.IntrinsicElements' exists.
components/scene-renderers/pbl/guide.tsx(83,7): error TS7026: JSX element implicitly has type 'any' because no interface 'JSX.IntrinsicElements' exists.
components/scene-renderers/pbl/guide.tsx(84,9): error TS7026: JSX element implicitly has type 'any' because no interface 'JSX.IntrinsicElements' exists.
components/scene-renderers/pbl/guide.tsx(84,72): error TS7026: JSX element implicitly has type 'any' because no interface 'JSX.IntrinsicElements' exists.
components/scene-renderers/pbl/guide.tsx(85,9): error TS7026: JSX element implicitly has type 'any' because no interface 'JSX.IntrinsicElements' exists.
components/scene-renderers/pbl/guide.tsx(85,78): error TS7026: JSX element implicitly has type 'any' because no interface 'JSX.IntrinsicElements' exists.
components/scene-renderers/pbl/guide.tsx(87,9): error TS7026: JSX element implicitly has type 'any' because no interface 'JSX.IntrinsicElements' exists.
components/scene-renderers/pbl/guide.tsx(89,11): error TS7026: JSX element implicitly has type 'any' because no interface 'JSX.IntrinsicElements' exists.
components/scene-renderers/pbl/guide.tsx(90,13): error TS7026: JSX element implicitly has type 'any' because no interface 'JSX.IntrinsicElements' exists.
components/scene-renderers/pbl/guide.tsx(90,90): error TS7026: JSX element implicitly has type 'any' because no interface 'JSX.IntrinsicElements' exists.
components/scene-renderers/pbl/guide.tsx(91,13): error TS7026: JSX element implicitly has type 'any' because no interface 'JSX.IntrinsicElements' exists.
components/scene-renderers/pbl/guide.tsx(91,79): error TS7026: JSX element implicitly has type 'any' because no interface 'JSX.IntrinsicElements' exists.
components/scene-renderers/pbl/guide.tsx(92,11): error TS7026: JSX element implicitly has type 'any' because no interface 'JSX.IntrinsicElements' exists.
components/scene-renderers/pbl/guide.tsx(95,11): error TS7026: JSX element implicitly has type 'any' because no interface 'JSX.IntrinsicElements' exists.
components/scene-renderers/pbl/guide.tsx(96,13): error TS7026: JSX element implicitly has type 'any' because no interface 'JSX.IntrinsicElements' exists.
components/scene-renderers/pbl/guide.tsx(96,90): error TS7026: JSX element implicitly has type 'any' because no interface 'JSX.IntrinsicElements' exists.
components/scene-renderers/pbl/guide.tsx(97,13): error TS7026: JSX element implicitly has type 'any' because no interface 'JSX.IntrinsicElements' exists.
components/scene-renderers/pbl/guide.tsx(99,13): error TS7026: JSX element implicitly has type 'any' because no interface 'JSX.IntrinsicElements' exists.
components/scene-renderers/pbl/guide.tsx(100,13): error TS7026: JSX element implicitly has type 'any' because no interface 'JSX.IntrinsicElements' exists.
components/scene-renderers/pbl/guide.tsx(101,15): error TS7026: JSX element implicitly has type 'any' because no interface 'JSX.IntrinsicElements' exists.
components/scene-renderers/pbl/guide.tsx(103,15): error TS7026: JSX element implicitly has type 'any' because no interface 'JSX.IntrinsicElements' exists.
components/scene-renderers/pbl/guide.tsx(104,15): error TS7026: JSX element implicitly has type 'any' because no interface 'JSX.IntrinsicElements' exists.
components/scene-renderers/pbl/guide.tsx(104,48): error TS7026: JSX element implicitly has type 'any' because no interface 'JSX.IntrinsicElements' exists.
components/scene-renderers/pbl/guide.tsx(105,13): error TS7026: JSX element implicitly has type 'any' because no interface 'JSX.IntrinsicElements' exists.
components/scene-renderers/pbl/guide.tsx(106,11): error TS7026: JSX element implicitly has type 'any' because no interface 'JSX.IntrinsicElements' exists.
components/scene-renderers/pbl/guide.tsx(109,11): error TS7026: JSX element implicitly has type 'any' because no interface 'JSX.IntrinsicElements' exists.
components/scene-renderers/pbl/guide.tsx(110,13): error TS7026: JSX element implicitly has type 'any' because no interface 'JSX.IntrinsicElements' exists.
components/scene-renderers/pbl/guide.tsx(110,90): error TS7026: JSX element implicitly has type 'any' because no interface 'JSX.IntrinsicElements' exists.
components/scene-renderers/pbl/guide.tsx(111,13): error TS7026: JSX element implicitly has type 'any' because no interface 'JSX.IntrinsicElements' exists.
components/scene-renderers/pbl/guide.tsx(111,93): error TS7026: JSX element implicitly has type 'any' because no interface 'JSX.IntrinsicElements' exists.
components/scene-renderers/pbl/guide.tsx(112,13): error TS7026: JSX element implicitly has type 'any' because no interface 'JSX.IntrinsicElements' exists.
components/scene-renderers/pbl/guide.tsx(113,15): error TS7026: JSX element implicitly has type 'any' because no interface 'JSX.IntrinsicElements' exists.
components/scene-renderers/pbl/guide.tsx(115,15): error TS7026: JSX element implicitly has type 'any' because no interface 'JSX.IntrinsicElements' exists.
components/scene-renderers/pbl/guide.tsx(116,15): error TS7026: JSX element implicitly has type 'any' because no interface 'JSX.IntrinsicElements' exists.
components/scene-renderers/pbl/guide.tsx(116,48): error TS7026: JSX element implicitly has type 'any' because no interface 'JSX.IntrinsicElements' exists.
components/scene-renderers/pbl/guide.tsx(117,15): error TS7026: JSX element implicitly has type 'any' because no interface 'JSX.IntrinsicElements' exists.
components/scene-renderers/pbl/guide.tsx(118,17): error TS7026: JSX element implicitly has type 'any' because no interface 'JSX.IntrinsicElements' exists.
components/scene-renderers/pbl/guide.tsx(119,21): error TS7026: JSX element implicitly has type 'any' because no interface 'JSX.IntrinsicElements' exists.
components/scene-renderers/pbl/guide.tsx(119,75): error TS7026: JSX element implicitly has type 'any' because no interface 'JSX.IntrinsicElements' exists.
components/scene-renderers/pbl/guide.tsx(121,17): error TS7026: JSX element implicitly has type 'any' because no interface 'JSX.IntrinsicElements' exists.
components/scene-renderers/pbl/guide.tsx(122,17): error TS7026: JSX element implicitly has type 'any' because no interface 'JSX.IntrinsicElements' exists.
components/scene-renderers/pbl/guide.tsx(123,22): error TS7026: JSX element implicitly has type 'any' because no interface 'JSX.IntrinsicElements' exists.
components/scene-renderers/pbl/guide.tsx(123,82): error TS7026: JSX element implicitly has type 'any' because no interface 'JSX.IntrinsicElements' exists.
components/scene-renderers/pbl/guide.tsx(125,17): error TS7026: JSX element implicitly has type 'any' because no interface 'JSX.IntrinsicElements' exists.
components/scene-renderers/pbl/guide.tsx(126,15): error TS7026: JSX element implicitly has type 'any' because no interface 'JSX.IntrinsicElements' exists.
components/scene-renderers/pbl/guide.tsx(127,13): error TS7026: JSX element implicitly has type 'any' because no interface 'JSX.IntrinsicElements' exists.
components/scene-renderers/pbl/guide.tsx(128,11): error TS7026: JSX element implicitly has type 'any' because no interface 'JSX.IntrinsicElements' exists.
components/scene-renderers/pbl/guide.tsx(129,9): error TS7026: JSX element implicitly has type 'any' because no interface 'JSX.IntrinsicElements' exists.
components/scene-renderers/pbl/guide.tsx(130,7): error TS7026: JSX element implicitly has type 'any' because no interface 'JSX.IntrinsicElements' exists.
components/scene-renderers/pbl/guide.tsx(132,7): error TS7026: JSX element implicitly has type 'any' because no interface 'JSX.IntrinsicElements' exists.
components/scene-renderers/pbl/guide.tsx(135,7): error TS7026: JSX element implicitly has type 'any' because no interface 'JSX.IntrinsicElements' exists.
components/scene-renderers/pbl/guide.tsx(136,9): error TS7026: JSX element implicitly has type 'any' because no interface 'JSX.IntrinsicElements' exists.
components/scene-renderers/pbl/guide.tsx(136,72): error TS7026: JSX element implicitly has type 'any' because no interface 'JSX.IntrinsicElements' exists.
components/scene-renderers/pbl/guide.tsx(137,9): error TS7026: JSX element implicitly has type 'any' because no interface 'JSX.IntrinsicElements' exists.
components/scene-renderers/pbl/guide.tsx(137,73): error TS7026: JSX element implicitly has type 'any' because no interface 'JSX.IntrinsicElements' exists.
components/scene-renderers/pbl/guide.tsx(138,7): error TS7026: JSX element implicitly has type 'any' because no interface 'JSX.IntrinsicElements' exists.
components/scene-renderers/pbl/guide.tsx(139,5): error TS7026: JSX element implicitly has type 'any' because no interface 'JSX.IntrinsicElements' exists.
components/scene-renderers/pbl/issueboard-panel.tsx(19,5): error TS7026: JSX element implicitly has type 'any' because no interface 'JSX.IntrinsicElements' exists.
components/scene-renderers/pbl/issueboard-panel.tsx(19,5): error TS2875: This JSX tag requires the module path 'react/jsx-runtime' to exist, but none could be found. Make sure you have types for the appropriate package installed.
components/scene-renderers/pbl/issueboard-panel.tsx(21,7): error TS7026: JSX element implicitly has type 'any' because no interface 'JSX.IntrinsicElements' exists.
components/scene-renderers/pbl/issueboard-panel.tsx(22,9): error TS7026: JSX element implicitly has type 'any' because no interface 'JSX.IntrinsicElements' exists.
components/scene-renderers/pbl/issueboard-panel.tsx(22,74): error TS7026: JSX element implicitly has type 'any' because no interface 'JSX.IntrinsicElements' exists.
components/scene-renderers/pbl/issueboard-panel.tsx(23,9): error TS7026: JSX element implicitly has type 'any' because no interface 'JSX.IntrinsicElements' exists.
components/scene-renderers/pbl/issueboard-panel.tsx(24,11): error TS7026: JSX element implicitly has type 'any' because no interface 'JSX.IntrinsicElements' exists.
components/scene-renderers/pbl/issueboard-panel.tsx(25,13): error TS7026: JSX element implicitly has type 'any' because no interface 'JSX.IntrinsicElements' exists.
components/scene-renderers/pbl/issueboard-panel.tsx(29,11): error TS7026: JSX element implicitly has type 'any' because no interface 'JSX.IntrinsicElements' exists.
components/scene-renderers/pbl/issueboard-panel.tsx(30,11): error TS7026: JSX element implicitly has type 'any' because no interface 'JSX.IntrinsicElements' exists.
components/scene-renderers/pbl/issueboard-panel.tsx(32,11): error TS7026: JSX element implicitly has type 'any' because no interface 'JSX.IntrinsicElements' exists.
components/scene-renderers/pbl/issueboard-panel.tsx(33,9): error TS7026: JSX element implicitly has type 'any' because no interface 'JSX.IntrinsicElements' exists.
components/scene-renderers/pbl/issueboard-panel.tsx(34,7): error TS7026: JSX element implicitly has type 'any' because no interface 'JSX.IntrinsicElements' exists.
components/scene-renderers/pbl/issueboard-panel.tsx(37,7): error TS7026: JSX element implicitly has type 'any' because no interface 'JSX.IntrinsicElements' exists.
components/scene-renderers/pbl/issueboard-panel.tsx(39,22): error TS2322: Type '{ key: string; issue: PBLIssue; }' is not assignable to type '{ issue: PBLIssue; }'.
  Property 'key' does not exist on type '{ issue: PBLIssue; }'.
components/scene-renderers/pbl/issueboard-panel.tsx(42,11): error TS7026: JSX element implicitly has type 'any' because no interface 'JSX.IntrinsicElements' exists.
components/scene-renderers/pbl/issueboard-panel.tsx(44,11): error TS7026: JSX element implicitly has type 'any' because no interface 'JSX.IntrinsicElements' exists.
components/scene-renderers/pbl/issueboard-panel.tsx(46,7): error TS7026: JSX element implicitly has type 'any' because no interface 'JSX.IntrinsicElements' exists.
components/scene-renderers/pbl/issueboard-panel.tsx(47,5): error TS7026: JSX element implicitly has type 'any' because no interface 'JSX.IntrinsicElements' exists.
components/scene-renderers/pbl/issueboard-panel.tsx(72,5): error TS7026: JSX element implicitly has type 'any' because no interface 'JSX.IntrinsicElements' exists.
components/scene-renderers/pbl/issueboard-panel.tsx(73,7): error TS7026: JSX element implicitly has type 'any' because no interface 'JSX.IntrinsicElements' exists.
components/scene-renderers/pbl/issueboard-panel.tsx(74,9): error TS7026: JSX element implicitly has type 'any' because no interface 'JSX.IntrinsicElements' exists.
components/scene-renderers/pbl/issueboard-panel.tsx(74,72): error TS7026: JSX element implicitly has type 'any' because no interface 'JSX.IntrinsicElements' exists.
components/scene-renderers/pbl/issueboard-panel.tsx(75,9): error TS7026: JSX element implicitly has type 'any' because no interface 'JSX.IntrinsicElements' exists.
components/scene-renderers/pbl/issueboard-panel.tsx(79,9): error TS7026: JSX element implicitly has type 'any' because no interface 'JSX.IntrinsicElements' exists.
components/scene-renderers/pbl/issueboard-panel.tsx(80,7): error TS7026: JSX element implicitly has type 'any' because no interface 'JSX.IntrinsicElements' exists.
components/scene-renderers/pbl/issueboard-panel.tsx(81,7): error TS7026: JSX element implicitly has type 'any' because no interface 'JSX.IntrinsicElements' exists.
components/scene-renderers/pbl/issueboard-panel.tsx(81,89): error TS7026: JSX element implicitly has type 'any' because no interface 'JSX.IntrinsicElements' exists.
components/scene-renderers/pbl/issueboard-panel.tsx(82,7): error TS7026: JSX element implicitly has type 'any' because no interface 'JSX.IntrinsicElements' exists.
components/scene-renderers/pbl/issueboard-panel.tsx(82,89): error TS7026: JSX element implicitly has type 'any' because no interface 'JSX.IntrinsicElements' exists.
components/scene-renderers/pbl/issueboard-panel.tsx(83,5): error TS7026: JSX element implicitly has type 'any' because no interface 'JSX.IntrinsicElements' exists.
components/scene-renderers/pbl/role-selection.tsx(22,5): error TS7026: JSX element implicitly has type 'any' because no interface 'JSX.IntrinsicElements' exists.
components/scene-renderers/pbl/role-selection.tsx(22,5): error TS2875: This JSX tag requires the module path 'react/jsx-runtime' to exist, but none could be found. Make sure you have types for the appropriate package installed.
components/scene-renderers/pbl/role-selection.tsx(23,7): error TS7026: JSX element implicitly has type 'any' because no interface 'JSX.IntrinsicElements' exists.
components/scene-renderers/pbl/role-selection.tsx(25,9): error TS7026: JSX element implicitly has type 'any' because no interface 'JSX.IntrinsicElements' exists.
components/scene-renderers/pbl/role-selection.tsx(26,11): error TS7026: JSX element implicitly has type 'any' because no interface 'JSX.IntrinsicElements' exists.
components/scene-renderers/pbl/role-selection.tsx(26,80): error TS7026: JSX element implicitly has type 'any' because no interface 'JSX.IntrinsicElements' exists.
components/scene-renderers/pbl/role-selection.tsx(27,11): error TS7026: JSX element implicitly has type 'any' because no interface 'JSX.IntrinsicElements' exists.
components/scene-renderers/pbl/role-selection.tsx(27,81): error TS7026: JSX element implicitly has type 'any' because no interface 'JSX.IntrinsicElements' exists.
components/scene-renderers/pbl/role-selection.tsx(28,9): error TS7026: JSX element implicitly has type 'any' because no interface 'JSX.IntrinsicElements' exists.
components/scene-renderers/pbl/role-selection.tsx(31,9): error TS7026: JSX element implicitly has type 'any' because no interface 'JSX.IntrinsicElements' exists.
components/scene-renderers/pbl/role-selection.tsx(32,11): error TS7026: JSX element implicitly has type 'any' because no interface 'JSX.IntrinsicElements' exists.
components/scene-renderers/pbl/role-selection.tsx(32,91): error TS7026: JSX element implicitly has type 'any' because no interface 'JSX.IntrinsicElements' exists.
components/scene-renderers/pbl/role-selection.tsx(33,11): error TS7026: JSX element implicitly has type 'any' because no interface 'JSX.IntrinsicElements' exists.
components/scene-renderers/pbl/role-selection.tsx(35,11): error TS7026: JSX element implicitly has type 'any' because no interface 'JSX.IntrinsicElements' exists.
components/scene-renderers/pbl/role-selection.tsx(37,11): error TS7026: JSX element implicitly has type 'any' because no interface 'JSX.IntrinsicElements' exists.
components/scene-renderers/pbl/role-selection.tsx(39,15): error TS7026: JSX element implicitly has type 'any' because no interface 'JSX.IntrinsicElements' exists.
components/scene-renderers/pbl/role-selection.tsx(44,17): error TS7026: JSX element implicitly has type 'any' because no interface 'JSX.IntrinsicElements' exists.
components/scene-renderers/pbl/role-selection.tsx(45,19): error TS7026: JSX element implicitly has type 'any' because no interface 'JSX.IntrinsicElements' exists.
components/scene-renderers/pbl/role-selection.tsx(47,19): error TS7026: JSX element implicitly has type 'any' because no interface 'JSX.IntrinsicElements' exists.
components/scene-renderers/pbl/role-selection.tsx(48,19): error TS7026: JSX element implicitly has type 'any' because no interface 'JSX.IntrinsicElements' exists.
components/scene-renderers/pbl/role-selection.tsx(48,71): error TS7026: JSX element implicitly has type 'any' because no interface 'JSX.IntrinsicElements' exists.
components/scene-renderers/pbl/role-selection.tsx(49,17): error TS7026: JSX element implicitly has type 'any' because no interface 'JSX.IntrinsicElements' exists.
components/scene-renderers/pbl/role-selection.tsx(51,19): error TS7026: JSX element implicitly has type 'any' because no interface 'JSX.IntrinsicElements' exists.
components/scene-renderers/pbl/role-selection.tsx(51,95): error TS7026: JSX element implicitly has type 'any' because no interface 'JSX.IntrinsicElements' exists.
components/scene-renderers/pbl/role-selection.tsx(53,15): error TS7026: JSX element implicitly has type 'any' because no interface 'JSX.IntrinsicElements' exists.
components/scene-renderers/pbl/role-selection.tsx(55,11): error TS7026: JSX element implicitly has type 'any' because no interface 'JSX.IntrinsicElements' exists.
components/scene-renderers/pbl/role-selection.tsx(56,9): error TS7026: JSX element implicitly has type 'any' because no interface 'JSX.IntrinsicElements' exists.
components/scene-renderers/pbl/role-selection.tsx(60,7): error TS7026: JSX element implicitly has type 'any' because no interface 'JSX.IntrinsicElements' exists.
components/scene-renderers/pbl/role-selection.tsx(61,5): error TS7026: JSX element implicitly has type 'any' because no interface 'JSX.IntrinsicElements' exists.
components/scene-renderers/pbl/use-pbl-chat.ts(7,39): error TS2307: Cannot find module 'react' or its corresponding type declarations.
components/scene-renderers/pbl/workspace.tsx(3,26): error TS2307: Cannot find module 'react' or its corresponding type declarations.
components/scene-renderers/pbl/workspace.tsx(4,27): error TS2307: Cannot find module 'lucide-react' or its corresponding type declarations.
components/scene-renderers/pbl/workspace.tsx(35,5): error TS7026: JSX element implicitly has type 'any' because no interface 'JSX.IntrinsicElements' exists.
components/scene-renderers/pbl/workspace.tsx(35,5): error TS2875: This JSX tag requires the module path 'react/jsx-runtime' to exist, but none could be found. Make sure you have types for the appropriate package installed.
components/scene-renderers/pbl/workspace.tsx(37,7): error TS7026: JSX element implicitly has type 'any' because no interface 'JSX.IntrinsicElements' exists.
components/scene-renderers/pbl/workspace.tsx(39,9): error TS7026: JSX element implicitly has type 'any' because no interface 'JSX.IntrinsicElements' exists.
components/scene-renderers/pbl/workspace.tsx(41,13): error TS7026: JSX element implicitly has type 'any' because no interface 'JSX.IntrinsicElements' exists.
components/scene-renderers/pbl/workspace.tsx(42,15): error TS7026: JSX element implicitly has type 'any' because no interface 'JSX.IntrinsicElements' exists.
components/scene-renderers/pbl/workspace.tsx(47,17): error TS7026: JSX element implicitly has type 'any' because no interface 'JSX.IntrinsicElements' exists.
components/scene-renderers/pbl/workspace.tsx(47,51): error TS7026: JSX element implicitly has type 'any' because no interface 'JSX.IntrinsicElements' exists.
components/scene-renderers/pbl/workspace.tsx(48,15): error TS7026: JSX element implicitly has type 'any' because no interface 'JSX.IntrinsicElements' exists.
components/scene-renderers/pbl/workspace.tsx(49,15): error TS7026: JSX element implicitly has type 'any' because no interface 'JSX.IntrinsicElements' exists.
components/scene-renderers/pbl/workspace.tsx(51,15): error TS7026: JSX element implicitly has type 'any' because no interface 'JSX.IntrinsicElements' exists.
components/scene-renderers/pbl/workspace.tsx(52,13): error TS7026: JSX element implicitly has type 'any' because no interface 'JSX.IntrinsicElements' exists.
components/scene-renderers/pbl/workspace.tsx(54,13): error TS7026: JSX element implicitly has type 'any' because no interface 'JSX.IntrinsicElements' exists.
components/scene-renderers/pbl/workspace.tsx(55,15): error TS7026: JSX element implicitly has type 'any' because no interface 'JSX.IntrinsicElements' exists.
components/scene-renderers/pbl/workspace.tsx(55,90): error TS7026: JSX element implicitly has type 'any' because no interface 'JSX.IntrinsicElements' exists.
components/scene-renderers/pbl/workspace.tsx(56,15): error TS7026: JSX element implicitly has type 'any' because no interface 'JSX.IntrinsicElements' exists.
components/scene-renderers/pbl/workspace.tsx(64,15): error TS7026: JSX element implicitly has type 'any' because no interface 'JSX.IntrinsicElements' exists.
components/scene-renderers/pbl/workspace.tsx(65,15): error TS7026: JSX element implicitly has type 'any' because no interface 'JSX.IntrinsicElements' exists.
components/scene-renderers/pbl/workspace.tsx(70,15): error TS7026: JSX element implicitly has type 'any' because no interface 'JSX.IntrinsicElements' exists.
components/scene-renderers/pbl/workspace.tsx(71,13): error TS7026: JSX element implicitly has type 'any' because no interface 'JSX.IntrinsicElements' exists.
components/scene-renderers/pbl/workspace.tsx(73,9): error TS7026: JSX element implicitly has type 'any' because no interface 'JSX.IntrinsicElements' exists.
components/scene-renderers/pbl/workspace.tsx(75,9): error TS7026: JSX element implicitly has type 'any' because no interface 'JSX.IntrinsicElements' exists.
components/scene-renderers/pbl/workspace.tsx(77,9): error TS7026: JSX element implicitly has type 'any' because no interface 'JSX.IntrinsicElements' exists.
components/scene-renderers/pbl/workspace.tsx(78,7): error TS7026: JSX element implicitly has type 'any' because no interface 'JSX.IntrinsicElements' exists.
components/scene-renderers/pbl/workspace.tsx(81,7): error TS7026: JSX element implicitly has type 'any' because no interface 'JSX.IntrinsicElements' exists.
components/scene-renderers/pbl/workspace.tsx(89,7): error TS7026: JSX element implicitly has type 'any' because no interface 'JSX.IntrinsicElements' exists.
components/scene-renderers/pbl/workspace.tsx(90,5): error TS7026: JSX element implicitly has type 'any' because no interface 'JSX.IntrinsicElements' exists.
components/scene-renderers/quiz-renderer.tsx(3,26): error TS2307: Cannot find module 'react' or its corresponding type declarations.
components/scene-renderers/quiz-renderer.tsx(19,17): error TS7006: Parameter 'prev' implicitly has an 'any' type.
components/scene-renderers/quiz-renderer.tsx(23,5): error TS7026: JSX element implicitly has type 'any' because no interface 'JSX.IntrinsicElements' exists.
components/scene-renderers/quiz-renderer.tsx(23,5): error TS2875: This JSX tag requires the module path 'react/jsx-runtime' to exist, but none could be found. Make sure you have types for the appropriate package installed.
components/scene-renderers/quiz-renderer.tsx(24,7): error TS7026: JSX element implicitly has type 'any' because no interface 'JSX.IntrinsicElements' exists.
components/scene-renderers/quiz-renderer.tsx(25,9): error TS7026: JSX element implicitly has type 'any' because no interface 'JSX.IntrinsicElements' exists.
components/scene-renderers/quiz-renderer.tsx(25,48): error TS7026: JSX element implicitly has type 'any' because no interface 'JSX.IntrinsicElements' exists.
components/scene-renderers/quiz-renderer.tsx(33,17): error TS7026: JSX element implicitly has type 'any' because no interface 'JSX.IntrinsicElements' exists.
components/scene-renderers/quiz-renderer.tsx(41,23): error TS7026: JSX element implicitly has type 'any' because no interface 'JSX.IntrinsicElements' exists.
components/scene-renderers/quiz-renderer.tsx(48,25): error TS7026: JSX element implicitly has type 'any' because no interface 'JSX.IntrinsicElements' exists.
components/scene-renderers/quiz-renderer.tsx(53,38): error TS7006: Parameter 'e' implicitly has an 'any' type.
components/scene-renderers/quiz-renderer.tsx(56,25): error TS7026: JSX element implicitly has type 'any' because no interface 'JSX.IntrinsicElements' exists.
components/scene-renderers/quiz-renderer.tsx(58,25): error TS7026: JSX element implicitly has type 'any' because no interface 'JSX.IntrinsicElements' exists.
components/scene-renderers/quiz-renderer.tsx(59,23): error TS7026: JSX element implicitly has type 'any' because no interface 'JSX.IntrinsicElements' exists.
components/scene-renderers/quiz-renderer.tsx(62,17): error TS7026: JSX element implicitly has type 'any' because no interface 'JSX.IntrinsicElements' exists.
components/scene-renderers/quiz-renderer.tsx(65,17): error TS7026: JSX element implicitly has type 'any' because no interface 'JSX.IntrinsicElements' exists.
components/scene-renderers/quiz-renderer.tsx(69,30): error TS7006: Parameter 'e' implicitly has an 'any' type.
components/scene-renderers/quiz-renderer.tsx(76,11): error TS7026: JSX element implicitly has type 'any' because no interface 'JSX.IntrinsicElements' exists.
components/scene-renderers/quiz-renderer.tsx(78,11): error TS7026: JSX element implicitly has type 'any' because no interface 'JSX.IntrinsicElements' exists.
components/scene-renderers/quiz-renderer.tsx(80,7): error TS7026: JSX element implicitly has type 'any' because no interface 'JSX.IntrinsicElements' exists.
components/scene-renderers/quiz-renderer.tsx(81,5): error TS7026: JSX element implicitly has type 'any' because no interface 'JSX.IntrinsicElements' exists.
components/scene-renderers/quiz-view.tsx(3,67): error TS2307: Cannot find module 'react' or its corresponding type declarations.
components/scene-renderers/quiz-view.tsx(4,41): error TS2307: Cannot find module 'motion/react' or its corresponding type declarations.
components/scene-renderers/quiz-view.tsx(15,8): error TS2307: Cannot find module 'lucide-react' or its corresponding type declarations.
components/scene-renderers/quiz-view.tsx(113,5): error TS7026: JSX element implicitly has type 'any' because no interface 'JSX.IntrinsicElements' exists.
components/scene-renderers/quiz-view.tsx(113,5): error TS2875: This JSX tag requires the module path 'react/jsx-runtime' to exist, but none could be found. Make sure you have types for the appropriate package installed.
components/scene-renderers/quiz-view.tsx(115,7): error TS7026: JSX element implicitly has type 'any' because no interface 'JSX.IntrinsicElements' exists.
components/scene-renderers/quiz-view.tsx(117,7): error TS7026: JSX element implicitly has type 'any' because no interface 'JSX.IntrinsicElements' exists.
components/scene-renderers/quiz-view.tsx(118,7): error TS7026: JSX element implicitly has type 'any' because no interface 'JSX.IntrinsicElements' exists.
components/scene-renderers/quiz-view.tsx(120,7): error TS7026: JSX element implicitly has type 'any' because no interface 'JSX.IntrinsicElements' exists.
components/scene-renderers/quiz-view.tsx(137,9): error TS7026: JSX element implicitly has type 'any' because no interface 'JSX.IntrinsicElements' exists.
components/scene-renderers/quiz-view.tsx(137,93): error TS7026: JSX element implicitly has type 'any' because no interface 'JSX.IntrinsicElements' exists.
components/scene-renderers/quiz-view.tsx(138,9): error TS7026: JSX element implicitly has type 'any' because no interface 'JSX.IntrinsicElements' exists.
components/scene-renderers/quiz-view.tsx(138,90): error TS7026: JSX element implicitly has type 'any' because no interface 'JSX.IntrinsicElements' exists.
components/scene-renderers/quiz-view.tsx(147,9): error TS7026: JSX element implicitly has type 'any' because no interface 'JSX.IntrinsicElements' exists.
components/scene-renderers/quiz-view.tsx(148,11): error TS7026: JSX element implicitly has type 'any' because no interface 'JSX.IntrinsicElements' exists.
components/scene-renderers/quiz-view.tsx(150,11): error TS7026: JSX element implicitly has type 'any' because no interface 'JSX.IntrinsicElements' exists.
components/scene-renderers/quiz-view.tsx(151,11): error TS7026: JSX element implicitly has type 'any' because no interface 'JSX.IntrinsicElements' exists.
components/scene-renderers/quiz-view.tsx(153,11): error TS7026: JSX element implicitly has type 'any' because no interface 'JSX.IntrinsicElements' exists.
components/scene-renderers/quiz-view.tsx(154,9): error TS7026: JSX element implicitly has type 'any' because no interface 'JSX.IntrinsicElements' exists.
components/scene-renderers/quiz-view.tsx(155,9): error TS7026: JSX element implicitly has type 'any' because no interface 'JSX.IntrinsicElements' exists.
components/scene-renderers/quiz-view.tsx(156,11): error TS7026: JSX element implicitly has type 'any' because no interface 'JSX.IntrinsicElements' exists.
components/scene-renderers/quiz-view.tsx(158,11): error TS7026: JSX element implicitly has type 'any' because no interface 'JSX.IntrinsicElements' exists.
components/scene-renderers/quiz-view.tsx(159,11): error TS7026: JSX element implicitly has type 'any' because no interface 'JSX.IntrinsicElements' exists.
components/scene-renderers/quiz-view.tsx(161,11): error TS7026: JSX element implicitly has type 'any' because no interface 'JSX.IntrinsicElements' exists.
components/scene-renderers/quiz-view.tsx(162,9): error TS7026: JSX element implicitly has type 'any' because no interface 'JSX.IntrinsicElements' exists.
components/scene-renderers/quiz-view.tsx(177,5): error TS7026: JSX element implicitly has type 'any' because no interface 'JSX.IntrinsicElements' exists.
components/scene-renderers/quiz-view.tsx(200,7): error TS7026: JSX element implicitly has type 'any' because no interface 'JSX.IntrinsicElements' exists.
components/scene-renderers/quiz-view.tsx(207,13): error TS7026: JSX element implicitly has type 'any' because no interface 'JSX.IntrinsicElements' exists.
components/scene-renderers/quiz-view.tsx(235,15): error TS7026: JSX element implicitly has type 'any' because no interface 'JSX.IntrinsicElements' exists.
components/scene-renderers/quiz-view.tsx(251,15): error TS7026: JSX element implicitly has type 'any' because no interface 'JSX.IntrinsicElements' exists.
components/scene-renderers/quiz-view.tsx(252,15): error TS7026: JSX element implicitly has type 'any' because no interface 'JSX.IntrinsicElements' exists.
components/scene-renderers/quiz-view.tsx(259,15): error TS7026: JSX element implicitly has type 'any' because no interface 'JSX.IntrinsicElements' exists.
components/scene-renderers/quiz-view.tsx(266,13): error TS7026: JSX element implicitly has type 'any' because no interface 'JSX.IntrinsicElements' exists.
components/scene-renderers/quiz-view.tsx(269,7): error TS7026: JSX element implicitly has type 'any' because no interface 'JSX.IntrinsicElements' exists.
components/scene-renderers/quiz-view.tsx(306,9): error TS7026: JSX element implicitly has type 'any' because no interface 'JSX.IntrinsicElements' exists.
components/scene-renderers/quiz-view.tsx(308,9): error TS7026: JSX element implicitly has type 'any' because no interface 'JSX.IntrinsicElements' exists.
components/scene-renderers/quiz-view.tsx(310,7): error TS7026: JSX element implicitly has type 'any' because no interface 'JSX.IntrinsicElements' exists.
components/scene-renderers/quiz-view.tsx(317,13): error TS7026: JSX element implicitly has type 'any' because no interface 'JSX.IntrinsicElements' exists.
components/scene-renderers/quiz-view.tsx(340,15): error TS7026: JSX element implicitly has type 'any' because no interface 'JSX.IntrinsicElements' exists.
components/scene-renderers/quiz-view.tsx(356,15): error TS7026: JSX element implicitly has type 'any' because no interface 'JSX.IntrinsicElements' exists.
components/scene-renderers/quiz-view.tsx(357,15): error TS7026: JSX element implicitly has type 'any' because no interface 'JSX.IntrinsicElements' exists.
components/scene-renderers/quiz-view.tsx(364,15): error TS7026: JSX element implicitly has type 'any' because no interface 'JSX.IntrinsicElements' exists.
components/scene-renderers/quiz-view.tsx(369,13): error TS7026: JSX element implicitly has type 'any' because no interface 'JSX.IntrinsicElements' exists.
components/scene-renderers/quiz-view.tsx(372,7): error TS7026: JSX element implicitly has type 'any' because no interface 'JSX.IntrinsicElements' exists.
components/scene-renderers/quiz-view.tsx(403,9): error TS7026: JSX element implicitly has type 'any' because no interface 'JSX.IntrinsicElements' exists.
components/scene-renderers/quiz-view.tsx(404,11): error TS7026: JSX element implicitly has type 'any' because no interface 'JSX.IntrinsicElements' exists.
components/scene-renderers/quiz-view.tsx(406,24): error TS7006: Parameter 'e' implicitly has an 'any' type.
components/scene-renderers/quiz-view.tsx(420,11): error TS7026: JSX element implicitly has type 'any' because no interface 'JSX.IntrinsicElements' exists.
components/scene-renderers/quiz-view.tsx(422,11): error TS7026: JSX element implicitly has type 'any' because no interface 'JSX.IntrinsicElements' exists.
components/scene-renderers/quiz-view.tsx(423,9): error TS7026: JSX element implicitly has type 'any' because no interface 'JSX.IntrinsicElements' exists.
components/scene-renderers/quiz-view.tsx(425,9): error TS7026: JSX element implicitly has type 'any' because no interface 'JSX.IntrinsicElements' exists.
components/scene-renderers/quiz-view.tsx(426,11): error TS7026: JSX element implicitly has type 'any' because no interface 'JSX.IntrinsicElements' exists.
components/scene-renderers/quiz-view.tsx(427,13): error TS7026: JSX element implicitly has type 'any' because no interface 'JSX.IntrinsicElements' exists.
components/scene-renderers/quiz-view.tsx(427,96): error TS7026: JSX element implicitly has type 'any' because no interface 'JSX.IntrinsicElements' exists.
components/scene-renderers/quiz-view.tsx(429,15): error TS7026: JSX element implicitly has type 'any' because no interface 'JSX.IntrinsicElements' exists.
components/scene-renderers/quiz-view.tsx(431,15): error TS7026: JSX element implicitly has type 'any' because no interface 'JSX.IntrinsicElements' exists.
components/scene-renderers/quiz-view.tsx(433,11): error TS7026: JSX element implicitly has type 'any' because no interface 'JSX.IntrinsicElements' exists.
components/scene-renderers/quiz-view.tsx(435,13): error TS7026: JSX element implicitly has type 'any' because no interface 'JSX.IntrinsicElements' exists.
components/scene-renderers/quiz-view.tsx(437,15): error TS7026: JSX element implicitly has type 'any' because no interface 'JSX.IntrinsicElements' exists.
components/scene-renderers/quiz-view.tsx(438,17): error TS7026: JSX element implicitly has type 'any' because no interface 'JSX.IntrinsicElements' exists.
components/scene-renderers/quiz-view.tsx(440,17): error TS7026: JSX element implicitly has type 'any' because no interface 'JSX.IntrinsicElements' exists.
components/scene-renderers/quiz-view.tsx(441,17): error TS7026: JSX element implicitly has type 'any' because no interface 'JSX.IntrinsicElements' exists.
components/scene-renderers/quiz-view.tsx(443,17): error TS7026: JSX element implicitly has type 'any' because no interface 'JSX.IntrinsicElements' exists.
components/scene-renderers/quiz-view.tsx(444,15): error TS7026: JSX element implicitly has type 'any' because no interface 'JSX.IntrinsicElements' exists.
components/scene-renderers/quiz-view.tsx(445,15): error TS7026: JSX element implicitly has type 'any' because no interface 'JSX.IntrinsicElements' exists.
components/scene-renderers/quiz-view.tsx(448,15): error TS7026: JSX element implicitly has type 'any' because no interface 'JSX.IntrinsicElements' exists.
components/scene-renderers/quiz-view.tsx(449,13): error TS7026: JSX element implicitly has type 'any' because no interface 'JSX.IntrinsicElements' exists.
components/scene-renderers/quiz-view.tsx(451,9): error TS7026: JSX element implicitly has type 'any' because no interface 'JSX.IntrinsicElements' exists.
components/scene-renderers/quiz-view.tsx(466,13): error TS2503: Cannot find namespace 'React'.
components/scene-renderers/quiz-view.tsx(489,7): error TS7026: JSX element implicitly has type 'any' because no interface 'JSX.IntrinsicElements' exists.
components/scene-renderers/quiz-view.tsx(499,7): error TS7026: JSX element implicitly has type 'any' because no interface 'JSX.IntrinsicElements' exists.
components/scene-renderers/quiz-view.tsx(500,9): error TS7026: JSX element implicitly has type 'any' because no interface 'JSX.IntrinsicElements' exists.
components/scene-renderers/quiz-view.tsx(501,11): error TS7026: JSX element implicitly has type 'any' because no interface 'JSX.IntrinsicElements' exists.
components/scene-renderers/quiz-view.tsx(515,11): error TS7026: JSX element implicitly has type 'any' because no interface 'JSX.IntrinsicElements' exists.
components/scene-renderers/quiz-view.tsx(516,11): error TS7026: JSX element implicitly has type 'any' because no interface 'JSX.IntrinsicElements' exists.
components/scene-renderers/quiz-view.tsx(517,13): error TS7026: JSX element implicitly has type 'any' because no interface 'JSX.IntrinsicElements' exists.
components/scene-renderers/quiz-view.tsx(519,13): error TS7026: JSX element implicitly has type 'any' because no interface 'JSX.IntrinsicElements' exists.
components/scene-renderers/quiz-view.tsx(520,13): error TS7026: JSX element implicitly has type 'any' because no interface 'JSX.IntrinsicElements' exists.
components/scene-renderers/quiz-view.tsx(528,13): error TS7026: JSX element implicitly has type 'any' because no interface 'JSX.IntrinsicElements' exists.
components/scene-renderers/quiz-view.tsx(529,11): error TS7026: JSX element implicitly has type 'any' because no interface 'JSX.IntrinsicElements' exists.
components/scene-renderers/quiz-view.tsx(530,9): error TS7026: JSX element implicitly has type 'any' because no interface 'JSX.IntrinsicElements' exists.
components/scene-renderers/quiz-view.tsx(532,11): error TS7026: JSX element implicitly has type 'any' because no interface 'JSX.IntrinsicElements' exists.
components/scene-renderers/quiz-view.tsx(535,11): error TS7026: JSX element implicitly has type 'any' because no interface 'JSX.IntrinsicElements' exists.
components/scene-renderers/quiz-view.tsx(537,7): error TS7026: JSX element implicitly has type 'any' because no interface 'JSX.IntrinsicElements' exists.
components/scene-renderers/quiz-view.tsx(544,9): error TS7026: JSX element implicitly has type 'any' because no interface 'JSX.IntrinsicElements' exists.
components/scene-renderers/quiz-view.tsx(545,11): error TS7026: JSX element implicitly has type 'any' because no interface 'JSX.IntrinsicElements' exists.
components/scene-renderers/quiz-view.tsx(545,61): error TS7026: JSX element implicitly has type 'any' because no interface 'JSX.IntrinsicElements' exists.
components/scene-renderers/quiz-view.tsx(547,9): error TS7026: JSX element implicitly has type 'any' because no interface 'JSX.IntrinsicElements' exists.
components/scene-renderers/quiz-view.tsx(596,7): error TS7026: JSX element implicitly has type 'any' because no interface 'JSX.IntrinsicElements' exists.
components/scene-renderers/quiz-view.tsx(597,9): error TS7026: JSX element implicitly has type 'any' because no interface 'JSX.IntrinsicElements' exists.
components/scene-renderers/quiz-view.tsx(598,11): error TS7026: JSX element implicitly has type 'any' because no interface 'JSX.IntrinsicElements' exists.
components/scene-renderers/quiz-view.tsx(598,68): error TS7026: JSX element implicitly has type 'any' because no interface 'JSX.IntrinsicElements' exists.
components/scene-renderers/quiz-view.tsx(599,11): error TS7026: JSX element implicitly has type 'any' because no interface 'JSX.IntrinsicElements' exists.
components/scene-renderers/quiz-view.tsx(600,13): error TS7026: JSX element implicitly has type 'any' because no interface 'JSX.IntrinsicElements' exists.
components/scene-renderers/quiz-view.tsx(600,58): error TS7026: JSX element implicitly has type 'any' because no interface 'JSX.IntrinsicElements' exists.
components/scene-renderers/quiz-view.tsx(601,13): error TS7026: JSX element implicitly has type 'any' because no interface 'JSX.IntrinsicElements' exists.
components/scene-renderers/quiz-view.tsx(601,62): error TS7026: JSX element implicitly has type 'any' because no interface 'JSX.IntrinsicElements' exists.
components/scene-renderers/quiz-view.tsx(602,11): error TS7026: JSX element implicitly has type 'any' because no interface 'JSX.IntrinsicElements' exists.
components/scene-renderers/quiz-view.tsx(603,11): error TS7026: JSX element implicitly has type 'any' because no interface 'JSX.IntrinsicElements' exists.
components/scene-renderers/quiz-view.tsx(604,13): error TS7026: JSX element implicitly has type 'any' because no interface 'JSX.IntrinsicElements' exists.
components/scene-renderers/quiz-view.tsx(606,13): error TS7026: JSX element implicitly has type 'any' because no interface 'JSX.IntrinsicElements' exists.
components/scene-renderers/quiz-view.tsx(607,13): error TS7026: JSX element implicitly has type 'any' because no interface 'JSX.IntrinsicElements' exists.
components/scene-renderers/quiz-view.tsx(609,13): error TS7026: JSX element implicitly has type 'any' because no interface 'JSX.IntrinsicElements' exists.
components/scene-renderers/quiz-view.tsx(610,11): error TS7026: JSX element implicitly has type 'any' because no interface 'JSX.IntrinsicElements' exists.
components/scene-renderers/quiz-view.tsx(611,9): error TS7026: JSX element implicitly has type 'any' because no interface 'JSX.IntrinsicElements' exists.
components/scene-renderers/quiz-view.tsx(614,9): error TS7026: JSX element implicitly has type 'any' because no interface 'JSX.IntrinsicElements' exists.
components/scene-renderers/quiz-view.tsx(615,11): error TS7026: JSX element implicitly has type 'any' because no interface 'JSX.IntrinsicElements' exists.
components/scene-renderers/quiz-view.tsx(616,13): error TS7026: JSX element implicitly has type 'any' because no interface 'JSX.IntrinsicElements' exists.
components/scene-renderers/quiz-view.tsx(637,11): error TS7026: JSX element implicitly has type 'any' because no interface 'JSX.IntrinsicElements' exists.
components/scene-renderers/quiz-view.tsx(638,11): error TS7026: JSX element implicitly has type 'any' because no interface 'JSX.IntrinsicElements' exists.
components/scene-renderers/quiz-view.tsx(639,13): error TS7026: JSX element implicitly has type 'any' because no interface 'JSX.IntrinsicElements' exists.
components/scene-renderers/quiz-view.tsx(639,56): error TS7026: JSX element implicitly has type 'any' because no interface 'JSX.IntrinsicElements' exists.
components/scene-renderers/quiz-view.tsx(640,11): error TS7026: JSX element implicitly has type 'any' because no interface 'JSX.IntrinsicElements' exists.
components/scene-renderers/quiz-view.tsx(641,9): error TS7026: JSX element implicitly has type 'any' because no interface 'JSX.IntrinsicElements' exists.
components/scene-renderers/quiz-view.tsx(642,7): error TS7026: JSX element implicitly has type 'any' because no interface 'JSX.IntrinsicElements' exists.
components/scene-renderers/quiz-view.tsx(707,19): error TS7006: Parameter 'prev' implicitly has an 'any' type.
components/scene-renderers/quiz-view.tsx(766,53): error TS7006: Parameter 'sum' implicitly has an 'any' type.
components/scene-renderers/quiz-view.tsx(766,58): error TS7006: Parameter 'r' implicitly has an 'any' type.
components/scene-renderers/quiz-view.tsx(770,22): error TS7006: Parameter 'r' implicitly has an 'any' type.
components/scene-renderers/quiz-view.tsx(777,5): error TS7026: JSX element implicitly has type 'any' because no interface 'JSX.IntrinsicElements' exists.
components/scene-renderers/quiz-view.tsx(804,13): error TS7026: JSX element implicitly has type 'any' because no interface 'JSX.IntrinsicElements' exists.
components/scene-renderers/quiz-view.tsx(805,15): error TS7026: JSX element implicitly has type 'any' because no interface 'JSX.IntrinsicElements' exists.
components/scene-renderers/quiz-view.tsx(807,17): error TS7026: JSX element implicitly has type 'any' because no interface 'JSX.IntrinsicElements' exists.
components/scene-renderers/quiz-view.tsx(809,17): error TS7026: JSX element implicitly has type 'any' because no interface 'JSX.IntrinsicElements' exists.
components/scene-renderers/quiz-view.tsx(810,17): error TS7026: JSX element implicitly has type 'any' because no interface 'JSX.IntrinsicElements' exists.
components/scene-renderers/quiz-view.tsx(819,17): error TS7026: JSX element implicitly has type 'any' because no interface 'JSX.IntrinsicElements' exists.
components/scene-renderers/quiz-view.tsx(820,15): error TS7026: JSX element implicitly has type 'any' because no interface 'JSX.IntrinsicElements' exists.
components/scene-renderers/quiz-view.tsx(821,15): error TS7026: JSX element implicitly has type 'any' because no interface 'JSX.IntrinsicElements' exists.
components/scene-renderers/quiz-view.tsx(832,15): error TS7026: JSX element implicitly has type 'any' because no interface 'JSX.IntrinsicElements' exists.
components/scene-renderers/quiz-view.tsx(833,13): error TS7026: JSX element implicitly has type 'any' because no interface 'JSX.IntrinsicElements' exists.
components/scene-renderers/quiz-view.tsx(836,13): error TS7026: JSX element implicitly has type 'any' because no interface 'JSX.IntrinsicElements' exists.
components/scene-renderers/quiz-view.tsx(841,23): error TS2322: Type '{ key: string; question: QuizQuestion; index: number; value: string | undefined; onChange: (v: string) => any; }' is not assignable to type '{ question: QuizQuestion; index: number; value?: string | undefined; onChange: (value: string) => void; disabled?: boolean | undefined; result?: QuestionResult | undefined; }'.
  Property 'key' does not exist on type '{ question: QuizQuestion; index: number; value?: string | undefined; onChange: (value: string) => void; disabled?: boolean | undefined; result?: QuestionResult | undefined; }'.
components/scene-renderers/quiz-view.tsx(852,23): error TS2322: Type '{ key: string; question: QuizQuestion; index: number; value: string[] | undefined; onChange: (v: string[]) => any; }' is not assignable to type '{ question: QuizQuestion; index: number; value?: string[] | undefined; onChange: (value: string[]) => void; disabled?: boolean | undefined; result?: QuestionResult | undefined; }'.
  Property 'key' does not exist on type '{ question: QuizQuestion; index: number; value?: string[] | undefined; onChange: (value: string[]) => void; disabled?: boolean | undefined; result?: QuestionResult | undefined; }'.
components/scene-renderers/quiz-view.tsx(862,21): error TS2322: Type '{ key: string; question: QuizQuestion; index: number; value: string | undefined; onChange: (v: string) => any; }' is not assignable to type '{ question: QuizQuestion; index: number; value?: string | undefined; onChange: (value: string) => void; disabled?: boolean | undefined; result?: QuestionResult | undefined; }'.
  Property 'key' does not exist on type '{ question: QuizQuestion; index: number; value?: string | undefined; onChange: (value: string) => void; disabled?: boolean | undefined; result?: QuestionResult | undefined; }'.
components/scene-renderers/quiz-view.tsx(870,13): error TS7026: JSX element implicitly has type 'any' because no interface 'JSX.IntrinsicElements' exists.
components/scene-renderers/quiz-view.tsx(888,13): error TS7026: JSX element implicitly has type 'any' because no interface 'JSX.IntrinsicElements' exists.
components/scene-renderers/quiz-view.tsx(889,15): error TS7026: JSX element implicitly has type 'any' because no interface 'JSX.IntrinsicElements' exists.
components/scene-renderers/quiz-view.tsx(891,15): error TS7026: JSX element implicitly has type 'any' because no interface 'JSX.IntrinsicElements' exists.
components/scene-renderers/quiz-view.tsx(892,15): error TS7026: JSX element implicitly has type 'any' because no interface 'JSX.IntrinsicElements' exists.
components/scene-renderers/quiz-view.tsx(892,82): error TS7026: JSX element implicitly has type 'any' because no interface 'JSX.IntrinsicElements' exists.
components/scene-renderers/quiz-view.tsx(893,13): error TS7026: JSX element implicitly has type 'any' because no interface 'JSX.IntrinsicElements' exists.
components/scene-renderers/quiz-view.tsx(894,13): error TS7026: JSX element implicitly has type 'any' because no interface 'JSX.IntrinsicElements' exists.
components/scene-renderers/quiz-view.tsx(907,13): error TS7026: JSX element implicitly has type 'any' because no interface 'JSX.IntrinsicElements' exists.
components/scene-renderers/quiz-view.tsx(919,13): error TS7026: JSX element implicitly has type 'any' because no interface 'JSX.IntrinsicElements' exists.
components/scene-renderers/quiz-view.tsx(920,15): error TS7026: JSX element implicitly has type 'any' because no interface 'JSX.IntrinsicElements' exists.
components/scene-renderers/quiz-view.tsx(922,17): error TS7026: JSX element implicitly has type 'any' because no interface 'JSX.IntrinsicElements' exists.
components/scene-renderers/quiz-view.tsx(924,17): error TS7026: JSX element implicitly has type 'any' because no interface 'JSX.IntrinsicElements' exists.
components/scene-renderers/quiz-view.tsx(925,15): error TS7026: JSX element implicitly has type 'any' because no interface 'JSX.IntrinsicElements' exists.
components/scene-renderers/quiz-view.tsx(926,15): error TS7026: JSX element implicitly has type 'any' because no interface 'JSX.IntrinsicElements' exists.
components/scene-renderers/quiz-view.tsx(932,15): error TS7026: JSX element implicitly has type 'any' because no interface 'JSX.IntrinsicElements' exists.
components/scene-renderers/quiz-view.tsx(933,13): error TS7026: JSX element implicitly has type 'any' because no interface 'JSX.IntrinsicElements' exists.
components/scene-renderers/quiz-view.tsx(936,13): error TS7026: JSX element implicitly has type 'any' because no interface 'JSX.IntrinsicElements' exists.
components/scene-renderers/quiz-view.tsx(944,23): error TS2322: Type '{ key: string; question: QuizQuestion; index: number; value: string | undefined; onChange: () => void; disabled: true; result: any; }' is not assignable to type '{ question: QuizQuestion; index: number; value?: string | undefined; onChange: (value: string) => void; disabled?: boolean | undefined; result?: QuestionResult | undefined; }'.
  Property 'key' does not exist on type '{ question: QuizQuestion; index: number; value?: string | undefined; onChange: (value: string) => void; disabled?: boolean | undefined; result?: QuestionResult | undefined; }'.
components/scene-renderers/quiz-view.tsx(957,23): error TS2322: Type '{ key: string; question: QuizQuestion; index: number; value: string[] | undefined; onChange: () => void; disabled: true; result: any; }' is not assignable to type '{ question: QuizQuestion; index: number; value?: string[] | undefined; onChange: (value: string[]) => void; disabled?: boolean | undefined; result?: QuestionResult | undefined; }'.
  Property 'key' does not exist on type '{ question: QuizQuestion; index: number; value?: string[] | undefined; onChange: (value: string[]) => void; disabled?: boolean | undefined; result?: QuestionResult | undefined; }'.
components/scene-renderers/quiz-view.tsx(969,21): error TS2322: Type '{ key: string; question: QuizQuestion; index: number; value: string | undefined; onChange: () => void; disabled: true; result: any; }' is not assignable to type '{ question: QuizQuestion; index: number; value?: string | undefined; onChange: (value: string) => void; disabled?: boolean | undefined; result?: QuestionResult | undefined; }'.
  Property 'key' does not exist on type '{ question: QuizQuestion; index: number; value?: string | undefined; onChange: (value: string) => void; disabled?: boolean | undefined; result?: QuestionResult | undefined; }'.
components/scene-renderers/quiz-view.tsx(979,13): error TS7026: JSX element implicitly has type 'any' because no interface 'JSX.IntrinsicElements' exists.
components/scene-renderers/quiz-view.tsx(983,5): error TS7026: JSX element implicitly has type 'any' because no interface 'JSX.IntrinsicElements' exists.
components/server-providers-init.tsx(3,27): error TS2307: Cannot find module 'react' or its corresponding type declarations.
components/server-providers-init.tsx(11,50): error TS7006: Parameter 'state' implicitly has an 'any' type.
components/settings/add-audio-provider-dialog.tsx(3,26): error TS2307: Cannot find module 'react' or its corresponding type declarations.
components/settings/add-audio-provider-dialog.tsx(9,22): error TS2307: Cannot find module 'lucide-react' or its corresponding type declarations.
components/settings/add-audio-provider-dialog.tsx(66,5): error TS2875: This JSX tag requires the module path 'react/jsx-runtime' to exist, but none could be found. Make sure you have types for the appropriate package installed.
components/settings/add-audio-provider-dialog.tsx(72,9): error TS7026: JSX element implicitly has type 'any' because no interface 'JSX.IntrinsicElements' exists.
components/settings/add-audio-provider-dialog.tsx(73,11): error TS7026: JSX element implicitly has type 'any' because no interface 'JSX.IntrinsicElements' exists.
components/settings/add-audio-provider-dialog.tsx(74,13): error TS7026: JSX element implicitly has type 'any' because no interface 'JSX.IntrinsicElements' exists.
components/settings/add-audio-provider-dialog.tsx(74,64): error TS7026: JSX element implicitly has type 'any' because no interface 'JSX.IntrinsicElements' exists.
components/settings/add-audio-provider-dialog.tsx(75,13): error TS7026: JSX element implicitly has type 'any' because no interface 'JSX.IntrinsicElements' exists.
components/settings/add-audio-provider-dialog.tsx(77,13): error TS7026: JSX element implicitly has type 'any' because no interface 'JSX.IntrinsicElements' exists.
components/settings/add-audio-provider-dialog.tsx(78,11): error TS7026: JSX element implicitly has type 'any' because no interface 'JSX.IntrinsicElements' exists.
components/settings/add-audio-provider-dialog.tsx(80,11): error TS7026: JSX element implicitly has type 'any' because no interface 'JSX.IntrinsicElements' exists.
components/settings/add-audio-provider-dialog.tsx(85,26): error TS7006: Parameter 'e' implicitly has an 'any' type.
components/settings/add-audio-provider-dialog.tsx(87,11): error TS7026: JSX element implicitly has type 'any' because no interface 'JSX.IntrinsicElements' exists.
components/settings/add-audio-provider-dialog.tsx(89,11): error TS7026: JSX element implicitly has type 'any' because no interface 'JSX.IntrinsicElements' exists.
components/settings/add-audio-provider-dialog.tsx(95,26): error TS7006: Parameter 'e' implicitly has an 'any' type.
components/settings/add-audio-provider-dialog.tsx(97,11): error TS7026: JSX element implicitly has type 'any' because no interface 'JSX.IntrinsicElements' exists.
components/settings/add-audio-provider-dialog.tsx(101,13): error TS7026: JSX element implicitly has type 'any' because no interface 'JSX.IntrinsicElements' exists.
components/settings/add-audio-provider-dialog.tsx(106,28): error TS7006: Parameter 'e' implicitly has an 'any' type.
components/settings/add-audio-provider-dialog.tsx(108,15): error TS7026: JSX element implicitly has type 'any' because no interface 'JSX.IntrinsicElements' exists.
components/settings/add-audio-provider-dialog.tsx(108,92): error TS7026: JSX element implicitly has type 'any' because no interface 'JSX.IntrinsicElements' exists.
components/settings/add-audio-provider-dialog.tsx(109,13): error TS7026: JSX element implicitly has type 'any' because no interface 'JSX.IntrinsicElements' exists.
components/settings/add-audio-provider-dialog.tsx(112,11): error TS7026: JSX element implicitly has type 'any' because no interface 'JSX.IntrinsicElements' exists.
components/settings/add-audio-provider-dialog.tsx(116,33): error TS7006: Parameter 'checked' implicitly has an 'any' type.
components/settings/add-audio-provider-dialog.tsx(118,13): error TS7026: JSX element implicitly has type 'any' because no interface 'JSX.IntrinsicElements' exists.
components/settings/add-audio-provider-dialog.tsx(120,13): error TS7026: JSX element implicitly has type 'any' because no interface 'JSX.IntrinsicElements' exists.
components/settings/add-audio-provider-dialog.tsx(121,11): error TS7026: JSX element implicitly has type 'any' because no interface 'JSX.IntrinsicElements' exists.
components/settings/add-audio-provider-dialog.tsx(123,11): error TS7026: JSX element implicitly has type 'any' because no interface 'JSX.IntrinsicElements' exists.
components/settings/add-audio-provider-dialog.tsx(136,11): error TS7026: JSX element implicitly has type 'any' because no interface 'JSX.IntrinsicElements' exists.
components/settings/add-audio-provider-dialog.tsx(137,9): error TS7026: JSX element implicitly has type 'any' because no interface 'JSX.IntrinsicElements' exists.
components/settings/add-provider-dialog.tsx(3,26): error TS2307: Cannot find module 'react' or its corresponding type declarations.
components/settings/add-provider-dialog.tsx(9,22): error TS2307: Cannot find module 'lucide-react' or its corresponding type declarations.
components/settings/add-provider-dialog.tsx(65,5): error TS2875: This JSX tag requires the module path 'react/jsx-runtime' to exist, but none could be found. Make sure you have types for the appropriate package installed.
components/settings/add-provider-dialog.tsx(71,9): error TS7026: JSX element implicitly has type 'any' because no interface 'JSX.IntrinsicElements' exists.
components/settings/add-provider-dialog.tsx(72,11): error TS7026: JSX element implicitly has type 'any' because no interface 'JSX.IntrinsicElements' exists.
components/settings/add-provider-dialog.tsx(73,13): error TS7026: JSX element implicitly has type 'any' because no interface 'JSX.IntrinsicElements' exists.
components/settings/add-provider-dialog.tsx(73,84): error TS7026: JSX element implicitly has type 'any' because no interface 'JSX.IntrinsicElements' exists.
components/settings/add-provider-dialog.tsx(74,11): error TS7026: JSX element implicitly has type 'any' because no interface 'JSX.IntrinsicElements' exists.
components/settings/add-provider-dialog.tsx(77,11): error TS7026: JSX element implicitly has type 'any' because no interface 'JSX.IntrinsicElements' exists.
components/settings/add-provider-dialog.tsx(82,26): error TS7006: Parameter 'e' implicitly has an 'any' type.
components/settings/add-provider-dialog.tsx(84,11): error TS7026: JSX element implicitly has type 'any' because no interface 'JSX.IntrinsicElements' exists.
components/settings/add-provider-dialog.tsx(87,11): error TS7026: JSX element implicitly has type 'any' because no interface 'JSX.IntrinsicElements' exists.
components/settings/add-provider-dialog.tsx(89,13): error TS7026: JSX element implicitly has type 'any' because no interface 'JSX.IntrinsicElements' exists.
components/settings/add-provider-dialog.tsx(90,15): error TS7026: JSX element implicitly has type 'any' because no interface 'JSX.IntrinsicElements' exists.
components/settings/add-provider-dialog.tsx(100,15): error TS7026: JSX element implicitly has type 'any' because no interface 'JSX.IntrinsicElements' exists.
components/settings/add-provider-dialog.tsx(101,15): error TS7026: JSX element implicitly has type 'any' because no interface 'JSX.IntrinsicElements' exists.
components/settings/add-provider-dialog.tsx(111,15): error TS7026: JSX element implicitly has type 'any' because no interface 'JSX.IntrinsicElements' exists.
components/settings/add-provider-dialog.tsx(112,15): error TS7026: JSX element implicitly has type 'any' because no interface 'JSX.IntrinsicElements' exists.
components/settings/add-provider-dialog.tsx(122,15): error TS7026: JSX element implicitly has type 'any' because no interface 'JSX.IntrinsicElements' exists.
components/settings/add-provider-dialog.tsx(123,13): error TS7026: JSX element implicitly has type 'any' because no interface 'JSX.IntrinsicElements' exists.
components/settings/add-provider-dialog.tsx(124,11): error TS7026: JSX element implicitly has type 'any' because no interface 'JSX.IntrinsicElements' exists.
components/settings/add-provider-dialog.tsx(127,11): error TS7026: JSX element implicitly has type 'any' because no interface 'JSX.IntrinsicElements' exists.
components/settings/add-provider-dialog.tsx(133,26): error TS7006: Parameter 'e' implicitly has an 'any' type.
components/settings/add-provider-dialog.tsx(135,11): error TS7026: JSX element implicitly has type 'any' because no interface 'JSX.IntrinsicElements' exists.
components/settings/add-provider-dialog.tsx(138,11): error TS7026: JSX element implicitly has type 'any' because no interface 'JSX.IntrinsicElements' exists.
components/settings/add-provider-dialog.tsx(144,26): error TS7006: Parameter 'e' implicitly has an 'any' type.
components/settings/add-provider-dialog.tsx(146,11): error TS7026: JSX element implicitly has type 'any' because no interface 'JSX.IntrinsicElements' exists.
components/settings/add-provider-dialog.tsx(149,11): error TS7026: JSX element implicitly has type 'any' because no interface 'JSX.IntrinsicElements' exists.
components/settings/add-provider-dialog.tsx(153,33): error TS7006: Parameter 'checked' implicitly has an 'any' type.
components/settings/add-provider-dialog.tsx(155,13): error TS7026: JSX element implicitly has type 'any' because no interface 'JSX.IntrinsicElements' exists.
components/settings/add-provider-dialog.tsx(157,13): error TS7026: JSX element implicitly has type 'any' because no interface 'JSX.IntrinsicElements' exists.
components/settings/add-provider-dialog.tsx(158,11): error TS7026: JSX element implicitly has type 'any' because no interface 'JSX.IntrinsicElements' exists.
components/settings/add-provider-dialog.tsx(161,11): error TS7026: JSX element implicitly has type 'any' because no interface 'JSX.IntrinsicElements' exists.
components/settings/add-provider-dialog.tsx(169,11): error TS7026: JSX element implicitly has type 'any' because no interface 'JSX.IntrinsicElements' exists.
components/settings/add-provider-dialog.tsx(170,9): error TS7026: JSX element implicitly has type 'any' because no interface 'JSX.IntrinsicElements' exists.
components/settings/agent-settings.tsx(6,58): error TS2307: Cannot find module 'lucide-react' or its corresponding type declarations.
components/settings/agent-settings.tsx(54,5): error TS7026: JSX element implicitly has type 'any' because no interface 'JSX.IntrinsicElements' exists.
components/settings/agent-settings.tsx(54,5): error TS2875: This JSX tag requires the module path 'react/jsx-runtime' to exist, but none could be found. Make sure you have types for the appropriate package installed.
components/settings/agent-settings.tsx(55,7): error TS7026: JSX element implicitly has type 'any' because no interface 'JSX.IntrinsicElements' exists.
components/settings/agent-settings.tsx(57,9): error TS7026: JSX element implicitly has type 'any' because no interface 'JSX.IntrinsicElements' exists.
components/settings/agent-settings.tsx(59,11): error TS7026: JSX element implicitly has type 'any' because no interface 'JSX.IntrinsicElements' exists.
components/settings/agent-settings.tsx(60,13): error TS7026: JSX element implicitly has type 'any' because no interface 'JSX.IntrinsicElements' exists.
components/settings/agent-settings.tsx(70,13): error TS7026: JSX element implicitly has type 'any' because no interface 'JSX.IntrinsicElements' exists.
components/settings/agent-settings.tsx(71,13): error TS7026: JSX element implicitly has type 'any' because no interface 'JSX.IntrinsicElements' exists.
components/settings/agent-settings.tsx(82,13): error TS7026: JSX element implicitly has type 'any' because no interface 'JSX.IntrinsicElements' exists.
components/settings/agent-settings.tsx(83,11): error TS7026: JSX element implicitly has type 'any' because no interface 'JSX.IntrinsicElements' exists.
components/settings/agent-settings.tsx(84,9): error TS7026: JSX element implicitly has type 'any' because no interface 'JSX.IntrinsicElements' exists.
components/settings/agent-settings.tsx(89,13): error TS7026: JSX element implicitly has type 'any' because no interface 'JSX.IntrinsicElements' exists.
components/settings/agent-settings.tsx(91,15): error TS7026: JSX element implicitly has type 'any' because no interface 'JSX.IntrinsicElements' exists.
components/settings/agent-settings.tsx(91,93): error TS7026: JSX element implicitly has type 'any' because no interface 'JSX.IntrinsicElements' exists.
components/settings/agent-settings.tsx(92,13): error TS7026: JSX element implicitly has type 'any' because no interface 'JSX.IntrinsicElements' exists.
components/settings/agent-settings.tsx(94,13): error TS7026: JSX element implicitly has type 'any' because no interface 'JSX.IntrinsicElements' exists.
components/settings/agent-settings.tsx(96,17): error TS7026: JSX element implicitly has type 'any' because no interface 'JSX.IntrinsicElements' exists.
components/settings/agent-settings.tsx(116,19): error TS7026: JSX element implicitly has type 'any' because no interface 'JSX.IntrinsicElements' exists.
components/settings/agent-settings.tsx(117,21): error TS7026: JSX element implicitly has type 'any' because no interface 'JSX.IntrinsicElements' exists.
components/settings/agent-settings.tsx(120,25): error TS7026: JSX element implicitly has type 'any' because no interface 'JSX.IntrinsicElements' exists.
components/settings/agent-settings.tsx(122,25): error TS7026: JSX element implicitly has type 'any' because no interface 'JSX.IntrinsicElements' exists.
components/settings/agent-settings.tsx(124,21): error TS7026: JSX element implicitly has type 'any' because no interface 'JSX.IntrinsicElements' exists.
components/settings/agent-settings.tsx(125,21): error TS7026: JSX element implicitly has type 'any' because no interface 'JSX.IntrinsicElements' exists.
components/settings/agent-settings.tsx(125,89): error TS7026: JSX element implicitly has type 'any' because no interface 'JSX.IntrinsicElements' exists.
components/settings/agent-settings.tsx(126,19): error TS7026: JSX element implicitly has type 'any' because no interface 'JSX.IntrinsicElements' exists.
components/settings/agent-settings.tsx(127,17): error TS7026: JSX element implicitly has type 'any' because no interface 'JSX.IntrinsicElements' exists.
components/settings/agent-settings.tsx(129,13): error TS7026: JSX element implicitly has type 'any' because no interface 'JSX.IntrinsicElements' exists.
components/settings/agent-settings.tsx(132,13): error TS7026: JSX element implicitly has type 'any' because no interface 'JSX.IntrinsicElements' exists.
components/settings/agent-settings.tsx(142,17): error TS7026: JSX element implicitly has type 'any' because no interface 'JSX.IntrinsicElements' exists.
components/settings/agent-settings.tsx(145,17): error TS7026: JSX element implicitly has type 'any' because no interface 'JSX.IntrinsicElements' exists.
components/settings/agent-settings.tsx(148,17): error TS7026: JSX element implicitly has type 'any' because no interface 'JSX.IntrinsicElements' exists.
components/settings/agent-settings.tsx(150,19): error TS7026: JSX element implicitly has type 'any' because no interface 'JSX.IntrinsicElements' exists.
components/settings/agent-settings.tsx(150,58): error TS7026: JSX element implicitly has type 'any' because no interface 'JSX.IntrinsicElements' exists.
components/settings/agent-settings.tsx(156,17): error TS7026: JSX element implicitly has type 'any' because no interface 'JSX.IntrinsicElements' exists.
components/settings/agent-settings.tsx(159,17): error TS7026: JSX element implicitly has type 'any' because no interface 'JSX.IntrinsicElements' exists.
components/settings/agent-settings.tsx(161,19): error TS7026: JSX element implicitly has type 'any' because no interface 'JSX.IntrinsicElements' exists.
components/settings/agent-settings.tsx(161,57): error TS7026: JSX element implicitly has type 'any' because no interface 'JSX.IntrinsicElements' exists.
components/settings/agent-settings.tsx(165,17): error TS7026: JSX element implicitly has type 'any' because no interface 'JSX.IntrinsicElements' exists.
components/settings/agent-settings.tsx(167,13): error TS7026: JSX element implicitly has type 'any' because no interface 'JSX.IntrinsicElements' exists.
components/settings/agent-settings.tsx(171,15): error TS7026: JSX element implicitly has type 'any' because no interface 'JSX.IntrinsicElements' exists.
components/settings/agent-settings.tsx(173,17): error TS7026: JSX element implicitly has type 'any' because no interface 'JSX.IntrinsicElements' exists.
components/settings/agent-settings.tsx(173,90): error TS7026: JSX element implicitly has type 'any' because no interface 'JSX.IntrinsicElements' exists.
components/settings/agent-settings.tsx(179,30): error TS7006: Parameter 'e' implicitly has an 'any' type.
components/settings/agent-settings.tsx(182,15): error TS7026: JSX element implicitly has type 'any' because no interface 'JSX.IntrinsicElements' exists.
components/settings/agent-settings.tsx(188,13): error TS7026: JSX element implicitly has type 'any' because no interface 'JSX.IntrinsicElements' exists.
components/settings/agent-settings.tsx(190,15): error TS7026: JSX element implicitly has type 'any' because no interface 'JSX.IntrinsicElements' exists.
components/settings/agent-settings.tsx(190,54): error TS7026: JSX element implicitly has type 'any' because no interface 'JSX.IntrinsicElements' exists.
components/settings/agent-settings.tsx(191,13): error TS7026: JSX element implicitly has type 'any' because no interface 'JSX.IntrinsicElements' exists.
components/settings/agent-settings.tsx(194,7): error TS7026: JSX element implicitly has type 'any' because no interface 'JSX.IntrinsicElements' exists.
components/settings/agent-settings.tsx(195,5): error TS7026: JSX element implicitly has type 'any' because no interface 'JSX.IntrinsicElements' exists.
components/settings/asr-settings.tsx(3,34): error TS2307: Cannot find module 'react' or its corresponding type declarations.
components/settings/asr-settings.tsx(29,80): error TS2307: Cannot find module 'lucide-react' or its corresponding type declarations.
components/settings/asr-settings.tsx(31,23): error TS2307: Cannot find module 'sonner' or its corresponding type declarations.
components/settings/asr-settings.tsx(43,41): error TS7006: Parameter 'state' implicitly has an 'any' type.
components/settings/asr-settings.tsx(44,48): error TS7006: Parameter 'state' implicitly has an 'any' type.
components/settings/asr-settings.tsx(45,50): error TS7006: Parameter 'state' implicitly has an 'any' type.
components/settings/asr-settings.tsx(46,53): error TS7006: Parameter 'state' implicitly has an 'any' type.
components/settings/asr-settings.tsx(194,5): error TS7026: JSX element implicitly has type 'any' because no interface 'JSX.IntrinsicElements' exists.
components/settings/asr-settings.tsx(194,5): error TS2875: This JSX tag requires the module path 'react/jsx-runtime' to exist, but none could be found. Make sure you have types for the appropriate package installed.
components/settings/asr-settings.tsx(197,9): error TS7026: JSX element implicitly has type 'any' because no interface 'JSX.IntrinsicElements' exists.
components/settings/asr-settings.tsx(199,9): error TS7026: JSX element implicitly has type 'any' because no interface 'JSX.IntrinsicElements' exists.
components/settings/asr-settings.tsx(204,9): error TS7026: JSX element implicitly has type 'any' because no interface 'JSX.IntrinsicElements' exists.
components/settings/asr-settings.tsx(206,9): error TS7026: JSX element implicitly has type 'any' because no interface 'JSX.IntrinsicElements' exists.
components/settings/asr-settings.tsx(212,11): error TS7026: JSX element implicitly has type 'any' because no interface 'JSX.IntrinsicElements' exists.
components/settings/asr-settings.tsx(213,13): error TS7026: JSX element implicitly has type 'any' because no interface 'JSX.IntrinsicElements' exists.
components/settings/asr-settings.tsx(215,15): error TS7026: JSX element implicitly has type 'any' because no interface 'JSX.IntrinsicElements' exists.
components/settings/asr-settings.tsx(227,30): error TS7006: Parameter 'e' implicitly has an 'any' type.
components/settings/asr-settings.tsx(234,17): error TS7026: JSX element implicitly has type 'any' because no interface 'JSX.IntrinsicElements' exists.
components/settings/asr-settings.tsx(240,17): error TS7026: JSX element implicitly has type 'any' because no interface 'JSX.IntrinsicElements' exists.
components/settings/asr-settings.tsx(241,15): error TS7026: JSX element implicitly has type 'any' because no interface 'JSX.IntrinsicElements' exists.
components/settings/asr-settings.tsx(242,13): error TS7026: JSX element implicitly has type 'any' because no interface 'JSX.IntrinsicElements' exists.
components/settings/asr-settings.tsx(243,13): error TS7026: JSX element implicitly has type 'any' because no interface 'JSX.IntrinsicElements' exists.
components/settings/asr-settings.tsx(257,28): error TS7006: Parameter 'e' implicitly has an 'any' type.
components/settings/asr-settings.tsx(264,13): error TS7026: JSX element implicitly has type 'any' because no interface 'JSX.IntrinsicElements' exists.
components/settings/asr-settings.tsx(265,11): error TS7026: JSX element implicitly has type 'any' because no interface 'JSX.IntrinsicElements' exists.
components/settings/asr-settings.tsx(288,15): error TS7026: JSX element implicitly has type 'any' because no interface 'JSX.IntrinsicElements' exists.
components/settings/asr-settings.tsx(290,15): error TS7026: JSX element implicitly has type 'any' because no interface 'JSX.IntrinsicElements' exists.
components/settings/asr-settings.tsx(297,7): error TS7026: JSX element implicitly has type 'any' because no interface 'JSX.IntrinsicElements' exists.
components/settings/asr-settings.tsx(299,9): error TS7026: JSX element implicitly has type 'any' because no interface 'JSX.IntrinsicElements' exists.
components/settings/asr-settings.tsx(333,9): error TS7026: JSX element implicitly has type 'any' because no interface 'JSX.IntrinsicElements' exists.
components/settings/asr-settings.tsx(334,7): error TS7026: JSX element implicitly has type 'any' because no interface 'JSX.IntrinsicElements' exists.
components/settings/asr-settings.tsx(337,9): error TS7026: JSX element implicitly has type 'any' because no interface 'JSX.IntrinsicElements' exists.
components/settings/asr-settings.tsx(346,11): error TS7026: JSX element implicitly has type 'any' because no interface 'JSX.IntrinsicElements' exists.
components/settings/asr-settings.tsx(349,13): error TS7026: JSX element implicitly has type 'any' because no interface 'JSX.IntrinsicElements' exists.
components/settings/asr-settings.tsx(349,66): error TS7026: JSX element implicitly has type 'any' because no interface 'JSX.IntrinsicElements' exists.
components/settings/asr-settings.tsx(350,11): error TS7026: JSX element implicitly has type 'any' because no interface 'JSX.IntrinsicElements' exists.
components/settings/asr-settings.tsx(351,9): error TS7026: JSX element implicitly has type 'any' because no interface 'JSX.IntrinsicElements' exists.
components/settings/asr-settings.tsx(356,9): error TS7026: JSX element implicitly has type 'any' because no interface 'JSX.IntrinsicElements' exists.
components/settings/asr-settings.tsx(360,29): error TS7006: Parameter 'value' implicitly has an 'any' type.
components/settings/asr-settings.tsx(373,9): error TS7026: JSX element implicitly has type 'any' because no interface 'JSX.IntrinsicElements' exists.
components/settings/asr-settings.tsx(378,9): error TS7026: JSX element implicitly has type 'any' because no interface 'JSX.IntrinsicElements' exists.
components/settings/asr-settings.tsx(388,19): error TS7026: JSX element implicitly has type 'any' because no interface 'JSX.IntrinsicElements' exists.
components/settings/asr-settings.tsx(389,21): error TS7026: JSX element implicitly has type 'any' because no interface 'JSX.IntrinsicElements' exists.
components/settings/asr-settings.tsx(390,23): error TS7026: JSX element implicitly has type 'any' because no interface 'JSX.IntrinsicElements' exists.
components/settings/asr-settings.tsx(391,23): error TS7026: JSX element implicitly has type 'any' because no interface 'JSX.IntrinsicElements' exists.
components/settings/asr-settings.tsx(393,23): error TS7026: JSX element implicitly has type 'any' because no interface 'JSX.IntrinsicElements' exists.
components/settings/asr-settings.tsx(394,23): error TS7026: JSX element implicitly has type 'any' because no interface 'JSX.IntrinsicElements' exists.
components/settings/asr-settings.tsx(396,23): error TS7026: JSX element implicitly has type 'any' because no interface 'JSX.IntrinsicElements' exists.
components/settings/asr-settings.tsx(397,23): error TS7026: JSX element implicitly has type 'any' because no interface 'JSX.IntrinsicElements' exists.
components/settings/asr-settings.tsx(398,21): error TS7026: JSX element implicitly has type 'any' because no interface 'JSX.IntrinsicElements' exists.
components/settings/asr-settings.tsx(402,25): error TS7026: JSX element implicitly has type 'any' because no interface 'JSX.IntrinsicElements' exists.
components/settings/asr-settings.tsx(413,27): error TS7026: JSX element implicitly has type 'any' because no interface 'JSX.IntrinsicElements' exists.
components/settings/asr-settings.tsx(414,29): error TS7026: JSX element implicitly has type 'any' because no interface 'JSX.IntrinsicElements' exists.
components/settings/asr-settings.tsx(422,44): error TS7026: JSX element implicitly has type 'any' because no interface 'JSX.IntrinsicElements' exists.
components/settings/asr-settings.tsx(423,29): error TS7026: JSX element implicitly has type 'any' because no interface 'JSX.IntrinsicElements' exists.
components/settings/asr-settings.tsx(424,27): error TS7026: JSX element implicitly has type 'any' because no interface 'JSX.IntrinsicElements' exists.
components/settings/asr-settings.tsx(425,27): error TS7026: JSX element implicitly has type 'any' because no interface 'JSX.IntrinsicElements' exists.
components/settings/asr-settings.tsx(427,27): error TS7026: JSX element implicitly has type 'any' because no interface 'JSX.IntrinsicElements' exists.
components/settings/asr-settings.tsx(428,27): error TS7026: JSX element implicitly has type 'any' because no interface 'JSX.IntrinsicElements' exists.
components/settings/asr-settings.tsx(430,27): error TS7026: JSX element implicitly has type 'any' because no interface 'JSX.IntrinsicElements' exists.
components/settings/asr-settings.tsx(434,39): error TS7006: Parameter 'e' implicitly has an 'any' type.
components/settings/asr-settings.tsx(448,25): error TS7026: JSX element implicitly has type 'any' because no interface 'JSX.IntrinsicElements' exists.
components/settings/asr-settings.tsx(451,19): error TS7026: JSX element implicitly has type 'any' because no interface 'JSX.IntrinsicElements' exists.
components/settings/asr-settings.tsx(453,19): error TS7026: JSX element implicitly has type 'any' because no interface 'JSX.IntrinsicElements' exists.
components/settings/asr-settings.tsx(455,19): error TS7026: JSX element implicitly has type 'any' because no interface 'JSX.IntrinsicElements' exists.
components/settings/asr-settings.tsx(470,9): error TS7026: JSX element implicitly has type 'any' because no interface 'JSX.IntrinsicElements' exists.
components/settings/asr-settings.tsx(475,9): error TS7026: JSX element implicitly has type 'any' because no interface 'JSX.IntrinsicElements' exists.
components/settings/asr-settings.tsx(479,9): error TS7026: JSX element implicitly has type 'any' because no interface 'JSX.IntrinsicElements' exists.
components/settings/asr-settings.tsx(485,24): error TS7006: Parameter 'open' implicitly has an 'any' type.
components/settings/asr-settings.tsx(505,5): error TS7026: JSX element implicitly has type 'any' because no interface 'JSX.IntrinsicElements' exists.
components/settings/asr-settings.tsx(532,5): error TS7026: JSX element implicitly has type 'any' because no interface 'JSX.IntrinsicElements' exists.
components/settings/asr-settings.tsx(535,20): error TS7006: Parameter 'e' implicitly has an 'any' type.
components/settings/asr-settings.tsx(536,21): error TS7006: Parameter 'e' implicitly has an 'any' type.
components/settings/asr-settings.tsx(542,20): error TS7006: Parameter 'e' implicitly has an 'any' type.
components/settings/asr-settings.tsx(543,21): error TS7006: Parameter 'e' implicitly has an 'any' type.
components/settings/asr-settings.tsx(557,5): error TS7026: JSX element implicitly has type 'any' because no interface 'JSX.IntrinsicElements' exists.
components/settings/audio-settings.tsx(3,67): error TS2307: Cannot find module 'react' or its corresponding type declarations.
components/settings/audio-settings.tsx(25,74): error TS2307: Cannot find module 'lucide-react' or its corresponding type declarations.
components/settings/audio-settings.tsx(73,43): error TS7006: Parameter 'state' implicitly has an 'any' type.
components/settings/audio-settings.tsx(74,38): error TS7006: Parameter 'state' implicitly has an 'any' type.
components/settings/audio-settings.tsx(75,48): error TS7006: Parameter 'state' implicitly has an 'any' type.
components/settings/audio-settings.tsx(76,44): error TS7006: Parameter 'state' implicitly has an 'any' type.
components/settings/audio-settings.tsx(77,41): error TS7006: Parameter 'state' implicitly has an 'any' type.
components/settings/audio-settings.tsx(78,50): error TS7006: Parameter 'state' implicitly has an 'any' type.
components/settings/audio-settings.tsx(81,43): error TS7006: Parameter 'state' implicitly has an 'any' type.
components/settings/audio-settings.tsx(82,41): error TS7006: Parameter 'state' implicitly has an 'any' type.
components/settings/audio-settings.tsx(83,48): error TS7006: Parameter 'state' implicitly has an 'any' type.
components/settings/audio-settings.tsx(84,44): error TS7006: Parameter 'state' implicitly has an 'any' type.
components/settings/audio-settings.tsx(85,44): error TS7006: Parameter 'state' implicitly has an 'any' type.
components/settings/audio-settings.tsx(86,50): error TS7006: Parameter 'state' implicitly has an 'any' type.
components/settings/audio-settings.tsx(88,40): error TS7006: Parameter 'state' implicitly has an 'any' type.
components/settings/audio-settings.tsx(89,40): error TS7006: Parameter 'state' implicitly has an 'any' type.
components/settings/audio-settings.tsx(90,43): error TS7006: Parameter 'state' implicitly has an 'any' type.
components/settings/audio-settings.tsx(91,43): error TS7006: Parameter 'state' implicitly has an 'any' type.
components/settings/audio-settings.tsx(181,50): error TS7006: Parameter 'voice' implicitly has an 'any' type.
components/settings/audio-settings.tsx(184,57): error TS7006: Parameter 'voice' implicitly has an 'any' type.
components/settings/audio-settings.tsx(205,42): error TS7006: Parameter 'voice' implicitly has an 'any' type.
components/settings/audio-settings.tsx(380,5): error TS7026: JSX element implicitly has type 'any' because no interface 'JSX.IntrinsicElements' exists.
components/settings/audio-settings.tsx(380,5): error TS2875: This JSX tag requires the module path 'react/jsx-runtime' to exist, but none could be found. Make sure you have types for the appropriate package installed.
components/settings/audio-settings.tsx(382,7): error TS7026: JSX element implicitly has type 'any' because no interface 'JSX.IntrinsicElements' exists.
components/settings/audio-settings.tsx(383,9): error TS7026: JSX element implicitly has type 'any' because no interface 'JSX.IntrinsicElements' exists.
components/settings/audio-settings.tsx(389,11): error TS7026: JSX element implicitly has type 'any' because no interface 'JSX.IntrinsicElements' exists.
components/settings/audio-settings.tsx(395,11): error TS7026: JSX element implicitly has type 'any' because no interface 'JSX.IntrinsicElements' exists.
components/settings/audio-settings.tsx(402,11): error TS7026: JSX element implicitly has type 'any' because no interface 'JSX.IntrinsicElements' exists.
components/settings/audio-settings.tsx(403,11): error TS7026: JSX element implicitly has type 'any' because no interface 'JSX.IntrinsicElements' exists.
components/settings/audio-settings.tsx(404,13): error TS7026: JSX element implicitly has type 'any' because no interface 'JSX.IntrinsicElements' exists.
components/settings/audio-settings.tsx(411,13): error TS7026: JSX element implicitly has type 'any' because no interface 'JSX.IntrinsicElements' exists.
components/settings/audio-settings.tsx(412,13): error TS7026: JSX element implicitly has type 'any' because no interface 'JSX.IntrinsicElements' exists.
components/settings/audio-settings.tsx(412,95): error TS7026: JSX element implicitly has type 'any' because no interface 'JSX.IntrinsicElements' exists.
components/settings/audio-settings.tsx(413,11): error TS7026: JSX element implicitly has type 'any' because no interface 'JSX.IntrinsicElements' exists.
components/settings/audio-settings.tsx(416,31): error TS7006: Parameter 'checked' implicitly has an 'any' type.
components/settings/audio-settings.tsx(421,9): error TS7026: JSX element implicitly has type 'any' because no interface 'JSX.IntrinsicElements' exists.
components/settings/audio-settings.tsx(423,9): error TS7026: JSX element implicitly has type 'any' because no interface 'JSX.IntrinsicElements' exists.
components/settings/audio-settings.tsx(429,11): error TS7026: JSX element implicitly has type 'any' because no interface 'JSX.IntrinsicElements' exists.
components/settings/audio-settings.tsx(429,90): error TS7026: JSX element implicitly has type 'any' because no interface 'JSX.IntrinsicElements' exists.
components/settings/audio-settings.tsx(431,11): error TS7026: JSX element implicitly has type 'any' because no interface 'JSX.IntrinsicElements' exists.
components/settings/audio-settings.tsx(435,31): error TS7006: Parameter 'value' implicitly has an 'any' type.
components/settings/audio-settings.tsx(443,21): error TS7026: JSX element implicitly has type 'any' because no interface 'JSX.IntrinsicElements' exists.
components/settings/audio-settings.tsx(445,25): error TS7026: JSX element implicitly has type 'any' because no interface 'JSX.IntrinsicElements' exists.
components/settings/audio-settings.tsx(449,25): error TS7026: JSX element implicitly has type 'any' because no interface 'JSX.IntrinsicElements' exists.
components/settings/audio-settings.tsx(451,25): error TS7026: JSX element implicitly has type 'any' because no interface 'JSX.IntrinsicElements' exists.
components/settings/audio-settings.tsx(453,21): error TS7026: JSX element implicitly has type 'any' because no interface 'JSX.IntrinsicElements' exists.
components/settings/audio-settings.tsx(458,11): error TS7026: JSX element implicitly has type 'any' because no interface 'JSX.IntrinsicElements' exists.
components/settings/audio-settings.tsx(463,15): error TS7026: JSX element implicitly has type 'any' because no interface 'JSX.IntrinsicElements' exists.
components/settings/audio-settings.tsx(464,17): error TS7026: JSX element implicitly has type 'any' because no interface 'JSX.IntrinsicElements' exists.
components/settings/audio-settings.tsx(466,19): error TS7026: JSX element implicitly has type 'any' because no interface 'JSX.IntrinsicElements' exists.
components/settings/audio-settings.tsx(475,34): error TS7006: Parameter 'e' implicitly has an 'any' type.
components/settings/audio-settings.tsx(482,21): error TS7026: JSX element implicitly has type 'any' because no interface 'JSX.IntrinsicElements' exists.
components/settings/audio-settings.tsx(488,21): error TS7026: JSX element implicitly has type 'any' because no interface 'JSX.IntrinsicElements' exists.
components/settings/audio-settings.tsx(489,19): error TS7026: JSX element implicitly has type 'any' because no interface 'JSX.IntrinsicElements' exists.
components/settings/audio-settings.tsx(490,17): error TS7026: JSX element implicitly has type 'any' because no interface 'JSX.IntrinsicElements' exists.
components/settings/audio-settings.tsx(492,17): error TS7026: JSX element implicitly has type 'any' because no interface 'JSX.IntrinsicElements' exists.
components/settings/audio-settings.tsx(497,32): error TS7006: Parameter 'e' implicitly has an 'any' type.
components/settings/audio-settings.tsx(504,17): error TS7026: JSX element implicitly has type 'any' because no interface 'JSX.IntrinsicElements' exists.
components/settings/audio-settings.tsx(505,15): error TS7026: JSX element implicitly has type 'any' because no interface 'JSX.IntrinsicElements' exists.
components/settings/audio-settings.tsx(508,9): error TS7026: JSX element implicitly has type 'any' because no interface 'JSX.IntrinsicElements' exists.
components/settings/audio-settings.tsx(509,7): error TS7026: JSX element implicitly has type 'any' because no interface 'JSX.IntrinsicElements' exists.
components/settings/audio-settings.tsx(512,7): error TS7026: JSX element implicitly has type 'any' because no interface 'JSX.IntrinsicElements' exists.
components/settings/audio-settings.tsx(513,9): error TS7026: JSX element implicitly has type 'any' because no interface 'JSX.IntrinsicElements' exists.
components/settings/audio-settings.tsx(519,11): error TS7026: JSX element implicitly has type 'any' because no interface 'JSX.IntrinsicElements' exists.
components/settings/audio-settings.tsx(525,11): error TS7026: JSX element implicitly has type 'any' because no interface 'JSX.IntrinsicElements' exists.
components/settings/audio-settings.tsx(532,11): error TS7026: JSX element implicitly has type 'any' because no interface 'JSX.IntrinsicElements' exists.
components/settings/audio-settings.tsx(533,11): error TS7026: JSX element implicitly has type 'any' because no interface 'JSX.IntrinsicElements' exists.
components/settings/audio-settings.tsx(534,13): error TS7026: JSX element implicitly has type 'any' because no interface 'JSX.IntrinsicElements' exists.
components/settings/audio-settings.tsx(541,13): error TS7026: JSX element implicitly has type 'any' because no interface 'JSX.IntrinsicElements' exists.
components/settings/audio-settings.tsx(542,13): error TS7026: JSX element implicitly has type 'any' because no interface 'JSX.IntrinsicElements' exists.
components/settings/audio-settings.tsx(542,95): error TS7026: JSX element implicitly has type 'any' because no interface 'JSX.IntrinsicElements' exists.
components/settings/audio-settings.tsx(543,11): error TS7026: JSX element implicitly has type 'any' because no interface 'JSX.IntrinsicElements' exists.
components/settings/audio-settings.tsx(546,31): error TS7006: Parameter 'checked' implicitly has an 'any' type.
components/settings/audio-settings.tsx(551,9): error TS7026: JSX element implicitly has type 'any' because no interface 'JSX.IntrinsicElements' exists.
components/settings/audio-settings.tsx(553,9): error TS7026: JSX element implicitly has type 'any' because no interface 'JSX.IntrinsicElements' exists.
components/settings/audio-settings.tsx(559,11): error TS7026: JSX element implicitly has type 'any' because no interface 'JSX.IntrinsicElements' exists.
components/settings/audio-settings.tsx(563,31): error TS7006: Parameter 'value' implicitly has an 'any' type.
components/settings/audio-settings.tsx(571,21): error TS7026: JSX element implicitly has type 'any' because no interface 'JSX.IntrinsicElements' exists.
components/settings/audio-settings.tsx(573,25): error TS7026: JSX element implicitly has type 'any' because no interface 'JSX.IntrinsicElements' exists.
components/settings/audio-settings.tsx(577,25): error TS7026: JSX element implicitly has type 'any' because no interface 'JSX.IntrinsicElements' exists.
components/settings/audio-settings.tsx(579,25): error TS7026: JSX element implicitly has type 'any' because no interface 'JSX.IntrinsicElements' exists.
components/settings/audio-settings.tsx(581,21): error TS7026: JSX element implicitly has type 'any' because no interface 'JSX.IntrinsicElements' exists.
components/settings/audio-settings.tsx(588,23): error TS7026: JSX element implicitly has type 'any' because no interface 'JSX.IntrinsicElements' exists.
components/settings/audio-settings.tsx(588,65): error TS18046: 'cfg' is of type 'unknown'.
components/settings/audio-settings.tsx(588,86): error TS7026: JSX element implicitly has type 'any' because no interface 'JSX.IntrinsicElements' exists.
components/settings/audio-settings.tsx(593,11): error TS7026: JSX element implicitly has type 'any' because no interface 'JSX.IntrinsicElements' exists.
components/settings/audio-settings.tsx(599,15): error TS7026: JSX element implicitly has type 'any' because no interface 'JSX.IntrinsicElements' exists.
components/settings/audio-settings.tsx(600,17): error TS7026: JSX element implicitly has type 'any' because no interface 'JSX.IntrinsicElements' exists.
components/settings/audio-settings.tsx(602,19): error TS7026: JSX element implicitly has type 'any' because no interface 'JSX.IntrinsicElements' exists.
components/settings/audio-settings.tsx(611,34): error TS7006: Parameter 'e' implicitly has an 'any' type.
components/settings/audio-settings.tsx(618,21): error TS7026: JSX element implicitly has type 'any' because no interface 'JSX.IntrinsicElements' exists.
components/settings/audio-settings.tsx(624,21): error TS7026: JSX element implicitly has type 'any' because no interface 'JSX.IntrinsicElements' exists.
components/settings/audio-settings.tsx(625,19): error TS7026: JSX element implicitly has type 'any' because no interface 'JSX.IntrinsicElements' exists.
components/settings/audio-settings.tsx(626,17): error TS7026: JSX element implicitly has type 'any' because no interface 'JSX.IntrinsicElements' exists.
components/settings/audio-settings.tsx(628,17): error TS7026: JSX element implicitly has type 'any' because no interface 'JSX.IntrinsicElements' exists.
components/settings/audio-settings.tsx(638,32): error TS7006: Parameter 'e' implicitly has an 'any' type.
components/settings/audio-settings.tsx(645,17): error TS7026: JSX element implicitly has type 'any' because no interface 'JSX.IntrinsicElements' exists.
components/settings/audio-settings.tsx(646,15): error TS7026: JSX element implicitly has type 'any' because no interface 'JSX.IntrinsicElements' exists.
components/settings/audio-settings.tsx(676,19): error TS7026: JSX element implicitly has type 'any' because no interface 'JSX.IntrinsicElements' exists.
components/settings/audio-settings.tsx(678,19): error TS7026: JSX element implicitly has type 'any' because no interface 'JSX.IntrinsicElements' exists.
components/settings/audio-settings.tsx(689,15): error TS7026: JSX element implicitly has type 'any' because no interface 'JSX.IntrinsicElements' exists.
components/settings/audio-settings.tsx(696,19): error TS7026: JSX element implicitly has type 'any' because no interface 'JSX.IntrinsicElements' exists.
components/settings/audio-settings.tsx(710,19): error TS7026: JSX element implicitly has type 'any' because no interface 'JSX.IntrinsicElements' exists.
components/settings/audio-settings.tsx(713,17): error TS7026: JSX element implicitly has type 'any' because no interface 'JSX.IntrinsicElements' exists.
components/settings/audio-settings.tsx(715,19): error TS7026: JSX element implicitly has type 'any' because no interface 'JSX.IntrinsicElements' exists.
components/settings/audio-settings.tsx(743,19): error TS7026: JSX element implicitly has type 'any' because no interface 'JSX.IntrinsicElements' exists.
components/settings/audio-settings.tsx(744,17): error TS7026: JSX element implicitly has type 'any' because no interface 'JSX.IntrinsicElements' exists.
components/settings/audio-settings.tsx(745,15): error TS7026: JSX element implicitly has type 'any' because no interface 'JSX.IntrinsicElements' exists.
components/settings/audio-settings.tsx(750,13): error TS7026: JSX element implicitly has type 'any' because no interface 'JSX.IntrinsicElements' exists.
components/settings/audio-settings.tsx(759,15): error TS7026: JSX element implicitly has type 'any' because no interface 'JSX.IntrinsicElements' exists.
components/settings/audio-settings.tsx(764,17): error TS7026: JSX element implicitly has type 'any' because no interface 'JSX.IntrinsicElements' exists.
components/settings/audio-settings.tsx(764,73): error TS7026: JSX element implicitly has type 'any' because no interface 'JSX.IntrinsicElements' exists.
components/settings/audio-settings.tsx(765,15): error TS7026: JSX element implicitly has type 'any' because no interface 'JSX.IntrinsicElements' exists.
components/settings/audio-settings.tsx(766,13): error TS7026: JSX element implicitly has type 'any' because no interface 'JSX.IntrinsicElements' exists.
components/settings/audio-settings.tsx(768,9): error TS7026: JSX element implicitly has type 'any' because no interface 'JSX.IntrinsicElements' exists.
components/settings/audio-settings.tsx(769,7): error TS7026: JSX element implicitly has type 'any' because no interface 'JSX.IntrinsicElements' exists.
components/settings/audio-settings.tsx(770,5): error TS7026: JSX element implicitly has type 'any' because no interface 'JSX.IntrinsicElements' exists.
components/settings/general-settings.tsx(3,39): error TS2307: Cannot find module 'react' or its corresponding type declarations.
components/settings/general-settings.tsx(16,48): error TS2307: Cannot find module 'lucide-react' or its corresponding type declarations.
components/settings/general-settings.tsx(19,23): error TS2307: Cannot find module 'sonner' or its corresponding type declarations.
components/settings/general-settings.tsx(65,5): error TS7026: JSX element implicitly has type 'any' because no interface 'JSX.IntrinsicElements' exists.
components/settings/general-settings.tsx(65,5): error TS2875: This JSX tag requires the module path 'react/jsx-runtime' to exist, but none could be found. Make sure you have types for the appropriate package installed.
components/settings/general-settings.tsx(67,7): error TS7026: JSX element implicitly has type 'any' because no interface 'JSX.IntrinsicElements' exists.
components/settings/general-settings.tsx(69,9): error TS7026: JSX element implicitly has type 'any' because no interface 'JSX.IntrinsicElements' exists.
components/settings/general-settings.tsx(82,9): error TS7026: JSX element implicitly has type 'any' because no interface 'JSX.IntrinsicElements' exists.
components/settings/general-settings.tsx(84,11): error TS7026: JSX element implicitly has type 'any' because no interface 'JSX.IntrinsicElements' exists.
components/settings/general-settings.tsx(85,13): error TS7026: JSX element implicitly has type 'any' because no interface 'JSX.IntrinsicElements' exists.
components/settings/general-settings.tsx(87,13): error TS7026: JSX element implicitly has type 'any' because no interface 'JSX.IntrinsicElements' exists.
components/settings/general-settings.tsx(88,13): error TS7026: JSX element implicitly has type 'any' because no interface 'JSX.IntrinsicElements' exists.
components/settings/general-settings.tsx(88,94): error TS7026: JSX element implicitly has type 'any' because no interface 'JSX.IntrinsicElements' exists.
components/settings/general-settings.tsx(89,11): error TS7026: JSX element implicitly has type 'any' because no interface 'JSX.IntrinsicElements' exists.
components/settings/general-settings.tsx(92,11): error TS7026: JSX element implicitly has type 'any' because no interface 'JSX.IntrinsicElements' exists.
components/settings/general-settings.tsx(93,13): error TS7026: JSX element implicitly has type 'any' because no interface 'JSX.IntrinsicElements' exists.
components/settings/general-settings.tsx(94,15): error TS7026: JSX element implicitly has type 'any' because no interface 'JSX.IntrinsicElements' exists.
components/settings/general-settings.tsx(94,76): error TS7026: JSX element implicitly has type 'any' because no interface 'JSX.IntrinsicElements' exists.
components/settings/general-settings.tsx(95,15): error TS7026: JSX element implicitly has type 'any' because no interface 'JSX.IntrinsicElements' exists.
components/settings/general-settings.tsx(97,15): error TS7026: JSX element implicitly has type 'any' because no interface 'JSX.IntrinsicElements' exists.
components/settings/general-settings.tsx(98,13): error TS7026: JSX element implicitly has type 'any' because no interface 'JSX.IntrinsicElements' exists.
components/settings/general-settings.tsx(111,11): error TS7026: JSX element implicitly has type 'any' because no interface 'JSX.IntrinsicElements' exists.
components/settings/general-settings.tsx(112,9): error TS7026: JSX element implicitly has type 'any' because no interface 'JSX.IntrinsicElements' exists.
components/settings/general-settings.tsx(113,7): error TS7026: JSX element implicitly has type 'any' because no interface 'JSX.IntrinsicElements' exists.
components/settings/general-settings.tsx(118,24): error TS7006: Parameter 'open' implicitly has an 'any' type.
components/settings/general-settings.tsx(132,15): error TS7026: JSX element implicitly has type 'any' because no interface 'JSX.IntrinsicElements' exists.
components/settings/general-settings.tsx(133,17): error TS7026: JSX element implicitly has type 'any' because no interface 'JSX.IntrinsicElements' exists.
components/settings/general-settings.tsx(133,64): error TS7026: JSX element implicitly has type 'any' because no interface 'JSX.IntrinsicElements' exists.
components/settings/general-settings.tsx(134,17): error TS7026: JSX element implicitly has type 'any' because no interface 'JSX.IntrinsicElements' exists.
components/settings/general-settings.tsx(135,41): error TS7006: Parameter 'item' implicitly has an 'any' type.
components/settings/general-settings.tsx(135,47): error TS7006: Parameter 'i' implicitly has an 'any' type.
components/settings/general-settings.tsx(136,21): error TS7026: JSX element implicitly has type 'any' because no interface 'JSX.IntrinsicElements' exists.
components/settings/general-settings.tsx(137,23): error TS7026: JSX element implicitly has type 'any' because no interface 'JSX.IntrinsicElements' exists.
components/settings/general-settings.tsx(139,21): error TS7026: JSX element implicitly has type 'any' because no interface 'JSX.IntrinsicElements' exists.
components/settings/general-settings.tsx(141,17): error TS7026: JSX element implicitly has type 'any' because no interface 'JSX.IntrinsicElements' exists.
components/settings/general-settings.tsx(142,17): error TS7026: JSX element implicitly has type 'any' because no interface 'JSX.IntrinsicElements' exists.
components/settings/general-settings.tsx(150,32): error TS7006: Parameter 'e' implicitly has an 'any' type.
components/settings/general-settings.tsx(151,33): error TS7006: Parameter 'e' implicitly has an 'any' type.
components/settings/general-settings.tsx(158,17): error TS7026: JSX element implicitly has type 'any' because no interface 'JSX.IntrinsicElements' exists.
components/settings/general-settings.tsx(159,15): error TS7026: JSX element implicitly has type 'any' because no interface 'JSX.IntrinsicElements' exists.
components/settings/general-settings.tsx(179,5): error TS7026: JSX element implicitly has type 'any' because no interface 'JSX.IntrinsicElements' exists.
components/settings/image-settings.tsx(3,48): error TS2307: Cannot find module 'react' or its corresponding type declarations.
components/settings/image-settings.tsx(21,8): error TS2307: Cannot find module 'lucide-react' or its corresponding type declarations.
components/settings/image-settings.tsx(32,42): error TS7006: Parameter 'state' implicitly has an 'any' type.
components/settings/image-settings.tsx(33,50): error TS7006: Parameter 'state' implicitly has an 'any' type.
components/settings/image-settings.tsx(34,46): error TS7006: Parameter 'state' implicitly has an 'any' type.
components/settings/image-settings.tsx(35,52): error TS7006: Parameter 'state' implicitly has an 'any' type.
components/settings/image-settings.tsx(136,50): error TS7006: Parameter '_' implicitly has an 'any' type.
components/settings/image-settings.tsx(136,53): error TS7006: Parameter 'i' implicitly has an 'any' type.
components/settings/image-settings.tsx(143,5): error TS7026: JSX element implicitly has type 'any' because no interface 'JSX.IntrinsicElements' exists.
components/settings/image-settings.tsx(143,5): error TS2875: This JSX tag requires the module path 'react/jsx-runtime' to exist, but none could be found. Make sure you have types for the appropriate package installed.
components/settings/image-settings.tsx(146,9): error TS7026: JSX element implicitly has type 'any' because no interface 'JSX.IntrinsicElements' exists.
components/settings/image-settings.tsx(148,9): error TS7026: JSX element implicitly has type 'any' because no interface 'JSX.IntrinsicElements' exists.
components/settings/image-settings.tsx(152,7): error TS7026: JSX element implicitly has type 'any' because no interface 'JSX.IntrinsicElements' exists.
components/settings/image-settings.tsx(154,9): error TS7026: JSX element implicitly has type 'any' because no interface 'JSX.IntrinsicElements' exists.
components/settings/image-settings.tsx(155,11): error TS7026: JSX element implicitly has type 'any' because no interface 'JSX.IntrinsicElements' exists.
components/settings/image-settings.tsx(167,26): error TS7006: Parameter 'e' implicitly has an 'any' type.
components/settings/image-settings.tsx(170,13): error TS7026: JSX element implicitly has type 'any' because no interface 'JSX.IntrinsicElements' exists.
components/settings/image-settings.tsx(176,13): error TS7026: JSX element implicitly has type 'any' because no interface 'JSX.IntrinsicElements' exists.
components/settings/image-settings.tsx(177,11): error TS7026: JSX element implicitly has type 'any' because no interface 'JSX.IntrinsicElements' exists.
components/settings/image-settings.tsx(194,9): error TS7026: JSX element implicitly has type 'any' because no interface 'JSX.IntrinsicElements' exists.
components/settings/image-settings.tsx(196,11): error TS7026: JSX element implicitly has type 'any' because no interface 'JSX.IntrinsicElements' exists.
components/settings/image-settings.tsx(205,13): error TS7026: JSX element implicitly has type 'any' because no interface 'JSX.IntrinsicElements' exists.
components/settings/image-settings.tsx(208,15): error TS7026: JSX element implicitly has type 'any' because no interface 'JSX.IntrinsicElements' exists.
components/settings/image-settings.tsx(208,68): error TS7026: JSX element implicitly has type 'any' because no interface 'JSX.IntrinsicElements' exists.
components/settings/image-settings.tsx(209,13): error TS7026: JSX element implicitly has type 'any' because no interface 'JSX.IntrinsicElements' exists.
components/settings/image-settings.tsx(210,11): error TS7026: JSX element implicitly has type 'any' because no interface 'JSX.IntrinsicElements' exists.
components/settings/image-settings.tsx(212,7): error TS7026: JSX element implicitly has type 'any' because no interface 'JSX.IntrinsicElements' exists.
components/settings/image-settings.tsx(215,7): error TS7026: JSX element implicitly has type 'any' because no interface 'JSX.IntrinsicElements' exists.
components/settings/image-settings.tsx(225,22): error TS7006: Parameter 'e' implicitly has an 'any' type.
components/settings/image-settings.tsx(241,13): error TS7026: JSX element implicitly has type 'any' because no interface 'JSX.IntrinsicElements' exists.
components/settings/image-settings.tsx(243,13): error TS7026: JSX element implicitly has type 'any' because no interface 'JSX.IntrinsicElements' exists.
components/settings/image-settings.tsx(246,7): error TS7026: JSX element implicitly has type 'any' because no interface 'JSX.IntrinsicElements' exists.
components/settings/image-settings.tsx(249,7): error TS7026: JSX element implicitly has type 'any' because no interface 'JSX.IntrinsicElements' exists.
components/settings/image-settings.tsx(250,9): error TS7026: JSX element implicitly has type 'any' because no interface 'JSX.IntrinsicElements' exists.
components/settings/image-settings.tsx(256,9): error TS7026: JSX element implicitly has type 'any' because no interface 'JSX.IntrinsicElements' exists.
components/settings/image-settings.tsx(258,9): error TS7026: JSX element implicitly has type 'any' because no interface 'JSX.IntrinsicElements' exists.
components/settings/image-settings.tsx(261,13): error TS7026: JSX element implicitly has type 'any' because no interface 'JSX.IntrinsicElements' exists.
components/settings/image-settings.tsx(265,15): error TS7026: JSX element implicitly has type 'any' because no interface 'JSX.IntrinsicElements' exists.
components/settings/image-settings.tsx(266,17): error TS7026: JSX element implicitly has type 'any' because no interface 'JSX.IntrinsicElements' exists.
components/settings/image-settings.tsx(266,76): error TS7026: JSX element implicitly has type 'any' because no interface 'JSX.IntrinsicElements' exists.
components/settings/image-settings.tsx(267,17): error TS7026: JSX element implicitly has type 'any' because no interface 'JSX.IntrinsicElements' exists.
components/settings/image-settings.tsx(267,91): error TS7026: JSX element implicitly has type 'any' because no interface 'JSX.IntrinsicElements' exists.
components/settings/image-settings.tsx(268,15): error TS7026: JSX element implicitly has type 'any' because no interface 'JSX.IntrinsicElements' exists.
components/settings/image-settings.tsx(269,13): error TS7026: JSX element implicitly has type 'any' because no interface 'JSX.IntrinsicElements' exists.
components/settings/image-settings.tsx(273,30): error TS7006: Parameter 'model' implicitly has an 'any' type.
components/settings/image-settings.tsx(273,37): error TS7006: Parameter 'index' implicitly has an 'any' type.
components/settings/image-settings.tsx(274,13): error TS7026: JSX element implicitly has type 'any' because no interface 'JSX.IntrinsicElements' exists.
components/settings/image-settings.tsx(278,15): error TS7026: JSX element implicitly has type 'any' because no interface 'JSX.IntrinsicElements' exists.
components/settings/image-settings.tsx(279,17): error TS7026: JSX element implicitly has type 'any' because no interface 'JSX.IntrinsicElements' exists.
components/settings/image-settings.tsx(279,76): error TS7026: JSX element implicitly has type 'any' because no interface 'JSX.IntrinsicElements' exists.
components/settings/image-settings.tsx(280,17): error TS7026: JSX element implicitly has type 'any' because no interface 'JSX.IntrinsicElements' exists.
components/settings/image-settings.tsx(280,91): error TS7026: JSX element implicitly has type 'any' because no interface 'JSX.IntrinsicElements' exists.
components/settings/image-settings.tsx(281,15): error TS7026: JSX element implicitly has type 'any' because no interface 'JSX.IntrinsicElements' exists.
components/settings/image-settings.tsx(282,15): error TS7026: JSX element implicitly has type 'any' because no interface 'JSX.IntrinsicElements' exists.
components/settings/image-settings.tsx(301,15): error TS7026: JSX element implicitly has type 'any' because no interface 'JSX.IntrinsicElements' exists.
components/settings/image-settings.tsx(302,13): error TS7026: JSX element implicitly has type 'any' because no interface 'JSX.IntrinsicElements' exists.
components/settings/image-settings.tsx(304,9): error TS7026: JSX element implicitly has type 'any' because no interface 'JSX.IntrinsicElements' exists.
components/settings/image-settings.tsx(305,7): error TS7026: JSX element implicitly has type 'any' because no interface 'JSX.IntrinsicElements' exists.
components/settings/image-settings.tsx(316,11): error TS7026: JSX element implicitly has type 'any' because no interface 'JSX.IntrinsicElements' exists.
components/settings/image-settings.tsx(317,13): error TS7026: JSX element implicitly has type 'any' because no interface 'JSX.IntrinsicElements' exists.
components/settings/image-settings.tsx(321,28): error TS7006: Parameter 'e' implicitly has an 'any' type.
components/settings/image-settings.tsx(321,48): error TS7006: Parameter 'prev' implicitly has an 'any' type.
components/settings/image-settings.tsx(325,13): error TS7026: JSX element implicitly has type 'any' because no interface 'JSX.IntrinsicElements' exists.
components/settings/image-settings.tsx(326,13): error TS7026: JSX element implicitly has type 'any' because no interface 'JSX.IntrinsicElements' exists.
components/settings/image-settings.tsx(330,28): error TS7006: Parameter 'e' implicitly has an 'any' type.
components/settings/image-settings.tsx(330,48): error TS7006: Parameter 'prev' implicitly has an 'any' type.
components/settings/image-settings.tsx(334,13): error TS7026: JSX element implicitly has type 'any' because no interface 'JSX.IntrinsicElements' exists.
components/settings/image-settings.tsx(335,13): error TS7026: JSX element implicitly has type 'any' because no interface 'JSX.IntrinsicElements' exists.
components/settings/image-settings.tsx(342,13): error TS7026: JSX element implicitly has type 'any' because no interface 'JSX.IntrinsicElements' exists.
components/settings/image-settings.tsx(343,11): error TS7026: JSX element implicitly has type 'any' because no interface 'JSX.IntrinsicElements' exists.
components/settings/image-settings.tsx(346,5): error TS7026: JSX element implicitly has type 'any' because no interface 'JSX.IntrinsicElements' exists.
components/settings/index.tsx(3,58): error TS2307: Cannot find module 'react' or its corresponding type declarations.
components/settings/index.tsx(30,8): error TS2307: Cannot find module 'lucide-react' or its corresponding type declarations.
components/settings/index.tsx(33,23): error TS2307: Cannot find module 'sonner' or its corresponding type declarations.
components/settings/index.tsx(84,5): error TS7026: JSX element implicitly has type 'any' because no interface 'JSX.IntrinsicElements' exists.
components/settings/index.tsx(84,5): error TS2875: This JSX tag requires the module path 'react/jsx-runtime' to exist, but none could be found. Make sure you have types for the appropriate package installed.
components/settings/index.tsx(85,7): error TS7026: JSX element implicitly has type 'any' because no interface 'JSX.IntrinsicElements' exists.
components/settings/index.tsx(87,11): error TS7026: JSX element implicitly has type 'any' because no interface 'JSX.IntrinsicElements' exists.
components/settings/index.tsx(98,15): error TS7026: JSX element implicitly has type 'any' because no interface 'JSX.IntrinsicElements' exists.
components/settings/index.tsx(105,27): error TS7006: Parameter 'e' implicitly has an 'any' type.
components/settings/index.tsx(112,13): error TS7026: JSX element implicitly has type 'any' because no interface 'JSX.IntrinsicElements' exists.
components/settings/index.tsx(112,82): error TS7026: JSX element implicitly has type 'any' because no interface 'JSX.IntrinsicElements' exists.
components/settings/index.tsx(114,15): error TS7026: JSX element implicitly has type 'any' because no interface 'JSX.IntrinsicElements' exists.
components/settings/index.tsx(116,15): error TS7026: JSX element implicitly has type 'any' because no interface 'JSX.IntrinsicElements' exists.
components/settings/index.tsx(118,11): error TS7026: JSX element implicitly has type 'any' because no interface 'JSX.IntrinsicElements' exists.
components/settings/index.tsx(120,7): error TS7026: JSX element implicitly has type 'any' because no interface 'JSX.IntrinsicElements' exists.
components/settings/index.tsx(122,9): error TS7026: JSX element implicitly has type 'any' because no interface 'JSX.IntrinsicElements' exists.
components/settings/index.tsx(127,9): error TS7026: JSX element implicitly has type 'any' because no interface 'JSX.IntrinsicElements' exists.
components/settings/index.tsx(129,5): error TS7026: JSX element implicitly has type 'any' because no interface 'JSX.IntrinsicElements' exists.
components/settings/index.tsx(212,40): error TS7006: Parameter 'state' implicitly has an 'any' type.
components/settings/index.tsx(213,38): error TS7006: Parameter 'state' implicitly has an 'any' type.
components/settings/index.tsx(214,45): error TS7006: Parameter 'state' implicitly has an 'any' type.
components/settings/index.tsx(215,43): error TS7006: Parameter 'state' implicitly has an 'any' type.
components/settings/index.tsx(216,48): error TS7006: Parameter 'state' implicitly has an 'any' type.
components/settings/index.tsx(217,49): error TS7006: Parameter 'state' implicitly has an 'any' type.
components/settings/index.tsx(218,54): error TS7006: Parameter 'state' implicitly has an 'any' type.
components/settings/index.tsx(219,45): error TS7006: Parameter 'state' implicitly has an 'any' type.
components/settings/index.tsx(220,50): error TS7006: Parameter 'state' implicitly has an 'any' type.
components/settings/index.tsx(221,45): error TS7006: Parameter 'state' implicitly has an 'any' type.
components/settings/index.tsx(222,50): error TS7006: Parameter 'state' implicitly has an 'any' type.
components/settings/index.tsx(223,43): error TS7006: Parameter 'state' implicitly has an 'any' type.
components/settings/index.tsx(224,48): error TS7006: Parameter 'state' implicitly has an 'any' type.
components/settings/index.tsx(225,43): error TS7006: Parameter 'state' implicitly has an 'any' type.
components/settings/index.tsx(226,48): error TS7006: Parameter 'state' implicitly has an 'any' type.
components/settings/index.tsx(229,38): error TS7006: Parameter 'state' implicitly has an 'any' type.
components/settings/index.tsx(230,47): error TS7006: Parameter 'state' implicitly has an 'any' type.
components/settings/index.tsx(231,48): error TS7006: Parameter 'state' implicitly has an 'any' type.
components/settings/index.tsx(232,44): error TS7006: Parameter 'state' implicitly has an 'any' type.
components/settings/index.tsx(233,44): error TS7006: Parameter 'state' implicitly has an 'any' type.
components/settings/index.tsx(264,50): error TS7006: Parameter 'state' implicitly has an 'any' type.
components/settings/index.tsx(265,50): error TS7006: Parameter 'state' implicitly has an 'any' type.
components/settings/index.tsx(291,9): error TS2503: Cannot find namespace 'React'.
components/settings/index.tsx(402,45): error TS7006: Parameter '_' implicitly has an 'any' type.
components/settings/index.tsx(402,48): error TS7006: Parameter 'i' implicitly has an 'any' type.
components/settings/index.tsx(415,54): error TS7006: Parameter 'm' implicitly has an 'any' type.
components/settings/index.tsx(512,11): error TS18046: 'config' is of type 'unknown'.
components/settings/index.tsx(513,11): error TS18046: 'config' is of type 'unknown'.
components/settings/index.tsx(514,21): error TS18046: 'config' is of type 'unknown'.
components/settings/index.tsx(515,11): error TS18046: 'config' is of type 'unknown'.
components/settings/index.tsx(516,21): error TS18046: 'config' is of type 'unknown'.
components/settings/index.tsx(517,13): error TS18046: 'config' is of type 'unknown'.
components/settings/index.tsx(518,25): error TS18046: 'config' is of type 'unknown'.
components/settings/index.tsx(536,16): error TS7026: JSX element implicitly has type 'any' because no interface 'JSX.IntrinsicElements' exists.
components/settings/index.tsx(536,84): error TS7026: JSX element implicitly has type 'any' because no interface 'JSX.IntrinsicElements' exists.
components/settings/index.tsx(542,17): error TS7026: JSX element implicitly has type 'any' because no interface 'JSX.IntrinsicElements' exists.
components/settings/index.tsx(549,29): error TS7006: Parameter 'e' implicitly has an 'any' type.
components/settings/index.tsx(556,15): error TS7026: JSX element implicitly has type 'any' because no interface 'JSX.IntrinsicElements' exists.
components/settings/index.tsx(557,17): error TS7026: JSX element implicitly has type 'any' because no interface 'JSX.IntrinsicElements' exists.
components/settings/index.tsx(562,17): error TS7026: JSX element implicitly has type 'any' because no interface 'JSX.IntrinsicElements' exists.
components/settings/index.tsx(563,17): error TS7026: JSX element implicitly has type 'any' because no interface 'JSX.IntrinsicElements' exists.
components/settings/index.tsx(565,17): error TS7026: JSX element implicitly has type 'any' because no interface 'JSX.IntrinsicElements' exists.
components/settings/index.tsx(566,15): error TS7026: JSX element implicitly has type 'any' because no interface 'JSX.IntrinsicElements' exists.
components/settings/index.tsx(572,29): error TS7053: Element implicitly has an 'any' type because expression of type 'any' can't be used to index type 'Record<PDFProviderId, PDFProviderConfig>'.
components/settings/index.tsx(577,15): error TS7026: JSX element implicitly has type 'any' because no interface 'JSX.IntrinsicElements' exists.
components/settings/index.tsx(581,27): error TS7006: Parameter 'e' implicitly has an 'any' type.
components/settings/index.tsx(588,13): error TS7026: JSX element implicitly has type 'any' because no interface 'JSX.IntrinsicElements' exists.
components/settings/index.tsx(588,69): error TS7026: JSX element implicitly has type 'any' because no interface 'JSX.IntrinsicElements' exists.
components/settings/index.tsx(593,28): error TS7053: Element implicitly has an 'any' type because expression of type 'any' can't be used to index type 'Record<"tavily", WebSearchProviderConfig>'.
components/settings/index.tsx(598,15): error TS7026: JSX element implicitly has type 'any' because no interface 'JSX.IntrinsicElements' exists.
components/settings/index.tsx(602,27): error TS7006: Parameter 'e' implicitly has an 'any' type.
components/settings/index.tsx(609,13): error TS7026: JSX element implicitly has type 'any' because no interface 'JSX.IntrinsicElements' exists.
components/settings/index.tsx(609,68): error TS7026: JSX element implicitly has type 'any' because no interface 'JSX.IntrinsicElements' exists.
components/settings/index.tsx(614,29): error TS7053: Element implicitly has an 'any' type because expression of type 'any' can't be used to index type 'Record<ImageProviderId, ImageProviderConfig>'.
components/settings/index.tsx(615,25): error TS7053: Element implicitly has an 'any' type because expression of type 'any' can't be used to index type 'Record<ImageProviderId, string>'.
components/settings/index.tsx(619,15): error TS7026: JSX element implicitly has type 'any' because no interface 'JSX.IntrinsicElements' exists.
components/settings/index.tsx(623,27): error TS7006: Parameter 'e' implicitly has an 'any' type.
components/settings/index.tsx(630,13): error TS7026: JSX element implicitly has type 'any' because no interface 'JSX.IntrinsicElements' exists.
components/settings/index.tsx(631,30): error TS7053: Element implicitly has an 'any' type because expression of type 'any' can't be used to index type 'Record<ImageProviderId, string>'.
components/settings/index.tsx(632,13): error TS7026: JSX element implicitly has type 'any' because no interface 'JSX.IntrinsicElements' exists.
components/settings/index.tsx(637,29): error TS7053: Element implicitly has an 'any' type because expression of type 'any' can't be used to index type 'Record<VideoProviderId, VideoProviderConfig>'.
components/settings/index.tsx(638,25): error TS7053: Element implicitly has an 'any' type because expression of type 'any' can't be used to index type 'Record<VideoProviderId, string>'.
components/settings/index.tsx(642,15): error TS7026: JSX element implicitly has type 'any' because no interface 'JSX.IntrinsicElements' exists.
components/settings/index.tsx(646,27): error TS7006: Parameter 'e' implicitly has an 'any' type.
components/settings/index.tsx(653,13): error TS7026: JSX element implicitly has type 'any' because no interface 'JSX.IntrinsicElements' exists.
components/settings/index.tsx(654,30): error TS7053: Element implicitly has an 'any' type because expression of type 'any' can't be used to index type 'Record<VideoProviderId, string>'.
components/settings/index.tsx(655,13): error TS7026: JSX element implicitly has type 'any' because no interface 'JSX.IntrinsicElements' exists.
components/settings/index.tsx(664,15): error TS7026: JSX element implicitly has type 'any' because no interface 'JSX.IntrinsicElements' exists.
components/settings/index.tsx(668,27): error TS7006: Parameter 'e' implicitly has an 'any' type.
components/settings/index.tsx(675,13): error TS7026: JSX element implicitly has type 'any' because no interface 'JSX.IntrinsicElements' exists.
components/settings/index.tsx(675,89): error TS7026: JSX element implicitly has type 'any' because no interface 'JSX.IntrinsicElements' exists.
components/settings/index.tsx(684,15): error TS7026: JSX element implicitly has type 'any' because no interface 'JSX.IntrinsicElements' exists.
components/settings/index.tsx(688,27): error TS7006: Parameter 'e' implicitly has an 'any' type.
components/settings/index.tsx(695,13): error TS7026: JSX element implicitly has type 'any' because no interface 'JSX.IntrinsicElements' exists.
components/settings/index.tsx(695,89): error TS7026: JSX element implicitly has type 'any' because no interface 'JSX.IntrinsicElements' exists.
components/settings/index.tsx(709,9): error TS7026: JSX element implicitly has type 'any' because no interface 'JSX.IntrinsicElements' exists.
components/settings/index.tsx(711,11): error TS7026: JSX element implicitly has type 'any' because no interface 'JSX.IntrinsicElements' exists.
components/settings/index.tsx(712,13): error TS7026: JSX element implicitly has type 'any' because no interface 'JSX.IntrinsicElements' exists.
components/settings/index.tsx(722,15): error TS7026: JSX element implicitly has type 'any' because no interface 'JSX.IntrinsicElements' exists.
components/settings/index.tsx(722,67): error TS7026: JSX element implicitly has type 'any' because no interface 'JSX.IntrinsicElements' exists.
components/settings/index.tsx(723,13): error TS7026: JSX element implicitly has type 'any' because no interface 'JSX.IntrinsicElements' exists.
components/settings/index.tsx(725,13): error TS7026: JSX element implicitly has type 'any' because no interface 'JSX.IntrinsicElements' exists.
components/settings/index.tsx(735,15): error TS7026: JSX element implicitly has type 'any' because no interface 'JSX.IntrinsicElements' exists.
components/settings/index.tsx(735,71): error TS7026: JSX element implicitly has type 'any' because no interface 'JSX.IntrinsicElements' exists.
components/settings/index.tsx(736,13): error TS7026: JSX element implicitly has type 'any' because no interface 'JSX.IntrinsicElements' exists.
components/settings/index.tsx(738,13): error TS7026: JSX element implicitly has type 'any' because no interface 'JSX.IntrinsicElements' exists.
components/settings/index.tsx(748,15): error TS7026: JSX element implicitly has type 'any' because no interface 'JSX.IntrinsicElements' exists.
components/settings/index.tsx(748,71): error TS7026: JSX element implicitly has type 'any' because no interface 'JSX.IntrinsicElements' exists.
components/settings/index.tsx(749,13): error TS7026: JSX element implicitly has type 'any' because no interface 'JSX.IntrinsicElements' exists.
components/settings/index.tsx(751,13): error TS7026: JSX element implicitly has type 'any' because no interface 'JSX.IntrinsicElements' exists.
components/settings/index.tsx(761,15): error TS7026: JSX element implicitly has type 'any' because no interface 'JSX.IntrinsicElements' exists.
components/settings/index.tsx(761,69): error TS7026: JSX element implicitly has type 'any' because no interface 'JSX.IntrinsicElements' exists.
components/settings/index.tsx(762,13): error TS7026: JSX element implicitly has type 'any' because no interface 'JSX.IntrinsicElements' exists.
components/settings/index.tsx(764,13): error TS7026: JSX element implicitly has type 'any' because no interface 'JSX.IntrinsicElements' exists.
components/settings/index.tsx(774,15): error TS7026: JSX element implicitly has type 'any' because no interface 'JSX.IntrinsicElements' exists.
components/settings/index.tsx(774,69): error TS7026: JSX element implicitly has type 'any' because no interface 'JSX.IntrinsicElements' exists.
components/settings/index.tsx(775,13): error TS7026: JSX element implicitly has type 'any' because no interface 'JSX.IntrinsicElements' exists.
components/settings/index.tsx(777,13): error TS7026: JSX element implicitly has type 'any' because no interface 'JSX.IntrinsicElements' exists.
components/settings/index.tsx(787,15): error TS7026: JSX element implicitly has type 'any' because no interface 'JSX.IntrinsicElements' exists.
components/settings/index.tsx(787,69): error TS7026: JSX element implicitly has type 'any' because no interface 'JSX.IntrinsicElements' exists.
components/settings/index.tsx(788,13): error TS7026: JSX element implicitly has type 'any' because no interface 'JSX.IntrinsicElements' exists.
components/settings/index.tsx(790,13): error TS7026: JSX element implicitly has type 'any' because no interface 'JSX.IntrinsicElements' exists.
components/settings/index.tsx(800,15): error TS7026: JSX element implicitly has type 'any' because no interface 'JSX.IntrinsicElements' exists.
components/settings/index.tsx(800,75): error TS7026: JSX element implicitly has type 'any' because no interface 'JSX.IntrinsicElements' exists.
components/settings/index.tsx(801,13): error TS7026: JSX element implicitly has type 'any' because no interface 'JSX.IntrinsicElements' exists.
components/settings/index.tsx(803,13): error TS7026: JSX element implicitly has type 'any' because no interface 'JSX.IntrinsicElements' exists.
components/settings/index.tsx(813,15): error TS7026: JSX element implicitly has type 'any' because no interface 'JSX.IntrinsicElements' exists.
components/settings/index.tsx(813,72): error TS7026: JSX element implicitly has type 'any' because no interface 'JSX.IntrinsicElements' exists.
components/settings/index.tsx(814,13): error TS7026: JSX element implicitly has type 'any' because no interface 'JSX.IntrinsicElements' exists.
components/settings/index.tsx(815,11): error TS7026: JSX element implicitly has type 'any' because no interface 'JSX.IntrinsicElements' exists.
components/settings/index.tsx(818,11): error TS7026: JSX element implicitly has type 'any' because no interface 'JSX.IntrinsicElements' exists.
components/settings/index.tsx(819,27): error TS7006: Parameter 'e' implicitly has an 'any' type.
components/settings/index.tsx(822,13): error TS7026: JSX element implicitly has type 'any' because no interface 'JSX.IntrinsicElements' exists.
components/settings/index.tsx(823,11): error TS7026: JSX element implicitly has type 'any' because no interface 'JSX.IntrinsicElements' exists.
components/settings/index.tsx(835,15): error TS7026: JSX element implicitly has type 'any' because no interface 'JSX.IntrinsicElements' exists.
components/settings/index.tsx(836,31): error TS7006: Parameter 'e' implicitly has an 'any' type.
components/settings/index.tsx(839,17): error TS7026: JSX element implicitly has type 'any' because no interface 'JSX.IntrinsicElements' exists.
components/settings/index.tsx(840,15): error TS7026: JSX element implicitly has type 'any' because no interface 'JSX.IntrinsicElements' exists.
components/settings/index.tsx(854,15): error TS7026: JSX element implicitly has type 'any' because no interface 'JSX.IntrinsicElements' exists.
components/settings/index.tsx(855,31): error TS7006: Parameter 'e' implicitly has an 'any' type.
components/settings/index.tsx(858,17): error TS7026: JSX element implicitly has type 'any' because no interface 'JSX.IntrinsicElements' exists.
components/settings/index.tsx(859,15): error TS7026: JSX element implicitly has type 'any' because no interface 'JSX.IntrinsicElements' exists.
components/settings/index.tsx(873,15): error TS7026: JSX element implicitly has type 'any' because no interface 'JSX.IntrinsicElements' exists.
components/settings/index.tsx(874,31): error TS7006: Parameter 'e' implicitly has an 'any' type.
components/settings/index.tsx(877,17): error TS7026: JSX element implicitly has type 'any' because no interface 'JSX.IntrinsicElements' exists.
components/settings/index.tsx(878,15): error TS7026: JSX element implicitly has type 'any' because no interface 'JSX.IntrinsicElements' exists.
components/settings/index.tsx(896,15): error TS7026: JSX element implicitly has type 'any' because no interface 'JSX.IntrinsicElements' exists.
components/settings/index.tsx(897,31): error TS7006: Parameter 'e' implicitly has an 'any' type.
components/settings/index.tsx(900,17): error TS7026: JSX element implicitly has type 'any' because no interface 'JSX.IntrinsicElements' exists.
components/settings/index.tsx(901,15): error TS7026: JSX element implicitly has type 'any' because no interface 'JSX.IntrinsicElements' exists.
components/settings/index.tsx(919,15): error TS7026: JSX element implicitly has type 'any' because no interface 'JSX.IntrinsicElements' exists.
components/settings/index.tsx(920,31): error TS7006: Parameter 'e' implicitly has an 'any' type.
components/settings/index.tsx(923,17): error TS7026: JSX element implicitly has type 'any' because no interface 'JSX.IntrinsicElements' exists.
components/settings/index.tsx(924,15): error TS7026: JSX element implicitly has type 'any' because no interface 'JSX.IntrinsicElements' exists.
components/settings/index.tsx(941,29): error TS18046: 'cfg' is of type 'unknown'.
components/settings/index.tsx(952,15): error TS7026: JSX element implicitly has type 'any' because no interface 'JSX.IntrinsicElements' exists.
components/settings/index.tsx(953,31): error TS7006: Parameter 'e' implicitly has an 'any' type.
components/settings/index.tsx(956,17): error TS7026: JSX element implicitly has type 'any' because no interface 'JSX.IntrinsicElements' exists.
components/settings/index.tsx(957,15): error TS7026: JSX element implicitly has type 'any' because no interface 'JSX.IntrinsicElements' exists.
components/settings/index.tsx(974,29): error TS18046: 'cfg' is of type 'unknown'.
components/settings/index.tsx(985,15): error TS7026: JSX element implicitly has type 'any' because no interface 'JSX.IntrinsicElements' exists.
components/settings/index.tsx(986,31): error TS7006: Parameter 'e' implicitly has an 'any' type.
components/settings/index.tsx(989,17): error TS7026: JSX element implicitly has type 'any' because no interface 'JSX.IntrinsicElements' exists.
components/settings/index.tsx(990,15): error TS7026: JSX element implicitly has type 'any' because no interface 'JSX.IntrinsicElements' exists.
components/settings/index.tsx(995,11): error TS7026: JSX element implicitly has type 'any' because no interface 'JSX.IntrinsicElements' exists.
components/settings/index.tsx(997,13): error TS7026: JSX element implicitly has type 'any' because no interface 'JSX.IntrinsicElements' exists.
components/settings/index.tsx(998,15): error TS7026: JSX element implicitly has type 'any' because no interface 'JSX.IntrinsicElements' exists.
components/settings/index.tsx(998,76): error TS7026: JSX element implicitly has type 'any' because no interface 'JSX.IntrinsicElements' exists.
components/settings/index.tsx(999,15): error TS7026: JSX element implicitly has type 'any' because no interface 'JSX.IntrinsicElements' exists.
components/settings/index.tsx(1014,15): error TS7026: JSX element implicitly has type 'any' because no interface 'JSX.IntrinsicElements' exists.
components/settings/index.tsx(1015,13): error TS7026: JSX element implicitly has type 'any' because no interface 'JSX.IntrinsicElements' exists.
components/settings/index.tsx(1018,13): error TS7026: JSX element implicitly has type 'any' because no interface 'JSX.IntrinsicElements' exists.
components/settings/index.tsx(1056,13): error TS7026: JSX element implicitly has type 'any' because no interface 'JSX.IntrinsicElements' exists.
components/settings/index.tsx(1059,13): error TS7026: JSX element implicitly has type 'any' because no interface 'JSX.IntrinsicElements' exists.
components/settings/index.tsx(1061,17): error TS7026: JSX element implicitly has type 'any' because no interface 'JSX.IntrinsicElements' exists.
components/settings/index.tsx(1063,19): error TS7026: JSX element implicitly has type 'any' because no interface 'JSX.IntrinsicElements' exists.
components/settings/index.tsx(1063,52): error TS7026: JSX element implicitly has type 'any' because no interface 'JSX.IntrinsicElements' exists.
components/settings/index.tsx(1064,17): error TS7026: JSX element implicitly has type 'any' because no interface 'JSX.IntrinsicElements' exists.
components/settings/index.tsx(1067,17): error TS7026: JSX element implicitly has type 'any' because no interface 'JSX.IntrinsicElements' exists.
components/settings/index.tsx(1069,19): error TS7026: JSX element implicitly has type 'any' because no interface 'JSX.IntrinsicElements' exists.
components/settings/index.tsx(1069,51): error TS7026: JSX element implicitly has type 'any' because no interface 'JSX.IntrinsicElements' exists.
components/settings/index.tsx(1070,17): error TS7026: JSX element implicitly has type 'any' because no interface 'JSX.IntrinsicElements' exists.
components/settings/index.tsx(1078,13): error TS7026: JSX element implicitly has type 'any' because no interface 'JSX.IntrinsicElements' exists.
components/settings/index.tsx(1079,11): error TS7026: JSX element implicitly has type 'any' because no interface 'JSX.IntrinsicElements' exists.
components/settings/index.tsx(1080,9): error TS7026: JSX element implicitly has type 'any' because no interface 'JSX.IntrinsicElements' exists.
components/settings/index.tsx(1125,24): error TS7006: Parameter 'open' implicitly has an 'any' type.
components/settings/model-edit-dialog.tsx(3,50): error TS2307: Cannot find module 'react' or its corresponding type declarations.
components/settings/model-edit-dialog.tsx(9,70): error TS2307: Cannot find module 'lucide-react' or its corresponding type declarations.
components/settings/model-edit-dialog.tsx(106,5): error TS2875: This JSX tag requires the module path 'react/jsx-runtime' to exist, but none could be found. Make sure you have types for the appropriate package installed.
components/settings/model-edit-dialog.tsx(116,9): error TS7026: JSX element implicitly has type 'any' because no interface 'JSX.IntrinsicElements' exists.
components/settings/model-edit-dialog.tsx(117,11): error TS7026: JSX element implicitly has type 'any' because no interface 'JSX.IntrinsicElements' exists.
components/settings/model-edit-dialog.tsx(118,13): error TS7026: JSX element implicitly has type 'any' because no interface 'JSX.IntrinsicElements' exists.
components/settings/model-edit-dialog.tsx(122,13): error TS7026: JSX element implicitly has type 'any' because no interface 'JSX.IntrinsicElements' exists.
components/settings/model-edit-dialog.tsx(123,11): error TS7026: JSX element implicitly has type 'any' because no interface 'JSX.IntrinsicElements' exists.
components/settings/model-edit-dialog.tsx(126,11): error TS7026: JSX element implicitly has type 'any' because no interface 'JSX.IntrinsicElements' exists.
components/settings/model-edit-dialog.tsx(131,26): error TS7006: Parameter 'e' implicitly has an 'any' type.
components/settings/model-edit-dialog.tsx(154,11): error TS7026: JSX element implicitly has type 'any' because no interface 'JSX.IntrinsicElements' exists.
components/settings/model-edit-dialog.tsx(157,11): error TS7026: JSX element implicitly has type 'any' because no interface 'JSX.IntrinsicElements' exists.
components/settings/model-edit-dialog.tsx(162,26): error TS7006: Parameter 'e' implicitly has an 'any' type.
components/settings/model-edit-dialog.tsx(170,11): error TS7026: JSX element implicitly has type 'any' because no interface 'JSX.IntrinsicElements' exists.
components/settings/model-edit-dialog.tsx(173,11): error TS7026: JSX element implicitly has type 'any' because no interface 'JSX.IntrinsicElements' exists.
components/settings/model-edit-dialog.tsx(175,13): error TS7026: JSX element implicitly has type 'any' because no interface 'JSX.IntrinsicElements' exists.
components/settings/model-edit-dialog.tsx(176,15): error TS7026: JSX element implicitly has type 'any' because no interface 'JSX.IntrinsicElements' exists.
components/settings/model-edit-dialog.tsx(180,37): error TS7006: Parameter 'checked' implicitly has an 'any' type.
components/settings/model-edit-dialog.tsx(194,17): error TS7026: JSX element implicitly has type 'any' because no interface 'JSX.IntrinsicElements' exists.
components/settings/model-edit-dialog.tsx(200,17): error TS7026: JSX element implicitly has type 'any' because no interface 'JSX.IntrinsicElements' exists.
components/settings/model-edit-dialog.tsx(201,15): error TS7026: JSX element implicitly has type 'any' because no interface 'JSX.IntrinsicElements' exists.
components/settings/model-edit-dialog.tsx(203,15): error TS7026: JSX element implicitly has type 'any' because no interface 'JSX.IntrinsicElements' exists.
components/settings/model-edit-dialog.tsx(207,37): error TS7006: Parameter 'checked' implicitly has an 'any' type.
components/settings/model-edit-dialog.tsx(221,17): error TS7026: JSX element implicitly has type 'any' because no interface 'JSX.IntrinsicElements' exists.
components/settings/model-edit-dialog.tsx(227,17): error TS7026: JSX element implicitly has type 'any' because no interface 'JSX.IntrinsicElements' exists.
components/settings/model-edit-dialog.tsx(228,15): error TS7026: JSX element implicitly has type 'any' because no interface 'JSX.IntrinsicElements' exists.
components/settings/model-edit-dialog.tsx(230,15): error TS7026: JSX element implicitly has type 'any' because no interface 'JSX.IntrinsicElements' exists.
components/settings/model-edit-dialog.tsx(234,37): error TS7006: Parameter 'checked' implicitly has an 'any' type.
components/settings/model-edit-dialog.tsx(248,17): error TS7026: JSX element implicitly has type 'any' because no interface 'JSX.IntrinsicElements' exists.
components/settings/model-edit-dialog.tsx(254,17): error TS7026: JSX element implicitly has type 'any' because no interface 'JSX.IntrinsicElements' exists.
components/settings/model-edit-dialog.tsx(255,15): error TS7026: JSX element implicitly has type 'any' because no interface 'JSX.IntrinsicElements' exists.
components/settings/model-edit-dialog.tsx(256,13): error TS7026: JSX element implicitly has type 'any' because no interface 'JSX.IntrinsicElements' exists.
components/settings/model-edit-dialog.tsx(257,11): error TS7026: JSX element implicitly has type 'any' because no interface 'JSX.IntrinsicElements' exists.
components/settings/model-edit-dialog.tsx(260,11): error TS7026: JSX element implicitly has type 'any' because no interface 'JSX.IntrinsicElements' exists.
components/settings/model-edit-dialog.tsx(263,13): error TS7026: JSX element implicitly has type 'any' because no interface 'JSX.IntrinsicElements' exists.
components/settings/model-edit-dialog.tsx(264,15): error TS7026: JSX element implicitly has type 'any' because no interface 'JSX.IntrinsicElements' exists.
components/settings/model-edit-dialog.tsx(270,30): error TS7006: Parameter 'e' implicitly has an 'any' type.
components/settings/model-edit-dialog.tsx(281,15): error TS7026: JSX element implicitly has type 'any' because no interface 'JSX.IntrinsicElements' exists.
components/settings/model-edit-dialog.tsx(283,15): error TS7026: JSX element implicitly has type 'any' because no interface 'JSX.IntrinsicElements' exists.
components/settings/model-edit-dialog.tsx(289,30): error TS7006: Parameter 'e' implicitly has an 'any' type.
components/settings/model-edit-dialog.tsx(300,15): error TS7026: JSX element implicitly has type 'any' because no interface 'JSX.IntrinsicElements' exists.
components/settings/model-edit-dialog.tsx(301,13): error TS7026: JSX element implicitly has type 'any' because no interface 'JSX.IntrinsicElements' exists.
components/settings/model-edit-dialog.tsx(302,11): error TS7026: JSX element implicitly has type 'any' because no interface 'JSX.IntrinsicElements' exists.
components/settings/model-edit-dialog.tsx(305,11): error TS7026: JSX element implicitly has type 'any' because no interface 'JSX.IntrinsicElements' exists.
components/settings/model-edit-dialog.tsx(306,13): error TS7026: JSX element implicitly has type 'any' because no interface 'JSX.IntrinsicElements' exists.
components/settings/model-edit-dialog.tsx(327,13): error TS7026: JSX element implicitly has type 'any' because no interface 'JSX.IntrinsicElements' exists.
components/settings/model-edit-dialog.tsx(329,15): error TS7026: JSX element implicitly has type 'any' because no interface 'JSX.IntrinsicElements' exists.
components/settings/model-edit-dialog.tsx(336,17): error TS7026: JSX element implicitly has type 'any' because no interface 'JSX.IntrinsicElements' exists.
components/settings/model-edit-dialog.tsx(339,19): error TS7026: JSX element implicitly has type 'any' because no interface 'JSX.IntrinsicElements' exists.
components/settings/model-edit-dialog.tsx(339,66): error TS7026: JSX element implicitly has type 'any' because no interface 'JSX.IntrinsicElements' exists.
components/settings/model-edit-dialog.tsx(340,17): error TS7026: JSX element implicitly has type 'any' because no interface 'JSX.IntrinsicElements' exists.
components/settings/model-edit-dialog.tsx(341,15): error TS7026: JSX element implicitly has type 'any' because no interface 'JSX.IntrinsicElements' exists.
components/settings/model-edit-dialog.tsx(343,11): error TS7026: JSX element implicitly has type 'any' because no interface 'JSX.IntrinsicElements' exists.
components/settings/model-edit-dialog.tsx(346,11): error TS7026: JSX element implicitly has type 'any' because no interface 'JSX.IntrinsicElements' exists.
components/settings/model-edit-dialog.tsx(353,11): error TS7026: JSX element implicitly has type 'any' because no interface 'JSX.IntrinsicElements' exists.
components/settings/model-edit-dialog.tsx(354,9): error TS7026: JSX element implicitly has type 'any' because no interface 'JSX.IntrinsicElements' exists.
components/settings/model-selector.tsx(3,58): error TS2307: Cannot find module 'react' or its corresponding type declarations.
components/settings/model-selector.tsx(16,8): error TS2307: Cannot find module 'lucide-react' or its corresponding type declarations.
components/settings/model-selector.tsx(195,7): error TS7026: JSX element implicitly has type 'any' because no interface 'JSX.IntrinsicElements' exists.
components/settings/model-selector.tsx(195,7): error TS2875: This JSX tag requires the module path 'react/jsx-runtime' to exist, but none could be found. Make sure you have types for the appropriate package installed.
components/settings/model-selector.tsx(197,7): error TS7026: JSX element implicitly has type 'any' because no interface 'JSX.IntrinsicElements' exists.
components/settings/model-selector.tsx(202,5): error TS7026: JSX element implicitly has type 'any' because no interface 'JSX.IntrinsicElements' exists.
components/settings/model-selector.tsx(203,7): error TS7026: JSX element implicitly has type 'any' because no interface 'JSX.IntrinsicElements' exists.
components/settings/model-selector.tsx(205,9): error TS7026: JSX element implicitly has type 'any' because no interface 'JSX.IntrinsicElements' exists.
components/settings/model-selector.tsx(212,15): error TS7026: JSX element implicitly has type 'any' because no interface 'JSX.IntrinsicElements' exists.
components/settings/model-selector.tsx(221,19): error TS7026: JSX element implicitly has type 'any' because no interface 'JSX.IntrinsicElements' exists.
components/settings/model-selector.tsx(228,31): error TS7006: Parameter 'e' implicitly has an 'any' type.
components/settings/model-selector.tsx(235,17): error TS7026: JSX element implicitly has type 'any' because no interface 'JSX.IntrinsicElements' exists.
components/settings/model-selector.tsx(236,19): error TS7026: JSX element implicitly has type 'any' because no interface 'JSX.IntrinsicElements' exists.
components/settings/model-selector.tsx(239,23): error TS7026: JSX element implicitly has type 'any' because no interface 'JSX.IntrinsicElements' exists.
components/settings/model-selector.tsx(248,23): error TS7026: JSX element implicitly has type 'any' because no interface 'JSX.IntrinsicElements' exists.
components/settings/model-selector.tsx(250,19): error TS7026: JSX element implicitly has type 'any' because no interface 'JSX.IntrinsicElements' exists.
components/settings/model-selector.tsx(251,19): error TS7026: JSX element implicitly has type 'any' because no interface 'JSX.IntrinsicElements' exists.
components/settings/model-selector.tsx(255,19): error TS7026: JSX element implicitly has type 'any' because no interface 'JSX.IntrinsicElements' exists.
components/settings/model-selector.tsx(256,17): error TS7026: JSX element implicitly has type 'any' because no interface 'JSX.IntrinsicElements' exists.
components/settings/model-selector.tsx(257,15): error TS7026: JSX element implicitly has type 'any' because no interface 'JSX.IntrinsicElements' exists.
components/settings/model-selector.tsx(260,9): error TS7026: JSX element implicitly has type 'any' because no interface 'JSX.IntrinsicElements' exists.
components/settings/model-selector.tsx(263,9): error TS7026: JSX element implicitly has type 'any' because no interface 'JSX.IntrinsicElements' exists.
components/settings/model-selector.tsx(265,11): error TS7026: JSX element implicitly has type 'any' because no interface 'JSX.IntrinsicElements' exists.
components/settings/model-selector.tsx(267,15): error TS7026: JSX element implicitly has type 'any' because no interface 'JSX.IntrinsicElements' exists.
components/settings/model-selector.tsx(273,30): error TS7006: Parameter 'e' implicitly has an 'any' type.
components/settings/model-selector.tsx(281,15): error TS7026: JSX element implicitly has type 'any' because no interface 'JSX.IntrinsicElements' exists.
components/settings/model-selector.tsx(292,11): error TS7026: JSX element implicitly has type 'any' because no interface 'JSX.IntrinsicElements' exists.
components/settings/model-selector.tsx(295,11): error TS7026: JSX element implicitly has type 'any' because no interface 'JSX.IntrinsicElements' exists.
components/settings/model-selector.tsx(297,15): error TS7026: JSX element implicitly has type 'any' because no interface 'JSX.IntrinsicElements' exists.
components/settings/model-selector.tsx(299,15): error TS7026: JSX element implicitly has type 'any' because no interface 'JSX.IntrinsicElements' exists.
components/settings/model-selector.tsx(307,19): error TS7026: JSX element implicitly has type 'any' because no interface 'JSX.IntrinsicElements' exists.
components/settings/model-selector.tsx(314,21): error TS7026: JSX element implicitly has type 'any' because no interface 'JSX.IntrinsicElements' exists.
components/settings/model-selector.tsx(315,23): error TS7026: JSX element implicitly has type 'any' because no interface 'JSX.IntrinsicElements' exists.
components/settings/model-selector.tsx(320,25): error TS7026: JSX element implicitly has type 'any' because no interface 'JSX.IntrinsicElements' exists.
components/settings/model-selector.tsx(321,27): error TS7026: JSX element implicitly has type 'any' because no interface 'JSX.IntrinsicElements' exists.
components/settings/model-selector.tsx(323,27): error TS7026: JSX element implicitly has type 'any' because no interface 'JSX.IntrinsicElements' exists.
components/settings/model-selector.tsx(325,29): error TS7026: JSX element implicitly has type 'any' because no interface 'JSX.IntrinsicElements' exists.
components/settings/model-selector.tsx(327,31): error TS7026: JSX element implicitly has type 'any' because no interface 'JSX.IntrinsicElements' exists.
components/settings/model-selector.tsx(329,35): error TS7026: JSX element implicitly has type 'any' because no interface 'JSX.IntrinsicElements' exists.
components/settings/model-selector.tsx(331,35): error TS7026: JSX element implicitly has type 'any' because no interface 'JSX.IntrinsicElements' exists.
components/settings/model-selector.tsx(334,35): error TS7026: JSX element implicitly has type 'any' because no interface 'JSX.IntrinsicElements' exists.
components/settings/model-selector.tsx(336,35): error TS7026: JSX element implicitly has type 'any' because no interface 'JSX.IntrinsicElements' exists.
components/settings/model-selector.tsx(339,35): error TS7026: JSX element implicitly has type 'any' because no interface 'JSX.IntrinsicElements' exists.
components/settings/model-selector.tsx(341,35): error TS7026: JSX element implicitly has type 'any' because no interface 'JSX.IntrinsicElements' exists.
components/settings/model-selector.tsx(343,31): error TS7026: JSX element implicitly has type 'any' because no interface 'JSX.IntrinsicElements' exists.
components/settings/model-selector.tsx(346,33): error TS7026: JSX element implicitly has type 'any' because no interface 'JSX.IntrinsicElements' exists.
components/settings/model-selector.tsx(348,35): error TS7026: JSX element implicitly has type 'any' because no interface 'JSX.IntrinsicElements' exists.
components/settings/model-selector.tsx(350,35): error TS7026: JSX element implicitly has type 'any' because no interface 'JSX.IntrinsicElements' exists.
components/settings/model-selector.tsx(351,33): error TS7026: JSX element implicitly has type 'any' because no interface 'JSX.IntrinsicElements' exists.
components/settings/model-selector.tsx(355,33): error TS7026: JSX element implicitly has type 'any' because no interface 'JSX.IntrinsicElements' exists.
components/settings/model-selector.tsx(357,35): error TS7026: JSX element implicitly has type 'any' because no interface 'JSX.IntrinsicElements' exists.
components/settings/model-selector.tsx(359,35): error TS7026: JSX element implicitly has type 'any' because no interface 'JSX.IntrinsicElements' exists.
components/settings/model-selector.tsx(360,33): error TS7026: JSX element implicitly has type 'any' because no interface 'JSX.IntrinsicElements' exists.
components/settings/model-selector.tsx(362,29): error TS7026: JSX element implicitly has type 'any' because no interface 'JSX.IntrinsicElements' exists.
components/settings/model-selector.tsx(364,25): error TS7026: JSX element implicitly has type 'any' because no interface 'JSX.IntrinsicElements' exists.
components/settings/model-selector.tsx(366,23): error TS7026: JSX element implicitly has type 'any' because no interface 'JSX.IntrinsicElements' exists.
components/settings/model-selector.tsx(371,35): error TS7006: Parameter 'e' implicitly has an 'any' type.
components/settings/model-selector.tsx(392,21): error TS7026: JSX element implicitly has type 'any' because no interface 'JSX.IntrinsicElements' exists.
components/settings/model-selector.tsx(395,23): error TS7026: JSX element implicitly has type 'any' because no interface 'JSX.IntrinsicElements' exists.
components/settings/model-selector.tsx(403,25): error TS7026: JSX element implicitly has type 'any' because no interface 'JSX.IntrinsicElements' exists.
components/settings/model-selector.tsx(410,27): error TS7026: JSX element implicitly has type 'any' because no interface 'JSX.IntrinsicElements' exists.
components/settings/model-selector.tsx(410,80): error TS7026: JSX element implicitly has type 'any' because no interface 'JSX.IntrinsicElements' exists.
components/settings/model-selector.tsx(411,25): error TS7026: JSX element implicitly has type 'any' because no interface 'JSX.IntrinsicElements' exists.
components/settings/model-selector.tsx(412,23): error TS7026: JSX element implicitly has type 'any' because no interface 'JSX.IntrinsicElements' exists.
components/settings/model-selector.tsx(414,19): error TS7026: JSX element implicitly has type 'any' because no interface 'JSX.IntrinsicElements' exists.
components/settings/model-selector.tsx(418,11): error TS7026: JSX element implicitly has type 'any' because no interface 'JSX.IntrinsicElements' exists.
components/settings/model-selector.tsx(419,9): error TS7026: JSX element implicitly has type 'any' because no interface 'JSX.IntrinsicElements' exists.
components/settings/model-selector.tsx(420,7): error TS7026: JSX element implicitly has type 'any' because no interface 'JSX.IntrinsicElements' exists.
components/settings/model-selector.tsx(421,5): error TS7026: JSX element implicitly has type 'any' because no interface 'JSX.IntrinsicElements' exists.
components/settings/pdf-settings.tsx(3,26): error TS2307: Cannot find module 'react' or its corresponding type declarations.
components/settings/pdf-settings.tsx(12,66): error TS2307: Cannot find module 'lucide-react' or its corresponding type declarations.
components/settings/pdf-settings.tsx(40,48): error TS7006: Parameter 'state' implicitly has an 'any' type.
components/settings/pdf-settings.tsx(41,50): error TS7006: Parameter 'state' implicitly has an 'any' type.
components/settings/pdf-settings.tsx(97,5): error TS7026: JSX element implicitly has type 'any' because no interface 'JSX.IntrinsicElements' exists.
components/settings/pdf-settings.tsx(97,5): error TS2875: This JSX tag requires the module path 'react/jsx-runtime' to exist, but none could be found. Make sure you have types for the appropriate package installed.
components/settings/pdf-settings.tsx(100,9): error TS7026: JSX element implicitly has type 'any' because no interface 'JSX.IntrinsicElements' exists.
components/settings/pdf-settings.tsx(102,9): error TS7026: JSX element implicitly has type 'any' because no interface 'JSX.IntrinsicElements' exists.
components/settings/pdf-settings.tsx(108,11): error TS7026: JSX element implicitly has type 'any' because no interface 'JSX.IntrinsicElements' exists.
components/settings/pdf-settings.tsx(111,15): error TS7026: JSX element implicitly has type 'any' because no interface 'JSX.IntrinsicElements' exists.
components/settings/pdf-settings.tsx(113,17): error TS7026: JSX element implicitly has type 'any' because no interface 'JSX.IntrinsicElements' exists.
components/settings/pdf-settings.tsx(114,19): error TS7026: JSX element implicitly has type 'any' because no interface 'JSX.IntrinsicElements' exists.
components/settings/pdf-settings.tsx(128,34): error TS7006: Parameter 'e' implicitly has an 'any' type.
components/settings/pdf-settings.tsx(133,21): error TS7026: JSX element implicitly has type 'any' because no interface 'JSX.IntrinsicElements' exists.
components/settings/pdf-settings.tsx(139,21): error TS7026: JSX element implicitly has type 'any' because no interface 'JSX.IntrinsicElements' exists.
components/settings/pdf-settings.tsx(140,19): error TS7026: JSX element implicitly has type 'any' because no interface 'JSX.IntrinsicElements' exists.
components/settings/pdf-settings.tsx(157,17): error TS7026: JSX element implicitly has type 'any' because no interface 'JSX.IntrinsicElements' exists.
components/settings/pdf-settings.tsx(158,15): error TS7026: JSX element implicitly has type 'any' because no interface 'JSX.IntrinsicElements' exists.
components/settings/pdf-settings.tsx(163,15): error TS7026: JSX element implicitly has type 'any' because no interface 'JSX.IntrinsicElements' exists.
components/settings/pdf-settings.tsx(167,21): error TS7026: JSX element implicitly has type 'any' because no interface 'JSX.IntrinsicElements' exists.
components/settings/pdf-settings.tsx(169,21): error TS7026: JSX element implicitly has type 'any' because no interface 'JSX.IntrinsicElements' exists.
components/settings/pdf-settings.tsx(172,17): error TS7026: JSX element implicitly has type 'any' because no interface 'JSX.IntrinsicElements' exists.
components/settings/pdf-settings.tsx(181,32): error TS7006: Parameter 'e' implicitly has an 'any' type.
components/settings/pdf-settings.tsx(205,17): error TS7026: JSX element implicitly has type 'any' because no interface 'JSX.IntrinsicElements' exists.
components/settings/pdf-settings.tsx(206,15): error TS7026: JSX element implicitly has type 'any' because no interface 'JSX.IntrinsicElements' exists.
components/settings/pdf-settings.tsx(211,15): error TS7026: JSX element implicitly has type 'any' because no interface 'JSX.IntrinsicElements' exists.
components/settings/pdf-settings.tsx(214,19): error TS7026: JSX element implicitly has type 'any' because no interface 'JSX.IntrinsicElements' exists.
components/settings/pdf-settings.tsx(216,19): error TS7026: JSX element implicitly has type 'any' because no interface 'JSX.IntrinsicElements' exists.
components/settings/pdf-settings.tsx(218,17): error TS7026: JSX element implicitly has type 'any' because no interface 'JSX.IntrinsicElements' exists.
components/settings/pdf-settings.tsx(232,32): error TS7006: Parameter 'e' implicitly has an 'any' type.
components/settings/pdf-settings.tsx(237,19): error TS7026: JSX element implicitly has type 'any' because no interface 'JSX.IntrinsicElements' exists.
components/settings/pdf-settings.tsx(243,19): error TS7026: JSX element implicitly has type 'any' because no interface 'JSX.IntrinsicElements' exists.
components/settings/pdf-settings.tsx(244,17): error TS7026: JSX element implicitly has type 'any' because no interface 'JSX.IntrinsicElements' exists.
components/settings/pdf-settings.tsx(245,15): error TS7026: JSX element implicitly has type 'any' because no interface 'JSX.IntrinsicElements' exists.
components/settings/pdf-settings.tsx(247,11): error TS7026: JSX element implicitly has type 'any' because no interface 'JSX.IntrinsicElements' exists.
components/settings/pdf-settings.tsx(251,13): error TS7026: JSX element implicitly has type 'any' because no interface 'JSX.IntrinsicElements' exists.
components/settings/pdf-settings.tsx(260,15): error TS7026: JSX element implicitly has type 'any' because no interface 'JSX.IntrinsicElements' exists.
components/settings/pdf-settings.tsx(263,17): error TS7026: JSX element implicitly has type 'any' because no interface 'JSX.IntrinsicElements' exists.
components/settings/pdf-settings.tsx(263,58): error TS7026: JSX element implicitly has type 'any' because no interface 'JSX.IntrinsicElements' exists.
components/settings/pdf-settings.tsx(264,15): error TS7026: JSX element implicitly has type 'any' because no interface 'JSX.IntrinsicElements' exists.
components/settings/pdf-settings.tsx(265,13): error TS7026: JSX element implicitly has type 'any' because no interface 'JSX.IntrinsicElements' exists.
components/settings/pdf-settings.tsx(273,17): error TS7026: JSX element implicitly has type 'any' because no interface 'JSX.IntrinsicElements' exists.
components/settings/pdf-settings.tsx(275,17): error TS7026: JSX element implicitly has type 'any' because no interface 'JSX.IntrinsicElements' exists.
components/settings/pdf-settings.tsx(281,15): error TS7026: JSX element implicitly has type 'any' because no interface 'JSX.IntrinsicElements' exists.
components/settings/pdf-settings.tsx(283,15): error TS7026: JSX element implicitly has type 'any' because no interface 'JSX.IntrinsicElements' exists.
components/settings/pdf-settings.tsx(290,7): error TS7026: JSX element implicitly has type 'any' because no interface 'JSX.IntrinsicElements' exists.
components/settings/pdf-settings.tsx(292,9): error TS7026: JSX element implicitly has type 'any' because no interface 'JSX.IntrinsicElements' exists.
components/settings/pdf-settings.tsx(299,9): error TS7026: JSX element implicitly has type 'any' because no interface 'JSX.IntrinsicElements' exists.
components/settings/pdf-settings.tsx(300,7): error TS7026: JSX element implicitly has type 'any' because no interface 'JSX.IntrinsicElements' exists.
components/settings/pdf-settings.tsx(301,5): error TS7026: JSX element implicitly has type 'any' because no interface 'JSX.IntrinsicElements' exists.
components/settings/provider-config-panel.tsx(3,50): error TS2307: Cannot find module 'react' or its corresponding type declarations.
components/settings/provider-config-panel.tsx(33,8): error TS2307: Cannot find module 'lucide-react' or its corresponding type declarations.
components/settings/provider-config-panel.tsx(159,5): error TS7026: JSX element implicitly has type 'any' because no interface 'JSX.IntrinsicElements' exists.
components/settings/provider-config-panel.tsx(159,5): error TS2875: This JSX tag requires the module path 'react/jsx-runtime' to exist, but none could be found. Make sure you have types for the appropriate package installed.
components/settings/provider-config-panel.tsx(162,9): error TS7026: JSX element implicitly has type 'any' because no interface 'JSX.IntrinsicElements' exists.
components/settings/provider-config-panel.tsx(164,9): error TS7026: JSX element implicitly has type 'any' because no interface 'JSX.IntrinsicElements' exists.
components/settings/provider-config-panel.tsx(168,7): error TS7026: JSX element implicitly has type 'any' because no interface 'JSX.IntrinsicElements' exists.
components/settings/provider-config-panel.tsx(170,9): error TS7026: JSX element implicitly has type 'any' because no interface 'JSX.IntrinsicElements' exists.
components/settings/provider-config-panel.tsx(171,11): error TS7026: JSX element implicitly has type 'any' because no interface 'JSX.IntrinsicElements' exists.
components/settings/provider-config-panel.tsx(181,26): error TS7006: Parameter 'e' implicitly has an 'any' type.
components/settings/provider-config-panel.tsx(186,13): error TS7026: JSX element implicitly has type 'any' because no interface 'JSX.IntrinsicElements' exists.
components/settings/provider-config-panel.tsx(193,13): error TS7026: JSX element implicitly has type 'any' because no interface 'JSX.IntrinsicElements' exists.
components/settings/provider-config-panel.tsx(194,11): error TS7026: JSX element implicitly has type 'any' because no interface 'JSX.IntrinsicElements' exists.
components/settings/provider-config-panel.tsx(213,9): error TS7026: JSX element implicitly has type 'any' because no interface 'JSX.IntrinsicElements' exists.
components/settings/provider-config-panel.tsx(215,11): error TS7026: JSX element implicitly has type 'any' because no interface 'JSX.IntrinsicElements' exists.
components/settings/provider-config-panel.tsx(222,13): error TS7026: JSX element implicitly has type 'any' because no interface 'JSX.IntrinsicElements' exists.
components/settings/provider-config-panel.tsx(225,15): error TS7026: JSX element implicitly has type 'any' because no interface 'JSX.IntrinsicElements' exists.
components/settings/provider-config-panel.tsx(225,68): error TS7026: JSX element implicitly has type 'any' because no interface 'JSX.IntrinsicElements' exists.
components/settings/provider-config-panel.tsx(226,13): error TS7026: JSX element implicitly has type 'any' because no interface 'JSX.IntrinsicElements' exists.
components/settings/provider-config-panel.tsx(227,11): error TS7026: JSX element implicitly has type 'any' because no interface 'JSX.IntrinsicElements' exists.
components/settings/provider-config-panel.tsx(229,9): error TS7026: JSX element implicitly has type 'any' because no interface 'JSX.IntrinsicElements' exists.
components/settings/provider-config-panel.tsx(233,31): error TS7006: Parameter 'checked' implicitly has an 'any' type.
components/settings/provider-config-panel.tsx(238,11): error TS7026: JSX element implicitly has type 'any' because no interface 'JSX.IntrinsicElements' exists.
components/settings/provider-config-panel.tsx(243,11): error TS7026: JSX element implicitly has type 'any' because no interface 'JSX.IntrinsicElements' exists.
components/settings/provider-config-panel.tsx(244,9): error TS7026: JSX element implicitly has type 'any' because no interface 'JSX.IntrinsicElements' exists.
components/settings/provider-config-panel.tsx(245,7): error TS7026: JSX element implicitly has type 'any' because no interface 'JSX.IntrinsicElements' exists.
components/settings/provider-config-panel.tsx(248,7): error TS7026: JSX element implicitly has type 'any' because no interface 'JSX.IntrinsicElements' exists.
components/settings/provider-config-panel.tsx(259,22): error TS7006: Parameter 'e' implicitly has an 'any' type.
components/settings/provider-config-panel.tsx(264,11): error TS7026: JSX element implicitly has type 'any' because no interface 'JSX.IntrinsicElements' exists.
components/settings/provider-config-panel.tsx(268,17): error TS7026: JSX element implicitly has type 'any' because no interface 'JSX.IntrinsicElements' exists.
components/settings/provider-config-panel.tsx(283,17): error TS7026: JSX element implicitly has type 'any' because no interface 'JSX.IntrinsicElements' exists.
components/settings/provider-config-panel.tsx(286,11): error TS7026: JSX element implicitly has type 'any' because no interface 'JSX.IntrinsicElements' exists.
components/settings/provider-config-panel.tsx(311,13): error TS7026: JSX element implicitly has type 'any' because no interface 'JSX.IntrinsicElements' exists.
components/settings/provider-config-panel.tsx(313,13): error TS7026: JSX element implicitly has type 'any' because no interface 'JSX.IntrinsicElements' exists.
components/settings/provider-config-panel.tsx(316,7): error TS7026: JSX element implicitly has type 'any' because no interface 'JSX.IntrinsicElements' exists.
components/settings/provider-config-panel.tsx(319,7): error TS7026: JSX element implicitly has type 'any' because no interface 'JSX.IntrinsicElements' exists.
components/settings/provider-config-panel.tsx(320,9): error TS7026: JSX element implicitly has type 'any' because no interface 'JSX.IntrinsicElements' exists.
components/settings/provider-config-panel.tsx(322,11): error TS7026: JSX element implicitly has type 'any' because no interface 'JSX.IntrinsicElements' exists.
components/settings/provider-config-panel.tsx(338,11): error TS7026: JSX element implicitly has type 'any' because no interface 'JSX.IntrinsicElements' exists.
components/settings/provider-config-panel.tsx(339,9): error TS7026: JSX element implicitly has type 'any' because no interface 'JSX.IntrinsicElements' exists.
components/settings/provider-config-panel.tsx(340,9): error TS7026: JSX element implicitly has type 'any' because no interface 'JSX.IntrinsicElements' exists.
components/settings/provider-config-panel.tsx(343,15): error TS7026: JSX element implicitly has type 'any' because no interface 'JSX.IntrinsicElements' exists.
components/settings/provider-config-panel.tsx(347,17): error TS7026: JSX element implicitly has type 'any' because no interface 'JSX.IntrinsicElements' exists.
components/settings/provider-config-panel.tsx(348,19): error TS7026: JSX element implicitly has type 'any' because no interface 'JSX.IntrinsicElements' exists.
components/settings/provider-config-panel.tsx(348,85): error TS7026: JSX element implicitly has type 'any' because no interface 'JSX.IntrinsicElements' exists.
components/settings/provider-config-panel.tsx(349,19): error TS7026: JSX element implicitly has type 'any' because no interface 'JSX.IntrinsicElements' exists.
components/settings/provider-config-panel.tsx(351,21): error TS7026: JSX element implicitly has type 'any' because no interface 'JSX.IntrinsicElements' exists.
components/settings/provider-config-panel.tsx(353,25): error TS7026: JSX element implicitly has type 'any' because no interface 'JSX.IntrinsicElements' exists.
components/settings/provider-config-panel.tsx(355,25): error TS7026: JSX element implicitly has type 'any' because no interface 'JSX.IntrinsicElements' exists.
components/settings/provider-config-panel.tsx(358,25): error TS7026: JSX element implicitly has type 'any' because no interface 'JSX.IntrinsicElements' exists.
components/settings/provider-config-panel.tsx(360,25): error TS7026: JSX element implicitly has type 'any' because no interface 'JSX.IntrinsicElements' exists.
components/settings/provider-config-panel.tsx(363,25): error TS7026: JSX element implicitly has type 'any' because no interface 'JSX.IntrinsicElements' exists.
components/settings/provider-config-panel.tsx(365,25): error TS7026: JSX element implicitly has type 'any' because no interface 'JSX.IntrinsicElements' exists.
components/settings/provider-config-panel.tsx(367,21): error TS7026: JSX element implicitly has type 'any' because no interface 'JSX.IntrinsicElements' exists.
components/settings/provider-config-panel.tsx(370,23): error TS7026: JSX element implicitly has type 'any' because no interface 'JSX.IntrinsicElements' exists.
components/settings/provider-config-panel.tsx(372,25): error TS7026: JSX element implicitly has type 'any' because no interface 'JSX.IntrinsicElements' exists.
components/settings/provider-config-panel.tsx(374,25): error TS7026: JSX element implicitly has type 'any' because no interface 'JSX.IntrinsicElements' exists.
components/settings/provider-config-panel.tsx(375,23): error TS7026: JSX element implicitly has type 'any' because no interface 'JSX.IntrinsicElements' exists.
components/settings/provider-config-panel.tsx(379,23): error TS7026: JSX element implicitly has type 'any' because no interface 'JSX.IntrinsicElements' exists.
components/settings/provider-config-panel.tsx(381,25): error TS7026: JSX element implicitly has type 'any' because no interface 'JSX.IntrinsicElements' exists.
components/settings/provider-config-panel.tsx(383,25): error TS7026: JSX element implicitly has type 'any' because no interface 'JSX.IntrinsicElements' exists.
components/settings/provider-config-panel.tsx(384,23): error TS7026: JSX element implicitly has type 'any' because no interface 'JSX.IntrinsicElements' exists.
components/settings/provider-config-panel.tsx(386,19): error TS7026: JSX element implicitly has type 'any' because no interface 'JSX.IntrinsicElements' exists.
components/settings/provider-config-panel.tsx(387,17): error TS7026: JSX element implicitly has type 'any' because no interface 'JSX.IntrinsicElements' exists.
components/settings/provider-config-panel.tsx(390,17): error TS7026: JSX element implicitly has type 'any' because no interface 'JSX.IntrinsicElements' exists.
components/settings/provider-config-panel.tsx(409,17): error TS7026: JSX element implicitly has type 'any' because no interface 'JSX.IntrinsicElements' exists.
components/settings/provider-config-panel.tsx(410,15): error TS7026: JSX element implicitly has type 'any' because no interface 'JSX.IntrinsicElements' exists.
components/settings/provider-config-panel.tsx(413,9): error TS7026: JSX element implicitly has type 'any' because no interface 'JSX.IntrinsicElements' exists.
components/settings/provider-config-panel.tsx(414,7): error TS7026: JSX element implicitly has type 'any' because no interface 'JSX.IntrinsicElements' exists.
components/settings/provider-config-panel.tsx(436,5): error TS7026: JSX element implicitly has type 'any' because no interface 'JSX.IntrinsicElements' exists.
components/settings/provider-list.tsx(4,27): error TS2307: Cannot find module 'lucide-react' or its corresponding type declarations.
components/settings/provider-list.tsx(40,5): error TS7026: JSX element implicitly has type 'any' because no interface 'JSX.IntrinsicElements' exists.
components/settings/provider-list.tsx(40,5): error TS2875: This JSX tag requires the module path 'react/jsx-runtime' to exist, but none could be found. Make sure you have types for the appropriate package installed.
components/settings/provider-list.tsx(41,7): error TS7026: JSX element implicitly has type 'any' because no interface 'JSX.IntrinsicElements' exists.
components/settings/provider-list.tsx(43,11): error TS7026: JSX element implicitly has type 'any' because no interface 'JSX.IntrinsicElements' exists.
components/settings/provider-list.tsx(54,15): error TS7026: JSX element implicitly has type 'any' because no interface 'JSX.IntrinsicElements' exists.
components/settings/provider-list.tsx(61,27): error TS7006: Parameter 'e' implicitly has an 'any' type.
components/settings/provider-list.tsx(68,13): error TS7026: JSX element implicitly has type 'any' because no interface 'JSX.IntrinsicElements' exists.
components/settings/provider-list.tsx(70,13): error TS7026: JSX element implicitly has type 'any' because no interface 'JSX.IntrinsicElements' exists.
components/settings/provider-list.tsx(72,15): error TS7026: JSX element implicitly has type 'any' because no interface 'JSX.IntrinsicElements' exists.
components/settings/provider-list.tsx(74,15): error TS7026: JSX element implicitly has type 'any' because no interface 'JSX.IntrinsicElements' exists.
components/settings/provider-list.tsx(76,11): error TS7026: JSX element implicitly has type 'any' because no interface 'JSX.IntrinsicElements' exists.
components/settings/provider-list.tsx(78,7): error TS7026: JSX element implicitly has type 'any' because no interface 'JSX.IntrinsicElements' exists.
components/settings/provider-list.tsx(81,7): error TS7026: JSX element implicitly has type 'any' because no interface 'JSX.IntrinsicElements' exists.
components/settings/provider-list.tsx(86,7): error TS7026: JSX element implicitly has type 'any' because no interface 'JSX.IntrinsicElements' exists.
components/settings/provider-list.tsx(87,5): error TS7026: JSX element implicitly has type 'any' because no interface 'JSX.IntrinsicElements' exists.
components/settings/tts-settings.tsx(3,37): error TS2307: Cannot find module 'react' or its corresponding type declarations.
components/settings/tts-settings.tsx(21,76): error TS2307: Cannot find module 'lucide-react' or its corresponding type declarations.
components/settings/tts-settings.tsx(23,23): error TS2307: Cannot find module 'sonner' or its corresponding type declarations.
components/settings/tts-settings.tsx(37,38): error TS7006: Parameter 'state' implicitly has an 'any' type.
components/settings/tts-settings.tsx(38,38): error TS7006: Parameter 'state' implicitly has an 'any' type.
components/settings/tts-settings.tsx(39,48): error TS7006: Parameter 'state' implicitly has an 'any' type.
components/settings/tts-settings.tsx(40,50): error TS7006: Parameter 'state' implicitly has an 'any' type.
components/settings/tts-settings.tsx(41,46): error TS7006: Parameter 'state' implicitly has an 'any' type.
components/settings/tts-settings.tsx(42,41): error TS7006: Parameter 'state' implicitly has an 'any' type.
components/settings/tts-settings.tsx(43,53): error TS7006: Parameter 'state' implicitly has an 'any' type.
components/settings/tts-settings.tsx(134,5): error TS7026: JSX element implicitly has type 'any' because no interface 'JSX.IntrinsicElements' exists.
components/settings/tts-settings.tsx(134,5): error TS2875: This JSX tag requires the module path 'react/jsx-runtime' to exist, but none could be found. Make sure you have types for the appropriate package installed.
components/settings/tts-settings.tsx(137,9): error TS7026: JSX element implicitly has type 'any' because no interface 'JSX.IntrinsicElements' exists.
components/settings/tts-settings.tsx(139,9): error TS7026: JSX element implicitly has type 'any' because no interface 'JSX.IntrinsicElements' exists.
components/settings/tts-settings.tsx(145,11): error TS7026: JSX element implicitly has type 'any' because no interface 'JSX.IntrinsicElements' exists.
components/settings/tts-settings.tsx(148,17): error TS7026: JSX element implicitly has type 'any' because no interface 'JSX.IntrinsicElements' exists.
components/settings/tts-settings.tsx(150,19): error TS7026: JSX element implicitly has type 'any' because no interface 'JSX.IntrinsicElements' exists.
components/settings/tts-settings.tsx(164,34): error TS7006: Parameter 'e' implicitly has an 'any' type.
components/settings/tts-settings.tsx(167,21): error TS7026: JSX element implicitly has type 'any' because no interface 'JSX.IntrinsicElements' exists.
components/settings/tts-settings.tsx(173,21): error TS7026: JSX element implicitly has type 'any' because no interface 'JSX.IntrinsicElements' exists.
components/settings/tts-settings.tsx(174,19): error TS7026: JSX element implicitly has type 'any' because no interface 'JSX.IntrinsicElements' exists.
components/settings/tts-settings.tsx(175,17): error TS7026: JSX element implicitly has type 'any' because no interface 'JSX.IntrinsicElements' exists.
components/settings/tts-settings.tsx(176,17): error TS7026: JSX element implicitly has type 'any' because no interface 'JSX.IntrinsicElements' exists.
components/settings/tts-settings.tsx(178,19): error TS7026: JSX element implicitly has type 'any' because no interface 'JSX.IntrinsicElements' exists.
components/settings/tts-settings.tsx(192,34): error TS7006: Parameter 'e' implicitly has an 'any' type.
components/settings/tts-settings.tsx(195,21): error TS7026: JSX element implicitly has type 'any' because no interface 'JSX.IntrinsicElements' exists.
components/settings/tts-settings.tsx(201,21): error TS7026: JSX element implicitly has type 'any' because no interface 'JSX.IntrinsicElements' exists.
components/settings/tts-settings.tsx(202,19): error TS7026: JSX element implicitly has type 'any' because no interface 'JSX.IntrinsicElements' exists.
components/settings/tts-settings.tsx(203,17): error TS7026: JSX element implicitly has type 'any' because no interface 'JSX.IntrinsicElements' exists.
components/settings/tts-settings.tsx(206,15): error TS7026: JSX element implicitly has type 'any' because no interface 'JSX.IntrinsicElements' exists.
components/settings/tts-settings.tsx(208,17): error TS7026: JSX element implicitly has type 'any' because no interface 'JSX.IntrinsicElements' exists.
components/settings/tts-settings.tsx(222,32): error TS7006: Parameter 'e' implicitly has an 'any' type.
components/settings/tts-settings.tsx(229,19): error TS7026: JSX element implicitly has type 'any' because no interface 'JSX.IntrinsicElements' exists.
components/settings/tts-settings.tsx(235,19): error TS7026: JSX element implicitly has type 'any' because no interface 'JSX.IntrinsicElements' exists.
components/settings/tts-settings.tsx(236,17): error TS7026: JSX element implicitly has type 'any' because no interface 'JSX.IntrinsicElements' exists.
components/settings/tts-settings.tsx(237,15): error TS7026: JSX element implicitly has type 'any' because no interface 'JSX.IntrinsicElements' exists.
components/settings/tts-settings.tsx(239,13): error TS7026: JSX element implicitly has type 'any' because no interface 'JSX.IntrinsicElements' exists.
components/settings/tts-settings.tsx(253,28): error TS7006: Parameter 'e' implicitly has an 'any' type.
components/settings/tts-settings.tsx(260,13): error TS7026: JSX element implicitly has type 'any' because no interface 'JSX.IntrinsicElements' exists.
components/settings/tts-settings.tsx(261,11): error TS7026: JSX element implicitly has type 'any' because no interface 'JSX.IntrinsicElements' exists.
components/settings/tts-settings.tsx(294,15): error TS7026: JSX element implicitly has type 'any' because no interface 'JSX.IntrinsicElements' exists.
components/settings/tts-settings.tsx(296,15): error TS7026: JSX element implicitly has type 'any' because no interface 'JSX.IntrinsicElements' exists.
components/settings/tts-settings.tsx(303,7): error TS7026: JSX element implicitly has type 'any' because no interface 'JSX.IntrinsicElements' exists.
components/settings/tts-settings.tsx(305,9): error TS7026: JSX element implicitly has type 'any' because no interface 'JSX.IntrinsicElements' exists.
components/settings/tts-settings.tsx(309,24): error TS7006: Parameter 'e' implicitly has an 'any' type.
components/settings/tts-settings.tsx(331,9): error TS7026: JSX element implicitly has type 'any' because no interface 'JSX.IntrinsicElements' exists.
components/settings/tts-settings.tsx(332,7): error TS7026: JSX element implicitly has type 'any' because no interface 'JSX.IntrinsicElements' exists.
components/settings/tts-settings.tsx(335,9): error TS7026: JSX element implicitly has type 'any' because no interface 'JSX.IntrinsicElements' exists.
components/settings/tts-settings.tsx(344,11): error TS7026: JSX element implicitly has type 'any' because no interface 'JSX.IntrinsicElements' exists.
components/settings/tts-settings.tsx(347,13): error TS7026: JSX element implicitly has type 'any' because no interface 'JSX.IntrinsicElements' exists.
components/settings/tts-settings.tsx(347,66): error TS7026: JSX element implicitly has type 'any' because no interface 'JSX.IntrinsicElements' exists.
components/settings/tts-settings.tsx(348,11): error TS7026: JSX element implicitly has type 'any' because no interface 'JSX.IntrinsicElements' exists.
components/settings/tts-settings.tsx(349,9): error TS7026: JSX element implicitly has type 'any' because no interface 'JSX.IntrinsicElements' exists.
components/settings/tts-settings.tsx(354,9): error TS7026: JSX element implicitly has type 'any' because no interface 'JSX.IntrinsicElements' exists.
components/settings/tts-settings.tsx(356,11): error TS7026: JSX element implicitly has type 'any' because no interface 'JSX.IntrinsicElements' exists.
components/settings/tts-settings.tsx(358,15): error TS7026: JSX element implicitly has type 'any' because no interface 'JSX.IntrinsicElements' exists.
components/settings/tts-settings.tsx(362,17): error TS7026: JSX element implicitly has type 'any' because no interface 'JSX.IntrinsicElements' exists.
components/settings/tts-settings.tsx(364,15): error TS7026: JSX element implicitly has type 'any' because no interface 'JSX.IntrinsicElements' exists.
components/settings/tts-settings.tsx(366,11): error TS7026: JSX element implicitly has type 'any' because no interface 'JSX.IntrinsicElements' exists.
components/settings/tts-settings.tsx(367,11): error TS7026: JSX element implicitly has type 'any' because no interface 'JSX.IntrinsicElements' exists.
components/settings/tts-settings.tsx(369,11): error TS7026: JSX element implicitly has type 'any' because no interface 'JSX.IntrinsicElements' exists.
components/settings/tts-settings.tsx(370,9): error TS7026: JSX element implicitly has type 'any' because no interface 'JSX.IntrinsicElements' exists.
components/settings/tts-settings.tsx(375,9): error TS7026: JSX element implicitly has type 'any' because no interface 'JSX.IntrinsicElements' exists.
components/settings/tts-settings.tsx(379,13): error TS7026: JSX element implicitly has type 'any' because no interface 'JSX.IntrinsicElements' exists.
components/settings/tts-settings.tsx(381,15): error TS7026: JSX element implicitly has type 'any' because no interface 'JSX.IntrinsicElements' exists.
components/settings/tts-settings.tsx(382,17): error TS7026: JSX element implicitly has type 'any' because no interface 'JSX.IntrinsicElements' exists.
components/settings/tts-settings.tsx(384,17): error TS7026: JSX element implicitly has type 'any' because no interface 'JSX.IntrinsicElements' exists.
components/settings/tts-settings.tsx(385,17): error TS7026: JSX element implicitly has type 'any' because no interface 'JSX.IntrinsicElements' exists.
components/settings/tts-settings.tsx(387,17): error TS7026: JSX element implicitly has type 'any' because no interface 'JSX.IntrinsicElements' exists.
components/settings/tts-settings.tsx(388,17): error TS7026: JSX element implicitly has type 'any' because no interface 'JSX.IntrinsicElements' exists.
components/settings/tts-settings.tsx(389,15): error TS7026: JSX element implicitly has type 'any' because no interface 'JSX.IntrinsicElements' exists.
components/settings/tts-settings.tsx(397,17): error TS7026: JSX element implicitly has type 'any' because no interface 'JSX.IntrinsicElements' exists.
components/settings/tts-settings.tsx(404,19): error TS7026: JSX element implicitly has type 'any' because no interface 'JSX.IntrinsicElements' exists.
components/settings/tts-settings.tsx(406,19): error TS7026: JSX element implicitly has type 'any' because no interface 'JSX.IntrinsicElements' exists.
components/settings/tts-settings.tsx(407,19): error TS7026: JSX element implicitly has type 'any' because no interface 'JSX.IntrinsicElements' exists.
components/settings/tts-settings.tsx(407,90): error TS7026: JSX element implicitly has type 'any' because no interface 'JSX.IntrinsicElements' exists.
components/settings/tts-settings.tsx(427,17): error TS7026: JSX element implicitly has type 'any' because no interface 'JSX.IntrinsicElements' exists.
components/settings/tts-settings.tsx(429,13): error TS7026: JSX element implicitly has type 'any' because no interface 'JSX.IntrinsicElements' exists.
components/settings/tts-settings.tsx(431,13): error TS7026: JSX element implicitly has type 'any' because no interface 'JSX.IntrinsicElements' exists.
components/settings/tts-settings.tsx(431,97): error TS7026: JSX element implicitly has type 'any' because no interface 'JSX.IntrinsicElements' exists.
components/settings/tts-settings.tsx(454,9): error TS7026: JSX element implicitly has type 'any' because no interface 'JSX.IntrinsicElements' exists.
components/settings/tts-settings.tsx(459,9): error TS7026: JSX element implicitly has type 'any' because no interface 'JSX.IntrinsicElements' exists.
components/settings/tts-settings.tsx(463,9): error TS7026: JSX element implicitly has type 'any' because no interface 'JSX.IntrinsicElements' exists.
components/settings/tts-settings.tsx(469,24): error TS7006: Parameter 'open' implicitly has an 'any' type.
components/settings/tts-settings.tsx(489,5): error TS7026: JSX element implicitly has type 'any' because no interface 'JSX.IntrinsicElements' exists.
components/settings/tts-settings.tsx(516,5): error TS7026: JSX element implicitly has type 'any' because no interface 'JSX.IntrinsicElements' exists.
components/settings/tts-settings.tsx(519,20): error TS7006: Parameter 'e' implicitly has an 'any' type.
components/settings/tts-settings.tsx(520,21): error TS7006: Parameter 'e' implicitly has an 'any' type.
components/settings/tts-settings.tsx(526,20): error TS7006: Parameter 'e' implicitly has an 'any' type.
components/settings/tts-settings.tsx(527,21): error TS7006: Parameter 'e' implicitly has an 'any' type.
components/settings/tts-settings.tsx(541,5): error TS7026: JSX element implicitly has type 'any' because no interface 'JSX.IntrinsicElements' exists.
components/settings/video-settings.tsx(3,48): error TS2307: Cannot find module 'react' or its corresponding type declarations.
components/settings/video-settings.tsx(21,8): error TS2307: Cannot find module 'lucide-react' or its corresponding type declarations.
components/settings/video-settings.tsx(32,42): error TS7006: Parameter 'state' implicitly has an 'any' type.
components/settings/video-settings.tsx(33,50): error TS7006: Parameter 'state' implicitly has an 'any' type.
components/settings/video-settings.tsx(34,52): error TS7006: Parameter 'state' implicitly has an 'any' type.
components/settings/video-settings.tsx(135,50): error TS7006: Parameter '_' implicitly has an 'any' type.
components/settings/video-settings.tsx(135,53): error TS7006: Parameter 'i' implicitly has an 'any' type.
components/settings/video-settings.tsx(142,5): error TS7026: JSX element implicitly has type 'any' because no interface 'JSX.IntrinsicElements' exists.
components/settings/video-settings.tsx(142,5): error TS2875: This JSX tag requires the module path 'react/jsx-runtime' to exist, but none could be found. Make sure you have types for the appropriate package installed.
components/settings/video-settings.tsx(145,9): error TS7026: JSX element implicitly has type 'any' because no interface 'JSX.IntrinsicElements' exists.
components/settings/video-settings.tsx(147,9): error TS7026: JSX element implicitly has type 'any' because no interface 'JSX.IntrinsicElements' exists.
components/settings/video-settings.tsx(151,7): error TS7026: JSX element implicitly has type 'any' because no interface 'JSX.IntrinsicElements' exists.
components/settings/video-settings.tsx(153,9): error TS7026: JSX element implicitly has type 'any' because no interface 'JSX.IntrinsicElements' exists.
components/settings/video-settings.tsx(154,11): error TS7026: JSX element implicitly has type 'any' because no interface 'JSX.IntrinsicElements' exists.
components/settings/video-settings.tsx(170,26): error TS7006: Parameter 'e' implicitly has an 'any' type.
components/settings/video-settings.tsx(173,13): error TS7026: JSX element implicitly has type 'any' because no interface 'JSX.IntrinsicElements' exists.
components/settings/video-settings.tsx(179,13): error TS7026: JSX element implicitly has type 'any' because no interface 'JSX.IntrinsicElements' exists.
components/settings/video-settings.tsx(180,11): error TS7026: JSX element implicitly has type 'any' because no interface 'JSX.IntrinsicElements' exists.
components/settings/video-settings.tsx(197,9): error TS7026: JSX element implicitly has type 'any' because no interface 'JSX.IntrinsicElements' exists.
components/settings/video-settings.tsx(199,11): error TS7026: JSX element implicitly has type 'any' because no interface 'JSX.IntrinsicElements' exists.
components/settings/video-settings.tsx(208,13): error TS7026: JSX element implicitly has type 'any' because no interface 'JSX.IntrinsicElements' exists.
components/settings/video-settings.tsx(211,15): error TS7026: JSX element implicitly has type 'any' because no interface 'JSX.IntrinsicElements' exists.
components/settings/video-settings.tsx(211,68): error TS7026: JSX element implicitly has type 'any' because no interface 'JSX.IntrinsicElements' exists.
components/settings/video-settings.tsx(212,13): error TS7026: JSX element implicitly has type 'any' because no interface 'JSX.IntrinsicElements' exists.
components/settings/video-settings.tsx(213,11): error TS7026: JSX element implicitly has type 'any' because no interface 'JSX.IntrinsicElements' exists.
components/settings/video-settings.tsx(215,7): error TS7026: JSX element implicitly has type 'any' because no interface 'JSX.IntrinsicElements' exists.
components/settings/video-settings.tsx(218,7): error TS7026: JSX element implicitly has type 'any' because no interface 'JSX.IntrinsicElements' exists.
components/settings/video-settings.tsx(228,22): error TS7006: Parameter 'e' implicitly has an 'any' type.
components/settings/video-settings.tsx(244,13): error TS7026: JSX element implicitly has type 'any' because no interface 'JSX.IntrinsicElements' exists.
components/settings/video-settings.tsx(246,13): error TS7026: JSX element implicitly has type 'any' because no interface 'JSX.IntrinsicElements' exists.
components/settings/video-settings.tsx(249,7): error TS7026: JSX element implicitly has type 'any' because no interface 'JSX.IntrinsicElements' exists.
components/settings/video-settings.tsx(252,7): error TS7026: JSX element implicitly has type 'any' because no interface 'JSX.IntrinsicElements' exists.
components/settings/video-settings.tsx(253,9): error TS7026: JSX element implicitly has type 'any' because no interface 'JSX.IntrinsicElements' exists.
components/settings/video-settings.tsx(259,9): error TS7026: JSX element implicitly has type 'any' because no interface 'JSX.IntrinsicElements' exists.
components/settings/video-settings.tsx(261,9): error TS7026: JSX element implicitly has type 'any' because no interface 'JSX.IntrinsicElements' exists.
components/settings/video-settings.tsx(264,13): error TS7026: JSX element implicitly has type 'any' because no interface 'JSX.IntrinsicElements' exists.
components/settings/video-settings.tsx(268,15): error TS7026: JSX element implicitly has type 'any' because no interface 'JSX.IntrinsicElements' exists.
components/settings/video-settings.tsx(269,17): error TS7026: JSX element implicitly has type 'any' because no interface 'JSX.IntrinsicElements' exists.
components/settings/video-settings.tsx(269,76): error TS7026: JSX element implicitly has type 'any' because no interface 'JSX.IntrinsicElements' exists.
components/settings/video-settings.tsx(270,17): error TS7026: JSX element implicitly has type 'any' because no interface 'JSX.IntrinsicElements' exists.
components/settings/video-settings.tsx(270,91): error TS7026: JSX element implicitly has type 'any' because no interface 'JSX.IntrinsicElements' exists.
components/settings/video-settings.tsx(271,15): error TS7026: JSX element implicitly has type 'any' because no interface 'JSX.IntrinsicElements' exists.
components/settings/video-settings.tsx(272,13): error TS7026: JSX element implicitly has type 'any' because no interface 'JSX.IntrinsicElements' exists.
components/settings/video-settings.tsx(276,30): error TS7006: Parameter 'model' implicitly has an 'any' type.
components/settings/video-settings.tsx(276,37): error TS7006: Parameter 'index' implicitly has an 'any' type.
components/settings/video-settings.tsx(277,13): error TS7026: JSX element implicitly has type 'any' because no interface 'JSX.IntrinsicElements' exists.
components/settings/video-settings.tsx(281,15): error TS7026: JSX element implicitly has type 'any' because no interface 'JSX.IntrinsicElements' exists.
components/settings/video-settings.tsx(282,17): error TS7026: JSX element implicitly has type 'any' because no interface 'JSX.IntrinsicElements' exists.
components/settings/video-settings.tsx(282,76): error TS7026: JSX element implicitly has type 'any' because no interface 'JSX.IntrinsicElements' exists.
components/settings/video-settings.tsx(283,17): error TS7026: JSX element implicitly has type 'any' because no interface 'JSX.IntrinsicElements' exists.
components/settings/video-settings.tsx(283,91): error TS7026: JSX element implicitly has type 'any' because no interface 'JSX.IntrinsicElements' exists.
components/settings/video-settings.tsx(284,15): error TS7026: JSX element implicitly has type 'any' because no interface 'JSX.IntrinsicElements' exists.
components/settings/video-settings.tsx(285,15): error TS7026: JSX element implicitly has type 'any' because no interface 'JSX.IntrinsicElements' exists.
components/settings/video-settings.tsx(304,15): error TS7026: JSX element implicitly has type 'any' because no interface 'JSX.IntrinsicElements' exists.
components/settings/video-settings.tsx(305,13): error TS7026: JSX element implicitly has type 'any' because no interface 'JSX.IntrinsicElements' exists.
components/settings/video-settings.tsx(307,9): error TS7026: JSX element implicitly has type 'any' because no interface 'JSX.IntrinsicElements' exists.
components/settings/video-settings.tsx(308,7): error TS7026: JSX element implicitly has type 'any' because no interface 'JSX.IntrinsicElements' exists.
components/settings/video-settings.tsx(319,11): error TS7026: JSX element implicitly has type 'any' because no interface 'JSX.IntrinsicElements' exists.
components/settings/video-settings.tsx(320,13): error TS7026: JSX element implicitly has type 'any' because no interface 'JSX.IntrinsicElements' exists.
components/settings/video-settings.tsx(324,28): error TS7006: Parameter 'e' implicitly has an 'any' type.
components/settings/video-settings.tsx(324,48): error TS7006: Parameter 'prev' implicitly has an 'any' type.
components/settings/video-settings.tsx(328,13): error TS7026: JSX element implicitly has type 'any' because no interface 'JSX.IntrinsicElements' exists.
components/settings/video-settings.tsx(329,13): error TS7026: JSX element implicitly has type 'any' because no interface 'JSX.IntrinsicElements' exists.
components/settings/video-settings.tsx(333,28): error TS7006: Parameter 'e' implicitly has an 'any' type.
components/settings/video-settings.tsx(333,48): error TS7006: Parameter 'prev' implicitly has an 'any' type.
components/settings/video-settings.tsx(337,13): error TS7026: JSX element implicitly has type 'any' because no interface 'JSX.IntrinsicElements' exists.
components/settings/video-settings.tsx(338,13): error TS7026: JSX element implicitly has type 'any' because no interface 'JSX.IntrinsicElements' exists.
components/settings/video-settings.tsx(345,13): error TS7026: JSX element implicitly has type 'any' because no interface 'JSX.IntrinsicElements' exists.
components/settings/video-settings.tsx(346,11): error TS7026: JSX element implicitly has type 'any' because no interface 'JSX.IntrinsicElements' exists.
components/settings/video-settings.tsx(349,5): error TS7026: JSX element implicitly has type 'any' because no interface 'JSX.IntrinsicElements' exists.
components/settings/web-search-settings.tsx(3,26): error TS2307: Cannot find module 'react' or its corresponding type declarations.
components/settings/web-search-settings.tsx(10,29): error TS2307: Cannot find module 'lucide-react' or its corresponding type declarations.
components/settings/web-search-settings.tsx(20,54): error TS7006: Parameter 'state' implicitly has an 'any' type.
components/settings/web-search-settings.tsx(21,56): error TS7006: Parameter 'state' implicitly has an 'any' type.
components/settings/web-search-settings.tsx(34,5): error TS7026: JSX element implicitly has type 'any' because no interface 'JSX.IntrinsicElements' exists.
components/settings/web-search-settings.tsx(34,5): error TS2875: This JSX tag requires the module path 'react/jsx-runtime' to exist, but none could be found. Make sure you have types for the appropriate package installed.
components/settings/web-search-settings.tsx(37,9): error TS7026: JSX element implicitly has type 'any' because no interface 'JSX.IntrinsicElements' exists.
components/settings/web-search-settings.tsx(39,9): error TS7026: JSX element implicitly has type 'any' because no interface 'JSX.IntrinsicElements' exists.
components/settings/web-search-settings.tsx(45,11): error TS7026: JSX element implicitly has type 'any' because no interface 'JSX.IntrinsicElements' exists.
components/settings/web-search-settings.tsx(46,13): error TS7026: JSX element implicitly has type 'any' because no interface 'JSX.IntrinsicElements' exists.
components/settings/web-search-settings.tsx(48,15): error TS7026: JSX element implicitly has type 'any' because no interface 'JSX.IntrinsicElements' exists.
components/settings/web-search-settings.tsx(60,30): error TS7006: Parameter 'e' implicitly has an 'any' type.
components/settings/web-search-settings.tsx(67,17): error TS7026: JSX element implicitly has type 'any' because no interface 'JSX.IntrinsicElements' exists.
components/settings/web-search-settings.tsx(73,17): error TS7026: JSX element implicitly has type 'any' because no interface 'JSX.IntrinsicElements' exists.
components/settings/web-search-settings.tsx(74,15): error TS7026: JSX element implicitly has type 'any' because no interface 'JSX.IntrinsicElements' exists.
components/settings/web-search-settings.tsx(75,15): error TS7026: JSX element implicitly has type 'any' because no interface 'JSX.IntrinsicElements' exists.
components/settings/web-search-settings.tsx(75,95): error TS7026: JSX element implicitly has type 'any' because no interface 'JSX.IntrinsicElements' exists.
components/settings/web-search-settings.tsx(76,13): error TS7026: JSX element implicitly has type 'any' because no interface 'JSX.IntrinsicElements' exists.
components/settings/web-search-settings.tsx(78,13): error TS7026: JSX element implicitly has type 'any' because no interface 'JSX.IntrinsicElements' exists.
components/settings/web-search-settings.tsx(88,28): error TS7006: Parameter 'e' implicitly has an 'any' type.
components/settings/web-search-settings.tsx(95,13): error TS7026: JSX element implicitly has type 'any' because no interface 'JSX.IntrinsicElements' exists.
components/settings/web-search-settings.tsx(96,11): error TS7026: JSX element implicitly has type 'any' because no interface 'JSX.IntrinsicElements' exists.
components/settings/web-search-settings.tsx(107,15): error TS7026: JSX element implicitly has type 'any' because no interface 'JSX.IntrinsicElements' exists.
components/settings/web-search-settings.tsx(109,15): error TS7026: JSX element implicitly has type 'any' because no interface 'JSX.IntrinsicElements' exists.
components/settings/web-search-settings.tsx(114,5): error TS7026: JSX element implicitly has type 'any' because no interface 'JSX.IntrinsicElements' exists.
components/slide-renderer/components/element/ChartElement/BaseChartElement.tsx(17,5): error TS7026: JSX element implicitly has type 'any' because no interface 'JSX.IntrinsicElements' exists.
components/slide-renderer/components/element/ChartElement/BaseChartElement.tsx(17,5): error TS2875: This JSX tag requires the module path 'react/jsx-runtime' to exist, but none could be found. Make sure you have types for the appropriate package installed.
components/slide-renderer/components/element/ChartElement/BaseChartElement.tsx(26,7): error TS7026: JSX element implicitly has type 'any' because no interface 'JSX.IntrinsicElements' exists.
components/slide-renderer/components/element/ChartElement/BaseChartElement.tsx(30,9): error TS7026: JSX element implicitly has type 'any' because no interface 'JSX.IntrinsicElements' exists.
components/slide-renderer/components/element/ChartElement/BaseChartElement.tsx(51,9): error TS7026: JSX element implicitly has type 'any' because no interface 'JSX.IntrinsicElements' exists.
components/slide-renderer/components/element/ChartElement/BaseChartElement.tsx(52,7): error TS7026: JSX element implicitly has type 'any' because no interface 'JSX.IntrinsicElements' exists.
components/slide-renderer/components/element/ChartElement/BaseChartElement.tsx(53,5): error TS7026: JSX element implicitly has type 'any' because no interface 'JSX.IntrinsicElements' exists.
components/slide-renderer/components/element/ChartElement/Chart.tsx(3,44): error TS2307: Cannot find module 'react' or its corresponding type declarations.
components/slide-renderer/components/element/ChartElement/Chart.tsx(4,23): error TS2307: Cannot find module 'tinycolor2' or its corresponding type declarations.
components/slide-renderer/components/element/ChartElement/Chart.tsx(8,26): error TS2307: Cannot find module 'echarts/core' or its corresponding type declarations.
components/slide-renderer/components/element/ChartElement/Chart.tsx(9,73): error TS2307: Cannot find module 'echarts/charts' or its corresponding type declarations.
components/slide-renderer/components/element/ChartElement/Chart.tsx(10,33): error TS2307: Cannot find module 'echarts/components' or its corresponding type declarations.
components/slide-renderer/components/element/ChartElement/Chart.tsx(11,29): error TS2307: Cannot find module 'echarts/renderers' or its corresponding type declarations.
components/slide-renderer/components/element/ChartElement/Chart.tsx(55,15): error TS7006: Parameter 'color' implicitly has an 'any' type.
components/slide-renderer/components/element/ChartElement/Chart.tsx(60,15): error TS7006: Parameter 'color' implicitly has an 'any' type.
components/slide-renderer/components/element/ChartElement/Chart.tsx(114,10): error TS2875: This JSX tag requires the module path 'react/jsx-runtime' to exist, but none could be found. Make sure you have types for the appropriate package installed.
components/slide-renderer/components/element/ChartElement/Chart.tsx(114,10): error TS7026: JSX element implicitly has type 'any' because no interface 'JSX.IntrinsicElements' exists.
components/slide-renderer/components/element/ChartElement/chartOption.ts(1,36): error TS2307: Cannot find module 'echarts/core' or its corresponding type declarations.
components/slide-renderer/components/element/ChartElement/chartOption.ts(8,8): error TS2307: Cannot find module 'echarts/charts' or its corresponding type declarations.
components/slide-renderer/components/element/ChartElement/index.tsx(11,23): error TS2503: Cannot find namespace 'React'.
components/slide-renderer/components/element/ChartElement/index.tsx(11,42): error TS2503: Cannot find namespace 'React'.
components/slide-renderer/components/element/ChartElement/index.tsx(19,35): error TS2503: Cannot find namespace 'React'.
components/slide-renderer/components/element/ChartElement/index.tsx(19,54): error TS2503: Cannot find namespace 'React'.
components/slide-renderer/components/element/ChartElement/index.tsx(26,5): error TS7026: JSX element implicitly has type 'any' because no interface 'JSX.IntrinsicElements' exists.
components/slide-renderer/components/element/ChartElement/index.tsx(26,5): error TS2875: This JSX tag requires the module path 'react/jsx-runtime' to exist, but none could be found. Make sure you have types for the appropriate package installed.
components/slide-renderer/components/element/ChartElement/index.tsx(35,7): error TS7026: JSX element implicitly has type 'any' because no interface 'JSX.IntrinsicElements' exists.
components/slide-renderer/components/element/ChartElement/index.tsx(39,9): error TS7026: JSX element implicitly has type 'any' because no interface 'JSX.IntrinsicElements' exists.
components/slide-renderer/components/element/ChartElement/index.tsx(64,9): error TS7026: JSX element implicitly has type 'any' because no interface 'JSX.IntrinsicElements' exists.
components/slide-renderer/components/element/ChartElement/index.tsx(65,7): error TS7026: JSX element implicitly has type 'any' because no interface 'JSX.IntrinsicElements' exists.
components/slide-renderer/components/element/ChartElement/index.tsx(66,5): error TS7026: JSX element implicitly has type 'any' because no interface 'JSX.IntrinsicElements' exists.
components/slide-renderer/components/element/CodeElement/BaseCodeElement.tsx(3,67): error TS2307: Cannot find module 'react' or its corresponding type declarations.
components/slide-renderer/components/element/CodeElement/BaseCodeElement.tsx(4,41): error TS2307: Cannot find module 'motion/react' or its corresponding type declarations.
components/slide-renderer/components/element/CodeElement/BaseCodeElement.tsx(14,33): error TS2307: Cannot find module 'shiki' or its corresponding type declarations.
components/slide-renderer/components/element/CodeElement/BaseCodeElement.tsx(175,5): error TS7026: JSX element implicitly has type 'any' because no interface 'JSX.IntrinsicElements' exists.
components/slide-renderer/components/element/CodeElement/BaseCodeElement.tsx(175,5): error TS2875: This JSX tag requires the module path 'react/jsx-runtime' to exist, but none could be found. Make sure you have types for the appropriate package installed.
components/slide-renderer/components/element/CodeElement/BaseCodeElement.tsx(176,7): error TS7026: JSX element implicitly has type 'any' because no interface 'JSX.IntrinsicElements' exists.
components/slide-renderer/components/element/CodeElement/BaseCodeElement.tsx(183,9): error TS7026: JSX element implicitly has type 'any' because no interface 'JSX.IntrinsicElements' exists.
components/slide-renderer/components/element/CodeElement/BaseCodeElement.tsx(192,5): error TS7026: JSX element implicitly has type 'any' because no interface 'JSX.IntrinsicElements' exists.
components/slide-renderer/components/element/CodeElement/BaseCodeElement.tsx(300,20): error TS2503: Cannot find namespace 'React'.
components/slide-renderer/components/element/CodeElement/BaseCodeElement.tsx(302,19): error TS7026: JSX element implicitly has type 'any' because no interface 'JSX.IntrinsicElements' exists.
components/slide-renderer/components/element/CodeElement/BaseCodeElement.tsx(313,19): error TS7026: JSX element implicitly has type 'any' because no interface 'JSX.IntrinsicElements' exists.
components/slide-renderer/components/element/CodeElement/BaseCodeElement.tsx(347,9): error TS7026: JSX element implicitly has type 'any' because no interface 'JSX.IntrinsicElements' exists.
components/slide-renderer/components/element/CodeElement/BaseCodeElement.tsx(356,9): error TS7026: JSX element implicitly has type 'any' because no interface 'JSX.IntrinsicElements' exists.
components/slide-renderer/components/element/CodeElement/BaseCodeElement.tsx(358,7): error TS7026: JSX element implicitly has type 'any' because no interface 'JSX.IntrinsicElements' exists.
components/slide-renderer/components/element/CodeElement/BaseCodeElement.tsx(360,7): error TS7026: JSX element implicitly has type 'any' because no interface 'JSX.IntrinsicElements' exists.
components/slide-renderer/components/element/CodeElement/BaseCodeElement.tsx(416,59): error TS7006: Parameter 'l' implicitly has an 'any' type.
components/slide-renderer/components/element/CodeElement/BaseCodeElement.tsx(425,51): error TS7006: Parameter 'p' implicitly has an 'any' type.
components/slide-renderer/components/element/CodeElement/BaseCodeElement.tsx(495,5): error TS7026: JSX element implicitly has type 'any' because no interface 'JSX.IntrinsicElements' exists.
components/slide-renderer/components/element/CodeElement/BaseCodeElement.tsx(504,7): error TS7026: JSX element implicitly has type 'any' because no interface 'JSX.IntrinsicElements' exists.
components/slide-renderer/components/element/CodeElement/BaseCodeElement.tsx(508,9): error TS7026: JSX element implicitly has type 'any' because no interface 'JSX.IntrinsicElements' exists.
components/slide-renderer/components/element/CodeElement/BaseCodeElement.tsx(513,11): error TS7026: JSX element implicitly has type 'any' because no interface 'JSX.IntrinsicElements' exists.
components/slide-renderer/components/element/CodeElement/BaseCodeElement.tsx(515,9): error TS7026: JSX element implicitly has type 'any' because no interface 'JSX.IntrinsicElements' exists.
components/slide-renderer/components/element/CodeElement/BaseCodeElement.tsx(528,11): error TS7026: JSX element implicitly has type 'any' because no interface 'JSX.IntrinsicElements' exists.
components/slide-renderer/components/element/CodeElement/BaseCodeElement.tsx(536,13): error TS7026: JSX element implicitly has type 'any' because no interface 'JSX.IntrinsicElements' exists.
components/slide-renderer/components/element/CodeElement/BaseCodeElement.tsx(537,15): error TS7026: JSX element implicitly has type 'any' because no interface 'JSX.IntrinsicElements' exists.
components/slide-renderer/components/element/CodeElement/BaseCodeElement.tsx(538,17): error TS7026: JSX element implicitly has type 'any' because no interface 'JSX.IntrinsicElements' exists.
components/slide-renderer/components/element/CodeElement/BaseCodeElement.tsx(539,17): error TS7026: JSX element implicitly has type 'any' because no interface 'JSX.IntrinsicElements' exists.
components/slide-renderer/components/element/CodeElement/BaseCodeElement.tsx(540,17): error TS7026: JSX element implicitly has type 'any' because no interface 'JSX.IntrinsicElements' exists.
components/slide-renderer/components/element/CodeElement/BaseCodeElement.tsx(541,15): error TS7026: JSX element implicitly has type 'any' because no interface 'JSX.IntrinsicElements' exists.
components/slide-renderer/components/element/CodeElement/BaseCodeElement.tsx(543,17): error TS7026: JSX element implicitly has type 'any' because no interface 'JSX.IntrinsicElements' exists.
components/slide-renderer/components/element/CodeElement/BaseCodeElement.tsx(552,17): error TS7026: JSX element implicitly has type 'any' because no interface 'JSX.IntrinsicElements' exists.
components/slide-renderer/components/element/CodeElement/BaseCodeElement.tsx(554,13): error TS7026: JSX element implicitly has type 'any' because no interface 'JSX.IntrinsicElements' exists.
components/slide-renderer/components/element/CodeElement/BaseCodeElement.tsx(555,13): error TS7026: JSX element implicitly has type 'any' because no interface 'JSX.IntrinsicElements' exists.
components/slide-renderer/components/element/CodeElement/BaseCodeElement.tsx(565,13): error TS7026: JSX element implicitly has type 'any' because no interface 'JSX.IntrinsicElements' exists.
components/slide-renderer/components/element/CodeElement/BaseCodeElement.tsx(566,11): error TS7026: JSX element implicitly has type 'any' because no interface 'JSX.IntrinsicElements' exists.
components/slide-renderer/components/element/CodeElement/BaseCodeElement.tsx(569,11): error TS7026: JSX element implicitly has type 'any' because no interface 'JSX.IntrinsicElements' exists.
components/slide-renderer/components/element/CodeElement/BaseCodeElement.tsx(578,33): error TS7006: Parameter 'lineData' implicitly has an 'any' type.
components/slide-renderer/components/element/CodeElement/BaseCodeElement.tsx(578,43): error TS7006: Parameter 'index' implicitly has an 'any' type.
components/slide-renderer/components/element/CodeElement/BaseCodeElement.tsx(583,21): error TS2322: Type '{ key: string; line: CodeLine; lineNumber: any; highlightedHtml: any; showLineNumbers: boolean; animState: any; animate: boolean; typingDelay: any; }' is not assignable to type '{ line: CodeLine; lineNumber: number; highlightedHtml: string; showLineNumbers: boolean; animState?: LineAnimationState | undefined; animate: boolean; typingDelay: number; }'.
  Property 'key' does not exist on type '{ line: CodeLine; lineNumber: number; highlightedHtml: string; showLineNumbers: boolean; animState?: LineAnimationState | undefined; animate: boolean; typingDelay: number; }'.
components/slide-renderer/components/element/CodeElement/BaseCodeElement.tsx(595,11): error TS7026: JSX element implicitly has type 'any' because no interface 'JSX.IntrinsicElements' exists.
components/slide-renderer/components/element/CodeElement/BaseCodeElement.tsx(596,9): error TS7026: JSX element implicitly has type 'any' because no interface 'JSX.IntrinsicElements' exists.
components/slide-renderer/components/element/CodeElement/BaseCodeElement.tsx(597,7): error TS7026: JSX element implicitly has type 'any' because no interface 'JSX.IntrinsicElements' exists.
components/slide-renderer/components/element/CodeElement/BaseCodeElement.tsx(598,5): error TS7026: JSX element implicitly has type 'any' because no interface 'JSX.IntrinsicElements' exists.
components/slide-renderer/components/element/ElementOutline.tsx(22,5): error TS7026: JSX element implicitly has type 'any' because no interface 'JSX.IntrinsicElements' exists.
components/slide-renderer/components/element/ElementOutline.tsx(22,5): error TS2875: This JSX tag requires the module path 'react/jsx-runtime' to exist, but none could be found. Make sure you have types for the appropriate package installed.
components/slide-renderer/components/element/ElementOutline.tsx(27,7): error TS7026: JSX element implicitly has type 'any' because no interface 'JSX.IntrinsicElements' exists.
components/slide-renderer/components/element/ElementOutline.tsx(37,5): error TS7026: JSX element implicitly has type 'any' because no interface 'JSX.IntrinsicElements' exists.
components/slide-renderer/components/element/hooks/useElementFill.ts(1,25): error TS2307: Cannot find module 'react' or its corresponding type declarations.
components/slide-renderer/components/element/hooks/useElementFlip.ts(1,25): error TS2307: Cannot find module 'react' or its corresponding type declarations.
components/slide-renderer/components/element/hooks/useElementOutline.ts(1,25): error TS2307: Cannot find module 'react' or its corresponding type declarations.
components/slide-renderer/components/element/hooks/useElementShadow.ts(1,25): error TS2307: Cannot find module 'react' or its corresponding type declarations.
components/slide-renderer/components/element/ImageElement/BaseImageElement.tsx(13,62): error TS2307: Cannot find module 'lucide-react' or its corresponding type declarations.
components/slide-renderer/components/element/ImageElement/BaseImageElement.tsx(34,41): error TS7006: Parameter 's' implicitly has an 'any' type.
components/slide-renderer/components/element/ImageElement/BaseImageElement.tsx(42,52): error TS7006: Parameter 's' implicitly has an 'any' type.
components/slide-renderer/components/element/ImageElement/BaseImageElement.tsx(53,5): error TS7026: JSX element implicitly has type 'any' because no interface 'JSX.IntrinsicElements' exists.
components/slide-renderer/components/element/ImageElement/BaseImageElement.tsx(53,5): error TS2875: This JSX tag requires the module path 'react/jsx-runtime' to exist, but none could be found. Make sure you have types for the appropriate package installed.
components/slide-renderer/components/element/ImageElement/BaseImageElement.tsx(62,7): error TS7026: JSX element implicitly has type 'any' because no interface 'JSX.IntrinsicElements' exists.
components/slide-renderer/components/element/ImageElement/BaseImageElement.tsx(63,9): error TS7026: JSX element implicitly has type 'any' because no interface 'JSX.IntrinsicElements' exists.
components/slide-renderer/components/element/ImageElement/BaseImageElement.tsx(72,11): error TS7026: JSX element implicitly has type 'any' because no interface 'JSX.IntrinsicElements' exists.
components/slide-renderer/components/element/ImageElement/BaseImageElement.tsx(77,15): error TS7026: JSX element implicitly has type 'any' because no interface 'JSX.IntrinsicElements' exists.
components/slide-renderer/components/element/ImageElement/BaseImageElement.tsx(78,17): error TS7026: JSX element implicitly has type 'any' because no interface 'JSX.IntrinsicElements' exists.
components/slide-renderer/components/element/ImageElement/BaseImageElement.tsx(80,19): error TS7026: JSX element implicitly has type 'any' because no interface 'JSX.IntrinsicElements' exists.
components/slide-renderer/components/element/ImageElement/BaseImageElement.tsx(80,64): error TS7026: JSX element implicitly has type 'any' because no interface 'JSX.IntrinsicElements' exists.
components/slide-renderer/components/element/ImageElement/BaseImageElement.tsx(81,17): error TS7026: JSX element implicitly has type 'any' because no interface 'JSX.IntrinsicElements' exists.
components/slide-renderer/components/element/ImageElement/BaseImageElement.tsx(82,15): error TS7026: JSX element implicitly has type 'any' because no interface 'JSX.IntrinsicElements' exists.
components/slide-renderer/components/element/ImageElement/BaseImageElement.tsx(84,15): error TS7026: JSX element implicitly has type 'any' because no interface 'JSX.IntrinsicElements' exists.
components/slide-renderer/components/element/ImageElement/BaseImageElement.tsx(85,17): error TS7026: JSX element implicitly has type 'any' because no interface 'JSX.IntrinsicElements' exists.
components/slide-renderer/components/element/ImageElement/BaseImageElement.tsx(87,19): error TS7026: JSX element implicitly has type 'any' because no interface 'JSX.IntrinsicElements' exists.
components/slide-renderer/components/element/ImageElement/BaseImageElement.tsx(88,17): error TS7026: JSX element implicitly has type 'any' because no interface 'JSX.IntrinsicElements' exists.
components/slide-renderer/components/element/ImageElement/BaseImageElement.tsx(89,19): error TS7026: JSX element implicitly has type 'any' because no interface 'JSX.IntrinsicElements' exists.
components/slide-renderer/components/element/ImageElement/BaseImageElement.tsx(99,17): error TS7026: JSX element implicitly has type 'any' because no interface 'JSX.IntrinsicElements' exists.
components/slide-renderer/components/element/ImageElement/BaseImageElement.tsx(100,15): error TS7026: JSX element implicitly has type 'any' because no interface 'JSX.IntrinsicElements' exists.
components/slide-renderer/components/element/ImageElement/BaseImageElement.tsx(102,15): error TS7026: JSX element implicitly has type 'any' because no interface 'JSX.IntrinsicElements' exists.
components/slide-renderer/components/element/ImageElement/BaseImageElement.tsx(104,19): error TS7026: JSX element implicitly has type 'any' because no interface 'JSX.IntrinsicElements' exists.
components/slide-renderer/components/element/ImageElement/BaseImageElement.tsx(106,21): error TS7026: JSX element implicitly has type 'any' because no interface 'JSX.IntrinsicElements' exists.
components/slide-renderer/components/element/ImageElement/BaseImageElement.tsx(106,64): error TS7026: JSX element implicitly has type 'any' because no interface 'JSX.IntrinsicElements' exists.
components/slide-renderer/components/element/ImageElement/BaseImageElement.tsx(107,19): error TS7026: JSX element implicitly has type 'any' because no interface 'JSX.IntrinsicElements' exists.
components/slide-renderer/components/element/ImageElement/BaseImageElement.tsx(109,19): error TS7026: JSX element implicitly has type 'any' because no interface 'JSX.IntrinsicElements' exists.
components/slide-renderer/components/element/ImageElement/BaseImageElement.tsx(111,21): error TS7026: JSX element implicitly has type 'any' because no interface 'JSX.IntrinsicElements' exists.
components/slide-renderer/components/element/ImageElement/BaseImageElement.tsx(111,66): error TS7026: JSX element implicitly has type 'any' because no interface 'JSX.IntrinsicElements' exists.
components/slide-renderer/components/element/ImageElement/BaseImageElement.tsx(112,19): error TS7026: JSX element implicitly has type 'any' because no interface 'JSX.IntrinsicElements' exists.
components/slide-renderer/components/element/ImageElement/BaseImageElement.tsx(114,19): error TS7026: JSX element implicitly has type 'any' because no interface 'JSX.IntrinsicElements' exists.
components/slide-renderer/components/element/ImageElement/BaseImageElement.tsx(115,31): error TS7006: Parameter 'e' implicitly has an 'any' type.
components/slide-renderer/components/element/ImageElement/BaseImageElement.tsx(119,37): error TS7006: Parameter 'e' implicitly has an 'any' type.
components/slide-renderer/components/element/ImageElement/BaseImageElement.tsx(124,19): error TS7026: JSX element implicitly has type 'any' because no interface 'JSX.IntrinsicElements' exists.
components/slide-renderer/components/element/ImageElement/BaseImageElement.tsx(126,15): error TS7026: JSX element implicitly has type 'any' because no interface 'JSX.IntrinsicElements' exists.
components/slide-renderer/components/element/ImageElement/BaseImageElement.tsx(129,17): error TS7026: JSX element implicitly has type 'any' because no interface 'JSX.IntrinsicElements' exists.
components/slide-renderer/components/element/ImageElement/BaseImageElement.tsx(141,33): error TS7006: Parameter 'e' implicitly has an 'any' type.
components/slide-renderer/components/element/ImageElement/BaseImageElement.tsx(144,19): error TS7026: JSX element implicitly has type 'any' because no interface 'JSX.IntrinsicElements' exists.
components/slide-renderer/components/element/ImageElement/BaseImageElement.tsx(151,11): error TS7026: JSX element implicitly has type 'any' because no interface 'JSX.IntrinsicElements' exists.
components/slide-renderer/components/element/ImageElement/BaseImageElement.tsx(152,9): error TS7026: JSX element implicitly has type 'any' because no interface 'JSX.IntrinsicElements' exists.
components/slide-renderer/components/element/ImageElement/BaseImageElement.tsx(153,7): error TS7026: JSX element implicitly has type 'any' because no interface 'JSX.IntrinsicElements' exists.
components/slide-renderer/components/element/ImageElement/BaseImageElement.tsx(154,5): error TS7026: JSX element implicitly has type 'any' because no interface 'JSX.IntrinsicElements' exists.
components/slide-renderer/components/element/ImageElement/ImageClipHandler.tsx(3,67): error TS2307: Cannot find module 'react' or its corresponding type declarations.
components/slide-renderer/components/element/ImageElement/ImageClipHandler.tsx(32,50): error TS7006: Parameter 'state' implicitly has an 'any' type.
components/slide-renderer/components/element/ImageElement/ImageClipHandler.tsx(186,9): error TS2503: Cannot find namespace 'React'.
components/slide-renderer/components/element/ImageElement/ImageClipHandler.tsx(251,9): error TS2503: Cannot find namespace 'React'.
components/slide-renderer/components/element/ImageElement/ImageClipHandler.tsx(506,5): error TS7026: JSX element implicitly has type 'any' because no interface 'JSX.IntrinsicElements' exists.
components/slide-renderer/components/element/ImageElement/ImageClipHandler.tsx(506,5): error TS2875: This JSX tag requires the module path 'react/jsx-runtime' to exist, but none could be found. Make sure you have types for the appropriate package installed.
components/slide-renderer/components/element/ImageElement/ImageClipHandler.tsx(511,7): error TS7026: JSX element implicitly has type 'any' because no interface 'JSX.IntrinsicElements' exists.
components/slide-renderer/components/element/ImageElement/ImageClipHandler.tsx(519,7): error TS7026: JSX element implicitly has type 'any' because no interface 'JSX.IntrinsicElements' exists.
components/slide-renderer/components/element/ImageElement/ImageClipHandler.tsx(526,9): error TS7026: JSX element implicitly has type 'any' because no interface 'JSX.IntrinsicElements' exists.
components/slide-renderer/components/element/ImageElement/ImageClipHandler.tsx(533,7): error TS7026: JSX element implicitly has type 'any' because no interface 'JSX.IntrinsicElements' exists.
components/slide-renderer/components/element/ImageElement/ImageClipHandler.tsx(535,7): error TS7026: JSX element implicitly has type 'any' because no interface 'JSX.IntrinsicElements' exists.
components/slide-renderer/components/element/ImageElement/ImageClipHandler.tsx(538,23): error TS7006: Parameter 'e' implicitly has an 'any' type.
components/slide-renderer/components/element/ImageElement/ImageClipHandler.tsx(544,11): error TS7026: JSX element implicitly has type 'any' because no interface 'JSX.IntrinsicElements' exists.
components/slide-renderer/components/element/ImageElement/ImageClipHandler.tsx(547,27): error TS7006: Parameter 'e' implicitly has an 'any' type.
components/slide-renderer/components/element/ImageElement/ImageClipHandler.tsx(549,13): error TS7026: JSX element implicitly has type 'any' because no interface 'JSX.IntrinsicElements' exists.
components/slide-renderer/components/element/ImageElement/ImageClipHandler.tsx(550,15): error TS7026: JSX element implicitly has type 'any' because no interface 'JSX.IntrinsicElements' exists.
components/slide-renderer/components/element/ImageElement/ImageClipHandler.tsx(555,13): error TS7026: JSX element implicitly has type 'any' because no interface 'JSX.IntrinsicElements' exists.
components/slide-renderer/components/element/ImageElement/ImageClipHandler.tsx(556,11): error TS7026: JSX element implicitly has type 'any' because no interface 'JSX.IntrinsicElements' exists.
components/slide-renderer/components/element/ImageElement/ImageClipHandler.tsx(559,11): error TS7026: JSX element implicitly has type 'any' because no interface 'JSX.IntrinsicElements' exists.
components/slide-renderer/components/element/ImageElement/ImageClipHandler.tsx(562,27): error TS7006: Parameter 'e' implicitly has an 'any' type.
components/slide-renderer/components/element/ImageElement/ImageClipHandler.tsx(564,13): error TS7026: JSX element implicitly has type 'any' because no interface 'JSX.IntrinsicElements' exists.
components/slide-renderer/components/element/ImageElement/ImageClipHandler.tsx(565,15): error TS7026: JSX element implicitly has type 'any' because no interface 'JSX.IntrinsicElements' exists.
components/slide-renderer/components/element/ImageElement/ImageClipHandler.tsx(566,13): error TS7026: JSX element implicitly has type 'any' because no interface 'JSX.IntrinsicElements' exists.
components/slide-renderer/components/element/ImageElement/ImageClipHandler.tsx(567,11): error TS7026: JSX element implicitly has type 'any' because no interface 'JSX.IntrinsicElements' exists.
components/slide-renderer/components/element/ImageElement/ImageClipHandler.tsx(569,7): error TS7026: JSX element implicitly has type 'any' because no interface 'JSX.IntrinsicElements' exists.
components/slide-renderer/components/element/ImageElement/ImageClipHandler.tsx(571,7): error TS7026: JSX element implicitly has type 'any' because no interface 'JSX.IntrinsicElements' exists.
components/slide-renderer/components/element/ImageElement/ImageClipHandler.tsx(668,9): error TS7026: JSX element implicitly has type 'any' because no interface 'JSX.IntrinsicElements' exists.
components/slide-renderer/components/element/ImageElement/ImageClipHandler.tsx(669,5): error TS7026: JSX element implicitly has type 'any' because no interface 'JSX.IntrinsicElements' exists.
components/slide-renderer/components/element/ImageElement/ImageOutline/image-ellipse-outline.tsx(21,5): error TS7026: JSX element implicitly has type 'any' because no interface 'JSX.IntrinsicElements' exists.
components/slide-renderer/components/element/ImageElement/ImageOutline/image-ellipse-outline.tsx(21,5): error TS2875: This JSX tag requires the module path 'react/jsx-runtime' to exist, but none could be found. Make sure you have types for the appropriate package installed.
components/slide-renderer/components/element/ImageElement/ImageOutline/image-ellipse-outline.tsx(22,7): error TS7026: JSX element implicitly has type 'any' because no interface 'JSX.IntrinsicElements' exists.
components/slide-renderer/components/element/ImageElement/ImageOutline/image-ellipse-outline.tsx(35,5): error TS7026: JSX element implicitly has type 'any' because no interface 'JSX.IntrinsicElements' exists.
components/slide-renderer/components/element/ImageElement/ImageOutline/image-polygon-outline.tsx(27,5): error TS7026: JSX element implicitly has type 'any' because no interface 'JSX.IntrinsicElements' exists.
components/slide-renderer/components/element/ImageElement/ImageOutline/image-polygon-outline.tsx(27,5): error TS2875: This JSX tag requires the module path 'react/jsx-runtime' to exist, but none could be found. Make sure you have types for the appropriate package installed.
components/slide-renderer/components/element/ImageElement/ImageOutline/image-polygon-outline.tsx(28,7): error TS7026: JSX element implicitly has type 'any' because no interface 'JSX.IntrinsicElements' exists.
components/slide-renderer/components/element/ImageElement/ImageOutline/image-polygon-outline.tsx(38,5): error TS7026: JSX element implicitly has type 'any' because no interface 'JSX.IntrinsicElements' exists.
components/slide-renderer/components/element/ImageElement/ImageOutline/image-rect-outline.tsx(22,5): error TS7026: JSX element implicitly has type 'any' because no interface 'JSX.IntrinsicElements' exists.
components/slide-renderer/components/element/ImageElement/ImageOutline/image-rect-outline.tsx(22,5): error TS2875: This JSX tag requires the module path 'react/jsx-runtime' to exist, but none could be found. Make sure you have types for the appropriate package installed.
components/slide-renderer/components/element/ImageElement/ImageOutline/image-rect-outline.tsx(23,7): error TS7026: JSX element implicitly has type 'any' because no interface 'JSX.IntrinsicElements' exists.
components/slide-renderer/components/element/ImageElement/ImageOutline/image-rect-outline.tsx(36,5): error TS7026: JSX element implicitly has type 'any' because no interface 'JSX.IntrinsicElements' exists.
components/slide-renderer/components/element/ImageElement/ImageOutline/index.tsx(20,5): error TS7026: JSX element implicitly has type 'any' because no interface 'JSX.IntrinsicElements' exists.
components/slide-renderer/components/element/ImageElement/ImageOutline/index.tsx(20,5): error TS2875: This JSX tag requires the module path 'react/jsx-runtime' to exist, but none could be found. Make sure you have types for the appropriate package installed.
components/slide-renderer/components/element/ImageElement/ImageOutline/index.tsx(44,5): error TS7026: JSX element implicitly has type 'any' because no interface 'JSX.IntrinsicElements' exists.
components/slide-renderer/components/element/ImageElement/index.tsx(17,23): error TS2503: Cannot find namespace 'React'.
components/slide-renderer/components/element/ImageElement/index.tsx(17,42): error TS2503: Cannot find namespace 'React'.
components/slide-renderer/components/element/ImageElement/index.tsx(36,35): error TS2503: Cannot find namespace 'React'.
components/slide-renderer/components/element/ImageElement/index.tsx(36,54): error TS2503: Cannot find namespace 'React'.
components/slide-renderer/components/element/ImageElement/index.tsx(90,5): error TS7026: JSX element implicitly has type 'any' because no interface 'JSX.IntrinsicElements' exists.
components/slide-renderer/components/element/ImageElement/index.tsx(90,5): error TS2875: This JSX tag requires the module path 'react/jsx-runtime' to exist, but none could be found. Make sure you have types for the appropriate package installed.
components/slide-renderer/components/element/ImageElement/index.tsx(99,7): error TS7026: JSX element implicitly has type 'any' because no interface 'JSX.IntrinsicElements' exists.
components/slide-renderer/components/element/ImageElement/index.tsx(116,11): error TS7026: JSX element implicitly has type 'any' because no interface 'JSX.IntrinsicElements' exists.
components/slide-renderer/components/element/ImageElement/index.tsx(127,13): error TS7026: JSX element implicitly has type 'any' because no interface 'JSX.IntrinsicElements' exists.
components/slide-renderer/components/element/ImageElement/index.tsx(131,15): error TS7026: JSX element implicitly has type 'any' because no interface 'JSX.IntrinsicElements' exists.
components/slide-renderer/components/element/ImageElement/index.tsx(143,31): error TS7006: Parameter 'e' implicitly has an 'any' type.
components/slide-renderer/components/element/ImageElement/index.tsx(146,17): error TS7026: JSX element implicitly has type 'any' because no interface 'JSX.IntrinsicElements' exists.
components/slide-renderer/components/element/ImageElement/index.tsx(153,13): error TS7026: JSX element implicitly has type 'any' because no interface 'JSX.IntrinsicElements' exists.
components/slide-renderer/components/element/ImageElement/index.tsx(154,11): error TS7026: JSX element implicitly has type 'any' because no interface 'JSX.IntrinsicElements' exists.
components/slide-renderer/components/element/ImageElement/index.tsx(156,7): error TS7026: JSX element implicitly has type 'any' because no interface 'JSX.IntrinsicElements' exists.
components/slide-renderer/components/element/ImageElement/index.tsx(157,5): error TS7026: JSX element implicitly has type 'any' because no interface 'JSX.IntrinsicElements' exists.
components/slide-renderer/components/element/ImageElement/useClipImage.ts(1,25): error TS2307: Cannot find module 'react' or its corresponding type declarations.
components/slide-renderer/components/element/ImageElement/useFilter.ts(1,25): error TS2307: Cannot find module 'react' or its corresponding type declarations.
components/slide-renderer/components/element/LatexElement/BaseLatexElement.tsx(3,51): error TS2307: Cannot find module 'react' or its corresponding type declarations.
components/slide-renderer/components/element/LatexElement/BaseLatexElement.tsx(16,5): error TS7026: JSX element implicitly has type 'any' because no interface 'JSX.IntrinsicElements' exists.
components/slide-renderer/components/element/LatexElement/BaseLatexElement.tsx(16,5): error TS2875: This JSX tag requires the module path 'react/jsx-runtime' to exist, but none could be found. Make sure you have types for the appropriate package installed.
components/slide-renderer/components/element/LatexElement/BaseLatexElement.tsx(25,7): error TS7026: JSX element implicitly has type 'any' because no interface 'JSX.IntrinsicElements' exists.
components/slide-renderer/components/element/LatexElement/BaseLatexElement.tsx(29,9): error TS7026: JSX element implicitly has type 'any' because no interface 'JSX.IntrinsicElements' exists.
components/slide-renderer/components/element/LatexElement/BaseLatexElement.tsx(38,13): error TS7026: JSX element implicitly has type 'any' because no interface 'JSX.IntrinsicElements' exists.
components/slide-renderer/components/element/LatexElement/BaseLatexElement.tsx(49,15): error TS7026: JSX element implicitly has type 'any' because no interface 'JSX.IntrinsicElements' exists.
components/slide-renderer/components/element/LatexElement/BaseLatexElement.tsx(54,17): error TS7026: JSX element implicitly has type 'any' because no interface 'JSX.IntrinsicElements' exists.
components/slide-renderer/components/element/LatexElement/BaseLatexElement.tsx(55,15): error TS7026: JSX element implicitly has type 'any' because no interface 'JSX.IntrinsicElements' exists.
components/slide-renderer/components/element/LatexElement/BaseLatexElement.tsx(56,13): error TS7026: JSX element implicitly has type 'any' because no interface 'JSX.IntrinsicElements' exists.
components/slide-renderer/components/element/LatexElement/BaseLatexElement.tsx(58,9): error TS7026: JSX element implicitly has type 'any' because no interface 'JSX.IntrinsicElements' exists.
components/slide-renderer/components/element/LatexElement/BaseLatexElement.tsx(59,7): error TS7026: JSX element implicitly has type 'any' because no interface 'JSX.IntrinsicElements' exists.
components/slide-renderer/components/element/LatexElement/BaseLatexElement.tsx(60,5): error TS7026: JSX element implicitly has type 'any' because no interface 'JSX.IntrinsicElements' exists.
components/slide-renderer/components/element/LatexElement/BaseLatexElement.tsx(98,5): error TS7026: JSX element implicitly has type 'any' because no interface 'JSX.IntrinsicElements' exists.
components/slide-renderer/components/element/LatexElement/BaseLatexElement.tsx(108,7): error TS7026: JSX element implicitly has type 'any' because no interface 'JSX.IntrinsicElements' exists.
components/slide-renderer/components/element/LatexElement/BaseLatexElement.tsx(118,5): error TS7026: JSX element implicitly has type 'any' because no interface 'JSX.IntrinsicElements' exists.
components/slide-renderer/components/element/LatexElement/index.tsx(3,51): error TS2307: Cannot find module 'react' or its corresponding type declarations.
components/slide-renderer/components/element/LatexElement/index.tsx(10,23): error TS2503: Cannot find namespace 'React'.
components/slide-renderer/components/element/LatexElement/index.tsx(10,42): error TS2503: Cannot find namespace 'React'.
components/slide-renderer/components/element/LatexElement/index.tsx(18,35): error TS2503: Cannot find namespace 'React'.
components/slide-renderer/components/element/LatexElement/index.tsx(18,54): error TS2503: Cannot find namespace 'React'.
components/slide-renderer/components/element/LatexElement/index.tsx(25,5): error TS7026: JSX element implicitly has type 'any' because no interface 'JSX.IntrinsicElements' exists.
components/slide-renderer/components/element/LatexElement/index.tsx(25,5): error TS2875: This JSX tag requires the module path 'react/jsx-runtime' to exist, but none could be found. Make sure you have types for the appropriate package installed.
components/slide-renderer/components/element/LatexElement/index.tsx(34,7): error TS7026: JSX element implicitly has type 'any' because no interface 'JSX.IntrinsicElements' exists.
components/slide-renderer/components/element/LatexElement/index.tsx(38,9): error TS7026: JSX element implicitly has type 'any' because no interface 'JSX.IntrinsicElements' exists.
components/slide-renderer/components/element/LatexElement/index.tsx(52,13): error TS7026: JSX element implicitly has type 'any' because no interface 'JSX.IntrinsicElements' exists.
components/slide-renderer/components/element/LatexElement/index.tsx(63,15): error TS7026: JSX element implicitly has type 'any' because no interface 'JSX.IntrinsicElements' exists.
components/slide-renderer/components/element/LatexElement/index.tsx(68,17): error TS7026: JSX element implicitly has type 'any' because no interface 'JSX.IntrinsicElements' exists.
components/slide-renderer/components/element/LatexElement/index.tsx(69,15): error TS7026: JSX element implicitly has type 'any' because no interface 'JSX.IntrinsicElements' exists.
components/slide-renderer/components/element/LatexElement/index.tsx(70,13): error TS7026: JSX element implicitly has type 'any' because no interface 'JSX.IntrinsicElements' exists.
components/slide-renderer/components/element/LatexElement/index.tsx(72,9): error TS7026: JSX element implicitly has type 'any' because no interface 'JSX.IntrinsicElements' exists.
components/slide-renderer/components/element/LatexElement/index.tsx(73,7): error TS7026: JSX element implicitly has type 'any' because no interface 'JSX.IntrinsicElements' exists.
components/slide-renderer/components/element/LatexElement/index.tsx(74,5): error TS7026: JSX element implicitly has type 'any' because no interface 'JSX.IntrinsicElements' exists.
components/slide-renderer/components/element/LatexElement/index.tsx(92,5): error TS7026: JSX element implicitly has type 'any' because no interface 'JSX.IntrinsicElements' exists.
components/slide-renderer/components/element/LatexElement/index.tsx(93,7): error TS7026: JSX element implicitly has type 'any' because no interface 'JSX.IntrinsicElements' exists.
components/slide-renderer/components/element/LatexElement/index.tsx(103,5): error TS7026: JSX element implicitly has type 'any' because no interface 'JSX.IntrinsicElements' exists.
components/slide-renderer/components/element/LineElement/BaseLineElement.tsx(3,54): error TS2307: Cannot find module 'react' or its corresponding type declarations.
components/slide-renderer/components/element/LineElement/BaseLineElement.tsx(87,5): error TS7026: JSX element implicitly has type 'any' because no interface 'JSX.IntrinsicElements' exists.
components/slide-renderer/components/element/LineElement/BaseLineElement.tsx(87,5): error TS2875: This JSX tag requires the module path 'react/jsx-runtime' to exist, but none could be found. Make sure you have types for the appropriate package installed.
components/slide-renderer/components/element/LineElement/BaseLineElement.tsx(94,7): error TS7026: JSX element implicitly has type 'any' because no interface 'JSX.IntrinsicElements' exists.
components/slide-renderer/components/element/LineElement/BaseLineElement.tsx(98,9): error TS7026: JSX element implicitly has type 'any' because no interface 'JSX.IntrinsicElements' exists.
components/slide-renderer/components/element/LineElement/BaseLineElement.tsx(104,11): error TS7026: JSX element implicitly has type 'any' because no interface 'JSX.IntrinsicElements' exists.
components/slide-renderer/components/element/LineElement/BaseLineElement.tsx(123,11): error TS7026: JSX element implicitly has type 'any' because no interface 'JSX.IntrinsicElements' exists.
components/slide-renderer/components/element/LineElement/BaseLineElement.tsx(124,11): error TS7026: JSX element implicitly has type 'any' because no interface 'JSX.IntrinsicElements' exists.
components/slide-renderer/components/element/LineElement/BaseLineElement.tsx(142,9): error TS7026: JSX element implicitly has type 'any' because no interface 'JSX.IntrinsicElements' exists.
components/slide-renderer/components/element/LineElement/BaseLineElement.tsx(143,7): error TS7026: JSX element implicitly has type 'any' because no interface 'JSX.IntrinsicElements' exists.
components/slide-renderer/components/element/LineElement/BaseLineElement.tsx(144,5): error TS7026: JSX element implicitly has type 'any' because no interface 'JSX.IntrinsicElements' exists.
components/slide-renderer/components/element/LineElement/index.tsx(3,25): error TS2307: Cannot find module 'react' or its corresponding type declarations.
components/slide-renderer/components/element/LineElement/index.tsx(13,23): error TS2503: Cannot find namespace 'React'.
components/slide-renderer/components/element/LineElement/index.tsx(13,42): error TS2503: Cannot find namespace 'React'.
components/slide-renderer/components/element/LineElement/index.tsx(23,35): error TS2503: Cannot find namespace 'React'.
components/slide-renderer/components/element/LineElement/index.tsx(23,54): error TS2503: Cannot find namespace 'React'.
components/slide-renderer/components/element/LineElement/index.tsx(58,5): error TS7026: JSX element implicitly has type 'any' because no interface 'JSX.IntrinsicElements' exists.
components/slide-renderer/components/element/LineElement/index.tsx(58,5): error TS2875: This JSX tag requires the module path 'react/jsx-runtime' to exist, but none could be found. Make sure you have types for the appropriate package installed.
components/slide-renderer/components/element/LineElement/index.tsx(65,7): error TS7026: JSX element implicitly has type 'any' because no interface 'JSX.IntrinsicElements' exists.
components/slide-renderer/components/element/LineElement/index.tsx(73,9): error TS7026: JSX element implicitly has type 'any' because no interface 'JSX.IntrinsicElements' exists.
components/slide-renderer/components/element/LineElement/index.tsx(79,11): error TS7026: JSX element implicitly has type 'any' because no interface 'JSX.IntrinsicElements' exists.
components/slide-renderer/components/element/LineElement/index.tsx(98,11): error TS7026: JSX element implicitly has type 'any' because no interface 'JSX.IntrinsicElements' exists.
components/slide-renderer/components/element/LineElement/index.tsx(100,11): error TS7026: JSX element implicitly has type 'any' because no interface 'JSX.IntrinsicElements' exists.
components/slide-renderer/components/element/LineElement/index.tsx(115,11): error TS7026: JSX element implicitly has type 'any' because no interface 'JSX.IntrinsicElements' exists.
components/slide-renderer/components/element/LineElement/index.tsx(122,9): error TS7026: JSX element implicitly has type 'any' because no interface 'JSX.IntrinsicElements' exists.
components/slide-renderer/components/element/LineElement/index.tsx(123,7): error TS7026: JSX element implicitly has type 'any' because no interface 'JSX.IntrinsicElements' exists.
components/slide-renderer/components/element/LineElement/index.tsx(124,5): error TS7026: JSX element implicitly has type 'any' because no interface 'JSX.IntrinsicElements' exists.
components/slide-renderer/components/element/LineElement/LinePointMarker.tsx(29,5): error TS7026: JSX element implicitly has type 'any' because no interface 'JSX.IntrinsicElements' exists.
components/slide-renderer/components/element/LineElement/LinePointMarker.tsx(29,5): error TS2875: This JSX tag requires the module path 'react/jsx-runtime' to exist, but none could be found. Make sure you have types for the appropriate package installed.
components/slide-renderer/components/element/LineElement/LinePointMarker.tsx(38,7): error TS7026: JSX element implicitly has type 'any' because no interface 'JSX.IntrinsicElements' exists.
components/slide-renderer/components/element/LineElement/LinePointMarker.tsx(43,5): error TS7026: JSX element implicitly has type 'any' because no interface 'JSX.IntrinsicElements' exists.
components/slide-renderer/components/element/ProsemirrorEditor.tsx(3,90): error TS2307: Cannot find module 'react' or its corresponding type declarations.
components/slide-renderer/components/element/ProsemirrorEditor.tsx(4,26): error TS2307: Cannot find module 'lodash' or its corresponding type declarations.
components/slide-renderer/components/element/ProsemirrorEditor.tsx(6,33): error TS2307: Cannot find module 'prosemirror-view' or its corresponding type declarations.
components/slide-renderer/components/element/ProsemirrorEditor.tsx(7,42): error TS2307: Cannot find module 'prosemirror-commands' or its corresponding type declarations.
components/slide-renderer/components/element/ProsemirrorEditor.tsx(30,23): error TS2307: Cannot find module 'sonner' or its corresponding type declarations.
components/slide-renderer/components/element/ProsemirrorEditor.tsx(42,21): error TS2503: Cannot find namespace 'React'.
components/slide-renderer/components/element/ProsemirrorEditor.tsx(56,7): error TS7031: Binding element 'elementId' implicitly has an 'any' type.
components/slide-renderer/components/element/ProsemirrorEditor.tsx(57,7): error TS7031: Binding element 'defaultColor' implicitly has an 'any' type.
components/slide-renderer/components/element/ProsemirrorEditor.tsx(58,7): error TS7031: Binding element 'defaultFontName' implicitly has an 'any' type.
components/slide-renderer/components/element/ProsemirrorEditor.tsx(59,7): error TS7031: Binding element 'value' implicitly has an 'any' type.
components/slide-renderer/components/element/ProsemirrorEditor.tsx(62,7): error TS7031: Binding element 'onUpdate' implicitly has an 'any' type.
components/slide-renderer/components/element/ProsemirrorEditor.tsx(63,7): error TS7031: Binding element 'onFocus' implicitly has an 'any' type.
components/slide-renderer/components/element/ProsemirrorEditor.tsx(64,7): error TS7031: Binding element 'onBlur' implicitly has an 'any' type.
components/slide-renderer/components/element/ProsemirrorEditor.tsx(65,7): error TS7031: Binding element 'onMouseDown' implicitly has an 'any' type.
components/slide-renderer/components/element/ProsemirrorEditor.tsx(67,5): error TS7006: Parameter 'ref' implicitly has an 'any' type.
components/slide-renderer/components/element/ProsemirrorEditor.tsx(79,52): error TS7006: Parameter 'state' implicitly has an 'any' type.
components/slide-renderer/components/element/ProsemirrorEditor.tsx(448,7): error TS2875: This JSX tag requires the module path 'react/jsx-runtime' to exist, but none could be found. Make sure you have types for the appropriate package installed.
components/slide-renderer/components/element/ProsemirrorEditor.tsx(448,7): error TS7026: JSX element implicitly has type 'any' because no interface 'JSX.IntrinsicElements' exists.
components/slide-renderer/components/element/ProsemirrorEditor.tsx(451,23): error TS7006: Parameter 'e' implicitly has an 'any' type.
components/slide-renderer/components/element/ShapeElement/BaseShapeElement.tsx(32,5): error TS7026: JSX element implicitly has type 'any' because no interface 'JSX.IntrinsicElements' exists.
components/slide-renderer/components/element/ShapeElement/BaseShapeElement.tsx(32,5): error TS2875: This JSX tag requires the module path 'react/jsx-runtime' to exist, but none could be found. Make sure you have types for the appropriate package installed.
components/slide-renderer/components/element/ShapeElement/BaseShapeElement.tsx(41,7): error TS7026: JSX element implicitly has type 'any' because no interface 'JSX.IntrinsicElements' exists.
components/slide-renderer/components/element/ShapeElement/BaseShapeElement.tsx(45,9): error TS7026: JSX element implicitly has type 'any' because no interface 'JSX.IntrinsicElements' exists.
components/slide-renderer/components/element/ShapeElement/BaseShapeElement.tsx(55,11): error TS7026: JSX element implicitly has type 'any' because no interface 'JSX.IntrinsicElements' exists.
components/slide-renderer/components/element/ShapeElement/BaseShapeElement.tsx(61,13): error TS7026: JSX element implicitly has type 'any' because no interface 'JSX.IntrinsicElements' exists.
components/slide-renderer/components/element/ShapeElement/BaseShapeElement.tsx(73,13): error TS7026: JSX element implicitly has type 'any' because no interface 'JSX.IntrinsicElements' exists.
components/slide-renderer/components/element/ShapeElement/BaseShapeElement.tsx(74,13): error TS7026: JSX element implicitly has type 'any' because no interface 'JSX.IntrinsicElements' exists.
components/slide-renderer/components/element/ShapeElement/BaseShapeElement.tsx(79,15): error TS7026: JSX element implicitly has type 'any' because no interface 'JSX.IntrinsicElements' exists.
components/slide-renderer/components/element/ShapeElement/BaseShapeElement.tsx(89,13): error TS7026: JSX element implicitly has type 'any' because no interface 'JSX.IntrinsicElements' exists.
components/slide-renderer/components/element/ShapeElement/BaseShapeElement.tsx(90,11): error TS7026: JSX element implicitly has type 'any' because no interface 'JSX.IntrinsicElements' exists.
components/slide-renderer/components/element/ShapeElement/BaseShapeElement.tsx(92,11): error TS7026: JSX element implicitly has type 'any' because no interface 'JSX.IntrinsicElements' exists.
components/slide-renderer/components/element/ShapeElement/BaseShapeElement.tsx(105,13): error TS7026: JSX element implicitly has type 'any' because no interface 'JSX.IntrinsicElements' exists.
components/slide-renderer/components/element/ShapeElement/BaseShapeElement.tsx(108,17): error TS2578: Unused '@ts-expect-error' directive.
components/slide-renderer/components/element/ShapeElement/BaseShapeElement.tsx(113,11): error TS7026: JSX element implicitly has type 'any' because no interface 'JSX.IntrinsicElements' exists.
components/slide-renderer/components/element/ShapeElement/BaseShapeElement.tsx(114,9): error TS7026: JSX element implicitly has type 'any' because no interface 'JSX.IntrinsicElements' exists.
components/slide-renderer/components/element/ShapeElement/BaseShapeElement.tsx(115,7): error TS7026: JSX element implicitly has type 'any' because no interface 'JSX.IntrinsicElements' exists.
components/slide-renderer/components/element/ShapeElement/BaseShapeElement.tsx(116,5): error TS7026: JSX element implicitly has type 'any' because no interface 'JSX.IntrinsicElements' exists.
components/slide-renderer/components/element/ShapeElement/GradientDefs.tsx(13,7): error TS7026: JSX element implicitly has type 'any' because no interface 'JSX.IntrinsicElements' exists.
components/slide-renderer/components/element/ShapeElement/GradientDefs.tsx(13,7): error TS2875: This JSX tag requires the module path 'react/jsx-runtime' to exist, but none could be found. Make sure you have types for the appropriate package installed.
components/slide-renderer/components/element/ShapeElement/GradientDefs.tsx(22,11): error TS7026: JSX element implicitly has type 'any' because no interface 'JSX.IntrinsicElements' exists.
components/slide-renderer/components/element/ShapeElement/GradientDefs.tsx(24,7): error TS7026: JSX element implicitly has type 'any' because no interface 'JSX.IntrinsicElements' exists.
components/slide-renderer/components/element/ShapeElement/GradientDefs.tsx(29,5): error TS7026: JSX element implicitly has type 'any' because no interface 'JSX.IntrinsicElements' exists.
components/slide-renderer/components/element/ShapeElement/GradientDefs.tsx(31,9): error TS7026: JSX element implicitly has type 'any' because no interface 'JSX.IntrinsicElements' exists.
components/slide-renderer/components/element/ShapeElement/GradientDefs.tsx(33,5): error TS7026: JSX element implicitly has type 'any' because no interface 'JSX.IntrinsicElements' exists.
components/slide-renderer/components/element/ShapeElement/index.tsx(3,59): error TS2307: Cannot find module 'react' or its corresponding type declarations.
components/slide-renderer/components/element/ShapeElement/index.tsx(21,8): error TS2503: Cannot find namespace 'React'.
components/slide-renderer/components/element/ShapeElement/index.tsx(21,27): error TS2503: Cannot find namespace 'React'.
components/slide-renderer/components/element/ShapeElement/index.tsx(43,35): error TS2503: Cannot find namespace 'React'.
components/slide-renderer/components/element/ShapeElement/index.tsx(43,54): error TS2503: Cannot find namespace 'React'.
components/slide-renderer/components/element/ShapeElement/index.tsx(101,5): error TS7026: JSX element implicitly has type 'any' because no interface 'JSX.IntrinsicElements' exists.
components/slide-renderer/components/element/ShapeElement/index.tsx(101,5): error TS2875: This JSX tag requires the module path 'react/jsx-runtime' to exist, but none could be found. Make sure you have types for the appropriate package installed.
components/slide-renderer/components/element/ShapeElement/index.tsx(110,7): error TS7026: JSX element implicitly has type 'any' because no interface 'JSX.IntrinsicElements' exists.
components/slide-renderer/components/element/ShapeElement/index.tsx(114,9): error TS7026: JSX element implicitly has type 'any' because no interface 'JSX.IntrinsicElements' exists.
components/slide-renderer/components/element/ShapeElement/index.tsx(123,25): error TS7006: Parameter 'e' implicitly has an 'any' type.
components/slide-renderer/components/element/ShapeElement/index.tsx(124,26): error TS7006: Parameter 'e' implicitly has an 'any' type.
components/slide-renderer/components/element/ShapeElement/index.tsx(127,11): error TS7026: JSX element implicitly has type 'any' because no interface 'JSX.IntrinsicElements' exists.
components/slide-renderer/components/element/ShapeElement/index.tsx(133,13): error TS7026: JSX element implicitly has type 'any' because no interface 'JSX.IntrinsicElements' exists.
components/slide-renderer/components/element/ShapeElement/index.tsx(145,13): error TS7026: JSX element implicitly has type 'any' because no interface 'JSX.IntrinsicElements' exists.
components/slide-renderer/components/element/ShapeElement/index.tsx(146,13): error TS7026: JSX element implicitly has type 'any' because no interface 'JSX.IntrinsicElements' exists.
components/slide-renderer/components/element/ShapeElement/index.tsx(151,15): error TS7026: JSX element implicitly has type 'any' because no interface 'JSX.IntrinsicElements' exists.
components/slide-renderer/components/element/ShapeElement/index.tsx(162,13): error TS7026: JSX element implicitly has type 'any' because no interface 'JSX.IntrinsicElements' exists.
components/slide-renderer/components/element/ShapeElement/index.tsx(163,11): error TS7026: JSX element implicitly has type 'any' because no interface 'JSX.IntrinsicElements' exists.
components/slide-renderer/components/element/ShapeElement/index.tsx(165,11): error TS7026: JSX element implicitly has type 'any' because no interface 'JSX.IntrinsicElements' exists.
components/slide-renderer/components/element/ShapeElement/index.tsx(178,15): error TS2578: Unused '@ts-expect-error' directive.
components/slide-renderer/components/element/ShapeElement/index.tsx(189,30): error TS7031: Binding element 'value' implicitly has an 'any' type.
components/slide-renderer/components/element/ShapeElement/index.tsx(189,37): error TS7031: Binding element 'ignore' implicitly has an 'any' type.
components/slide-renderer/components/element/ShapeElement/index.tsx(191,31): error TS7006: Parameter 'e' implicitly has an 'any' type.
components/slide-renderer/components/element/ShapeElement/index.tsx(191,62): error TS2503: Cannot find namespace 'React'.
components/slide-renderer/components/element/ShapeElement/index.tsx(194,11): error TS7026: JSX element implicitly has type 'any' because no interface 'JSX.IntrinsicElements' exists.
components/slide-renderer/components/element/ShapeElement/index.tsx(195,9): error TS7026: JSX element implicitly has type 'any' because no interface 'JSX.IntrinsicElements' exists.
components/slide-renderer/components/element/ShapeElement/index.tsx(196,7): error TS7026: JSX element implicitly has type 'any' because no interface 'JSX.IntrinsicElements' exists.
components/slide-renderer/components/element/ShapeElement/index.tsx(197,5): error TS7026: JSX element implicitly has type 'any' because no interface 'JSX.IntrinsicElements' exists.
components/slide-renderer/components/element/ShapeElement/PatternDefs.tsx(8,5): error TS7026: JSX element implicitly has type 'any' because no interface 'JSX.IntrinsicElements' exists.
components/slide-renderer/components/element/ShapeElement/PatternDefs.tsx(8,5): error TS2875: This JSX tag requires the module path 'react/jsx-runtime' to exist, but none could be found. Make sure you have types for the appropriate package installed.
components/slide-renderer/components/element/ShapeElement/PatternDefs.tsx(15,7): error TS7026: JSX element implicitly has type 'any' because no interface 'JSX.IntrinsicElements' exists.
components/slide-renderer/components/element/ShapeElement/PatternDefs.tsx(16,5): error TS7026: JSX element implicitly has type 'any' because no interface 'JSX.IntrinsicElements' exists.
components/slide-renderer/components/element/TableElement/BaseTableElement.tsx(16,5): error TS7026: JSX element implicitly has type 'any' because no interface 'JSX.IntrinsicElements' exists.
components/slide-renderer/components/element/TableElement/BaseTableElement.tsx(16,5): error TS2875: This JSX tag requires the module path 'react/jsx-runtime' to exist, but none could be found. Make sure you have types for the appropriate package installed.
components/slide-renderer/components/element/TableElement/BaseTableElement.tsx(25,7): error TS7026: JSX element implicitly has type 'any' because no interface 'JSX.IntrinsicElements' exists.
components/slide-renderer/components/element/TableElement/BaseTableElement.tsx(29,9): error TS7026: JSX element implicitly has type 'any' because no interface 'JSX.IntrinsicElements' exists.
components/slide-renderer/components/element/TableElement/BaseTableElement.tsx(31,9): error TS7026: JSX element implicitly has type 'any' because no interface 'JSX.IntrinsicElements' exists.
components/slide-renderer/components/element/TableElement/BaseTableElement.tsx(32,7): error TS7026: JSX element implicitly has type 'any' because no interface 'JSX.IntrinsicElements' exists.
components/slide-renderer/components/element/TableElement/BaseTableElement.tsx(33,5): error TS7026: JSX element implicitly has type 'any' because no interface 'JSX.IntrinsicElements' exists.
components/slide-renderer/components/element/TableElement/index.tsx(10,23): error TS2503: Cannot find namespace 'React'.
components/slide-renderer/components/element/TableElement/index.tsx(10,42): error TS2503: Cannot find namespace 'React'.
components/slide-renderer/components/element/TableElement/index.tsx(19,35): error TS2503: Cannot find namespace 'React'.
components/slide-renderer/components/element/TableElement/index.tsx(19,54): error TS2503: Cannot find namespace 'React'.
components/slide-renderer/components/element/TableElement/index.tsx(26,5): error TS7026: JSX element implicitly has type 'any' because no interface 'JSX.IntrinsicElements' exists.
components/slide-renderer/components/element/TableElement/index.tsx(26,5): error TS2875: This JSX tag requires the module path 'react/jsx-runtime' to exist, but none could be found. Make sure you have types for the appropriate package installed.
components/slide-renderer/components/element/TableElement/index.tsx(35,7): error TS7026: JSX element implicitly has type 'any' because no interface 'JSX.IntrinsicElements' exists.
components/slide-renderer/components/element/TableElement/index.tsx(39,9): error TS7026: JSX element implicitly has type 'any' because no interface 'JSX.IntrinsicElements' exists.
components/slide-renderer/components/element/TableElement/index.tsx(47,9): error TS7026: JSX element implicitly has type 'any' because no interface 'JSX.IntrinsicElements' exists.
components/slide-renderer/components/element/TableElement/index.tsx(48,7): error TS7026: JSX element implicitly has type 'any' because no interface 'JSX.IntrinsicElements' exists.
components/slide-renderer/components/element/TableElement/index.tsx(49,5): error TS7026: JSX element implicitly has type 'any' because no interface 'JSX.IntrinsicElements' exists.
components/slide-renderer/components/element/TableElement/StaticTable.tsx(3,25): error TS2307: Cannot find module 'react' or its corresponding type declarations.
components/slide-renderer/components/element/TableElement/StaticTable.tsx(76,5): error TS7026: JSX element implicitly has type 'any' because no interface 'JSX.IntrinsicElements' exists.
components/slide-renderer/components/element/TableElement/StaticTable.tsx(76,5): error TS2875: This JSX tag requires the module path 'react/jsx-runtime' to exist, but none could be found. Make sure you have types for the appropriate package installed.
components/slide-renderer/components/element/TableElement/StaticTable.tsx(83,7): error TS7026: JSX element implicitly has type 'any' because no interface 'JSX.IntrinsicElements' exists.
components/slide-renderer/components/element/TableElement/StaticTable.tsx(85,11): error TS7026: JSX element implicitly has type 'any' because no interface 'JSX.IntrinsicElements' exists.
components/slide-renderer/components/element/TableElement/StaticTable.tsx(87,7): error TS7026: JSX element implicitly has type 'any' because no interface 'JSX.IntrinsicElements' exists.
components/slide-renderer/components/element/TableElement/StaticTable.tsx(88,7): error TS7026: JSX element implicitly has type 'any' because no interface 'JSX.IntrinsicElements' exists.
components/slide-renderer/components/element/TableElement/StaticTable.tsx(90,11): error TS7026: JSX element implicitly has type 'any' because no interface 'JSX.IntrinsicElements' exists.
components/slide-renderer/components/element/TableElement/StaticTable.tsx(104,17): error TS7026: JSX element implicitly has type 'any' because no interface 'JSX.IntrinsicElements' exists.
components/slide-renderer/components/element/TableElement/StaticTable.tsx(120,11): error TS7026: JSX element implicitly has type 'any' because no interface 'JSX.IntrinsicElements' exists.
components/slide-renderer/components/element/TableElement/StaticTable.tsx(122,7): error TS7026: JSX element implicitly has type 'any' because no interface 'JSX.IntrinsicElements' exists.
components/slide-renderer/components/element/TableElement/StaticTable.tsx(123,5): error TS7026: JSX element implicitly has type 'any' because no interface 'JSX.IntrinsicElements' exists.
components/slide-renderer/components/element/TableElement/tableUtils.ts(1,36): error TS2307: Cannot find module 'react' or its corresponding type declarations.
components/slide-renderer/components/element/TextElement/BaseTextElement.tsx(20,5): error TS7026: JSX element implicitly has type 'any' because no interface 'JSX.IntrinsicElements' exists.
components/slide-renderer/components/element/TextElement/BaseTextElement.tsx(20,5): error TS2875: This JSX tag requires the module path 'react/jsx-runtime' to exist, but none could be found. Make sure you have types for the appropriate package installed.
components/slide-renderer/components/element/TextElement/BaseTextElement.tsx(29,7): error TS7026: JSX element implicitly has type 'any' because no interface 'JSX.IntrinsicElements' exists.
components/slide-renderer/components/element/TextElement/BaseTextElement.tsx(33,9): error TS7026: JSX element implicitly has type 'any' because no interface 'JSX.IntrinsicElements' exists.
components/slide-renderer/components/element/TextElement/BaseTextElement.tsx(46,13): error TS2578: Unused '@ts-expect-error' directive.
components/slide-renderer/components/element/TextElement/BaseTextElement.tsx(55,11): error TS7026: JSX element implicitly has type 'any' because no interface 'JSX.IntrinsicElements' exists.
components/slide-renderer/components/element/TextElement/BaseTextElement.tsx(59,9): error TS7026: JSX element implicitly has type 'any' because no interface 'JSX.IntrinsicElements' exists.
components/slide-renderer/components/element/TextElement/BaseTextElement.tsx(60,7): error TS7026: JSX element implicitly has type 'any' because no interface 'JSX.IntrinsicElements' exists.
components/slide-renderer/components/element/TextElement/BaseTextElement.tsx(61,5): error TS7026: JSX element implicitly has type 'any' because no interface 'JSX.IntrinsicElements' exists.
components/slide-renderer/components/element/TextElement/index.tsx(3,58): error TS2307: Cannot find module 'react' or its corresponding type declarations.
components/slide-renderer/components/element/TextElement/index.tsx(4,26): error TS2307: Cannot find module 'lodash' or its corresponding type declarations.
components/slide-renderer/components/element/TextElement/index.tsx(16,8): error TS2503: Cannot find namespace 'React'.
components/slide-renderer/components/element/TextElement/index.tsx(16,27): error TS2503: Cannot find namespace 'React'.
components/slide-renderer/components/element/TextElement/index.tsx(38,35): error TS2503: Cannot find namespace 'React'.
components/slide-renderer/components/element/TextElement/index.tsx(38,54): error TS2503: Cannot find namespace 'React'.
components/slide-renderer/components/element/TextElement/index.tsx(167,5): error TS7026: JSX element implicitly has type 'any' because no interface 'JSX.IntrinsicElements' exists.
components/slide-renderer/components/element/TextElement/index.tsx(167,5): error TS2875: This JSX tag requires the module path 'react/jsx-runtime' to exist, but none could be found. Make sure you have types for the appropriate package installed.
components/slide-renderer/components/element/TextElement/index.tsx(176,7): error TS7026: JSX element implicitly has type 'any' because no interface 'JSX.IntrinsicElements' exists.
components/slide-renderer/components/element/TextElement/index.tsx(180,9): error TS7026: JSX element implicitly has type 'any' because no interface 'JSX.IntrinsicElements' exists.
components/slide-renderer/components/element/TextElement/index.tsx(194,13): error TS2578: Unused '@ts-expect-error' directive.
components/slide-renderer/components/element/TextElement/index.tsx(197,25): error TS7006: Parameter 'e' implicitly has an 'any' type.
components/slide-renderer/components/element/TextElement/index.tsx(198,26): error TS7006: Parameter 'e' implicitly has an 'any' type.
components/slide-renderer/components/element/TextElement/index.tsx(206,11): error TS7026: JSX element implicitly has type 'any' because no interface 'JSX.IntrinsicElements' exists.
components/slide-renderer/components/element/TextElement/index.tsx(213,28): error TS7031: Binding element 'value' implicitly has an 'any' type.
components/slide-renderer/components/element/TextElement/index.tsx(213,35): error TS7031: Binding element 'ignore' implicitly has an 'any' type.
components/slide-renderer/components/element/TextElement/index.tsx(214,29): error TS7006: Parameter 'e' implicitly has an 'any' type.
components/slide-renderer/components/element/TextElement/index.tsx(214,60): error TS2503: Cannot find namespace 'React'.
components/slide-renderer/components/element/TextElement/index.tsx(216,11): error TS7026: JSX element implicitly has type 'any' because no interface 'JSX.IntrinsicElements' exists.
components/slide-renderer/components/element/TextElement/index.tsx(219,11): error TS7026: JSX element implicitly has type 'any' because no interface 'JSX.IntrinsicElements' exists.
components/slide-renderer/components/element/TextElement/index.tsx(220,11): error TS7026: JSX element implicitly has type 'any' because no interface 'JSX.IntrinsicElements' exists.
components/slide-renderer/components/element/TextElement/index.tsx(221,9): error TS7026: JSX element implicitly has type 'any' because no interface 'JSX.IntrinsicElements' exists.
components/slide-renderer/components/element/TextElement/index.tsx(222,7): error TS7026: JSX element implicitly has type 'any' because no interface 'JSX.IntrinsicElements' exists.
components/slide-renderer/components/element/TextElement/index.tsx(223,5): error TS7026: JSX element implicitly has type 'any' because no interface 'JSX.IntrinsicElements' exists.
components/slide-renderer/components/element/VideoElement/BaseVideoElement.tsx(3,35): error TS2307: Cannot find module 'react' or its corresponding type declarations.
components/slide-renderer/components/element/VideoElement/BaseVideoElement.tsx(4,28): error TS2307: Cannot find module 'motion/react' or its corresponding type declarations.
components/slide-renderer/components/element/VideoElement/BaseVideoElement.tsx(11,56): error TS2307: Cannot find module 'lucide-react' or its corresponding type declarations.
components/slide-renderer/components/element/VideoElement/BaseVideoElement.tsx(36,41): error TS7006: Parameter 's' implicitly has an 'any' type.
components/slide-renderer/components/element/VideoElement/BaseVideoElement.tsx(42,52): error TS7006: Parameter 's' implicitly has an 'any' type.
components/slide-renderer/components/element/VideoElement/BaseVideoElement.tsx(79,27): error TS7006: Parameter 'err' implicitly has an 'any' type.
components/slide-renderer/components/element/VideoElement/BaseVideoElement.tsx(94,5): error TS7026: JSX element implicitly has type 'any' because no interface 'JSX.IntrinsicElements' exists.
components/slide-renderer/components/element/VideoElement/BaseVideoElement.tsx(94,5): error TS2875: This JSX tag requires the module path 'react/jsx-runtime' to exist, but none could be found. Make sure you have types for the appropriate package installed.
components/slide-renderer/components/element/VideoElement/BaseVideoElement.tsx(103,17): error TS7006: Parameter 'e' implicitly has an 'any' type.
components/slide-renderer/components/element/VideoElement/BaseVideoElement.tsx(104,23): error TS7006: Parameter 'e' implicitly has an 'any' type.
components/slide-renderer/components/element/VideoElement/BaseVideoElement.tsx(106,7): error TS7026: JSX element implicitly has type 'any' because no interface 'JSX.IntrinsicElements' exists.
components/slide-renderer/components/element/VideoElement/BaseVideoElement.tsx(112,11): error TS7026: JSX element implicitly has type 'any' because no interface 'JSX.IntrinsicElements' exists.
components/slide-renderer/components/element/VideoElement/BaseVideoElement.tsx(113,13): error TS7026: JSX element implicitly has type 'any' because no interface 'JSX.IntrinsicElements' exists.
components/slide-renderer/components/element/VideoElement/BaseVideoElement.tsx(115,15): error TS7026: JSX element implicitly has type 'any' because no interface 'JSX.IntrinsicElements' exists.
components/slide-renderer/components/element/VideoElement/BaseVideoElement.tsx(115,60): error TS7026: JSX element implicitly has type 'any' because no interface 'JSX.IntrinsicElements' exists.
components/slide-renderer/components/element/VideoElement/BaseVideoElement.tsx(116,13): error TS7026: JSX element implicitly has type 'any' because no interface 'JSX.IntrinsicElements' exists.
components/slide-renderer/components/element/VideoElement/BaseVideoElement.tsx(117,11): error TS7026: JSX element implicitly has type 'any' because no interface 'JSX.IntrinsicElements' exists.
components/slide-renderer/components/element/VideoElement/BaseVideoElement.tsx(119,11): error TS7026: JSX element implicitly has type 'any' because no interface 'JSX.IntrinsicElements' exists.
components/slide-renderer/components/element/VideoElement/BaseVideoElement.tsx(120,13): error TS7026: JSX element implicitly has type 'any' because no interface 'JSX.IntrinsicElements' exists.
components/slide-renderer/components/element/VideoElement/BaseVideoElement.tsx(122,15): error TS7026: JSX element implicitly has type 'any' because no interface 'JSX.IntrinsicElements' exists.
components/slide-renderer/components/element/VideoElement/BaseVideoElement.tsx(123,13): error TS7026: JSX element implicitly has type 'any' because no interface 'JSX.IntrinsicElements' exists.
components/slide-renderer/components/element/VideoElement/BaseVideoElement.tsx(124,15): error TS7026: JSX element implicitly has type 'any' because no interface 'JSX.IntrinsicElements' exists.
components/slide-renderer/components/element/VideoElement/BaseVideoElement.tsx(134,13): error TS7026: JSX element implicitly has type 'any' because no interface 'JSX.IntrinsicElements' exists.
components/slide-renderer/components/element/VideoElement/BaseVideoElement.tsx(135,11): error TS7026: JSX element implicitly has type 'any' because no interface 'JSX.IntrinsicElements' exists.
components/slide-renderer/components/element/VideoElement/BaseVideoElement.tsx(137,11): error TS7026: JSX element implicitly has type 'any' because no interface 'JSX.IntrinsicElements' exists.
components/slide-renderer/components/element/VideoElement/BaseVideoElement.tsx(139,15): error TS7026: JSX element implicitly has type 'any' because no interface 'JSX.IntrinsicElements' exists.
components/slide-renderer/components/element/VideoElement/BaseVideoElement.tsx(141,17): error TS7026: JSX element implicitly has type 'any' because no interface 'JSX.IntrinsicElements' exists.
components/slide-renderer/components/element/VideoElement/BaseVideoElement.tsx(141,60): error TS7026: JSX element implicitly has type 'any' because no interface 'JSX.IntrinsicElements' exists.
components/slide-renderer/components/element/VideoElement/BaseVideoElement.tsx(142,15): error TS7026: JSX element implicitly has type 'any' because no interface 'JSX.IntrinsicElements' exists.
components/slide-renderer/components/element/VideoElement/BaseVideoElement.tsx(144,15): error TS7026: JSX element implicitly has type 'any' because no interface 'JSX.IntrinsicElements' exists.
components/slide-renderer/components/element/VideoElement/BaseVideoElement.tsx(146,17): error TS7026: JSX element implicitly has type 'any' because no interface 'JSX.IntrinsicElements' exists.
components/slide-renderer/components/element/VideoElement/BaseVideoElement.tsx(146,62): error TS7026: JSX element implicitly has type 'any' because no interface 'JSX.IntrinsicElements' exists.
components/slide-renderer/components/element/VideoElement/BaseVideoElement.tsx(147,15): error TS7026: JSX element implicitly has type 'any' because no interface 'JSX.IntrinsicElements' exists.
components/slide-renderer/components/element/VideoElement/BaseVideoElement.tsx(149,15): error TS7026: JSX element implicitly has type 'any' because no interface 'JSX.IntrinsicElements' exists.
components/slide-renderer/components/element/VideoElement/BaseVideoElement.tsx(150,27): error TS7006: Parameter 'e' implicitly has an 'any' type.
components/slide-renderer/components/element/VideoElement/BaseVideoElement.tsx(154,33): error TS7006: Parameter 'e' implicitly has an 'any' type.
components/slide-renderer/components/element/VideoElement/BaseVideoElement.tsx(159,15): error TS7026: JSX element implicitly has type 'any' because no interface 'JSX.IntrinsicElements' exists.
components/slide-renderer/components/element/VideoElement/BaseVideoElement.tsx(161,11): error TS7026: JSX element implicitly has type 'any' because no interface 'JSX.IntrinsicElements' exists.
components/slide-renderer/components/element/VideoElement/BaseVideoElement.tsx(164,11): error TS7026: JSX element implicitly has type 'any' because no interface 'JSX.IntrinsicElements' exists.
components/slide-renderer/components/element/VideoElement/BaseVideoElement.tsx(175,11): error TS7026: JSX element implicitly has type 'any' because no interface 'JSX.IntrinsicElements' exists.
components/slide-renderer/components/element/VideoElement/BaseVideoElement.tsx(176,13): error TS7026: JSX element implicitly has type 'any' because no interface 'JSX.IntrinsicElements' exists.
components/slide-renderer/components/element/VideoElement/BaseVideoElement.tsx(185,15): error TS7026: JSX element implicitly has type 'any' because no interface 'JSX.IntrinsicElements' exists.
components/slide-renderer/components/element/VideoElement/BaseVideoElement.tsx(186,13): error TS7026: JSX element implicitly has type 'any' because no interface 'JSX.IntrinsicElements' exists.
components/slide-renderer/components/element/VideoElement/BaseVideoElement.tsx(187,11): error TS7026: JSX element implicitly has type 'any' because no interface 'JSX.IntrinsicElements' exists.
components/slide-renderer/components/element/VideoElement/BaseVideoElement.tsx(189,7): error TS7026: JSX element implicitly has type 'any' because no interface 'JSX.IntrinsicElements' exists.
components/slide-renderer/components/element/VideoElement/BaseVideoElement.tsx(190,5): error TS7026: JSX element implicitly has type 'any' because no interface 'JSX.IntrinsicElements' exists.
components/slide-renderer/components/element/VideoElement/index.tsx(8,23): error TS2503: Cannot find namespace 'React'.
components/slide-renderer/components/element/VideoElement/index.tsx(8,42): error TS2503: Cannot find namespace 'React'.
components/slide-renderer/components/element/VideoElement/index.tsx(17,35): error TS2503: Cannot find namespace 'React'.
components/slide-renderer/components/element/VideoElement/index.tsx(17,54): error TS2503: Cannot find namespace 'React'.
components/slide-renderer/components/element/VideoElement/index.tsx(24,5): error TS7026: JSX element implicitly has type 'any' because no interface 'JSX.IntrinsicElements' exists.
components/slide-renderer/components/element/VideoElement/index.tsx(24,5): error TS2875: This JSX tag requires the module path 'react/jsx-runtime' to exist, but none could be found. Make sure you have types for the appropriate package installed.
components/slide-renderer/components/element/VideoElement/index.tsx(33,7): error TS7026: JSX element implicitly has type 'any' because no interface 'JSX.IntrinsicElements' exists.
components/slide-renderer/components/element/VideoElement/index.tsx(37,9): error TS7026: JSX element implicitly has type 'any' because no interface 'JSX.IntrinsicElements' exists.
components/slide-renderer/components/element/VideoElement/index.tsx(43,13): error TS7026: JSX element implicitly has type 'any' because no interface 'JSX.IntrinsicElements' exists.
components/slide-renderer/components/element/VideoElement/index.tsx(49,29): error TS7006: Parameter 'e' implicitly has an 'any' type.
components/slide-renderer/components/element/VideoElement/index.tsx(52,13): error TS7026: JSX element implicitly has type 'any' because no interface 'JSX.IntrinsicElements' exists.
components/slide-renderer/components/element/VideoElement/index.tsx(59,13): error TS7026: JSX element implicitly has type 'any' because no interface 'JSX.IntrinsicElements' exists.
components/slide-renderer/components/element/VideoElement/index.tsx(63,11): error TS7026: JSX element implicitly has type 'any' because no interface 'JSX.IntrinsicElements' exists.
components/slide-renderer/components/element/VideoElement/index.tsx(64,13): error TS7026: JSX element implicitly has type 'any' because no interface 'JSX.IntrinsicElements' exists.
components/slide-renderer/components/element/VideoElement/index.tsx(65,15): error TS7026: JSX element implicitly has type 'any' because no interface 'JSX.IntrinsicElements' exists.
components/slide-renderer/components/element/VideoElement/index.tsx(66,17): error TS7026: JSX element implicitly has type 'any' because no interface 'JSX.IntrinsicElements' exists.
components/slide-renderer/components/element/VideoElement/index.tsx(67,15): error TS7026: JSX element implicitly has type 'any' because no interface 'JSX.IntrinsicElements' exists.
components/slide-renderer/components/element/VideoElement/index.tsx(68,13): error TS7026: JSX element implicitly has type 'any' because no interface 'JSX.IntrinsicElements' exists.
components/slide-renderer/components/element/VideoElement/index.tsx(69,11): error TS7026: JSX element implicitly has type 'any' because no interface 'JSX.IntrinsicElements' exists.
components/slide-renderer/components/element/VideoElement/index.tsx(70,9): error TS7026: JSX element implicitly has type 'any' because no interface 'JSX.IntrinsicElements' exists.
components/slide-renderer/components/element/VideoElement/index.tsx(71,7): error TS7026: JSX element implicitly has type 'any' because no interface 'JSX.IntrinsicElements' exists.
components/slide-renderer/components/element/VideoElement/index.tsx(72,5): error TS7026: JSX element implicitly has type 'any' because no interface 'JSX.IntrinsicElements' exists.
components/slide-renderer/components/ThumbnailInteractive/index.tsx(1,54): error TS2307: Cannot find module 'react' or its corresponding type declarations.
components/slide-renderer/components/ThumbnailInteractive/index.tsx(59,5): error TS7026: JSX element implicitly has type 'any' because no interface 'JSX.IntrinsicElements' exists.
components/slide-renderer/components/ThumbnailInteractive/index.tsx(59,5): error TS2875: This JSX tag requires the module path 'react/jsx-runtime' to exist, but none could be found. Make sure you have types for the appropriate package installed.
components/slide-renderer/components/ThumbnailInteractive/index.tsx(69,9): error TS7026: JSX element implicitly has type 'any' because no interface 'JSX.IntrinsicElements' exists.
components/slide-renderer/components/ThumbnailInteractive/index.tsx(71,9): error TS7026: JSX element implicitly has type 'any' because no interface 'JSX.IntrinsicElements' exists.
components/slide-renderer/components/ThumbnailInteractive/index.tsx(73,9): error TS7026: JSX element implicitly has type 'any' because no interface 'JSX.IntrinsicElements' exists.
components/slide-renderer/components/ThumbnailInteractive/index.tsx(82,11): error TS7026: JSX element implicitly has type 'any' because no interface 'JSX.IntrinsicElements' exists.
components/slide-renderer/components/ThumbnailInteractive/index.tsx(89,9): error TS7026: JSX element implicitly has type 'any' because no interface 'JSX.IntrinsicElements' exists.
components/slide-renderer/components/ThumbnailInteractive/index.tsx(91,5): error TS7026: JSX element implicitly has type 'any' because no interface 'JSX.IntrinsicElements' exists.
components/slide-renderer/components/ThumbnailSlide/index.tsx(1,25): error TS2307: Cannot find module 'react' or its corresponding type declarations.
components/slide-renderer/components/ThumbnailSlide/index.tsx(40,7): error TS7026: JSX element implicitly has type 'any' because no interface 'JSX.IntrinsicElements' exists.
components/slide-renderer/components/ThumbnailSlide/index.tsx(40,7): error TS2875: This JSX tag requires the module path 'react/jsx-runtime' to exist, but none could be found. Make sure you have types for the appropriate package installed.
components/slide-renderer/components/ThumbnailSlide/index.tsx(47,9): error TS7026: JSX element implicitly has type 'any' because no interface 'JSX.IntrinsicElements' exists.
components/slide-renderer/components/ThumbnailSlide/index.tsx(49,9): error TS7026: JSX element implicitly has type 'any' because no interface 'JSX.IntrinsicElements' exists.
components/slide-renderer/components/ThumbnailSlide/index.tsx(50,7): error TS7026: JSX element implicitly has type 'any' because no interface 'JSX.IntrinsicElements' exists.
components/slide-renderer/components/ThumbnailSlide/index.tsx(55,5): error TS7026: JSX element implicitly has type 'any' because no interface 'JSX.IntrinsicElements' exists.
components/slide-renderer/components/ThumbnailSlide/index.tsx(62,7): error TS7026: JSX element implicitly has type 'any' because no interface 'JSX.IntrinsicElements' exists.
components/slide-renderer/components/ThumbnailSlide/index.tsx(71,9): error TS7026: JSX element implicitly has type 'any' because no interface 'JSX.IntrinsicElements' exists.
components/slide-renderer/components/ThumbnailSlide/index.tsx(75,29): error TS2322: Type '{ key: string; elementInfo: PPTElement; elementIndex: number; }' is not assignable to type 'ThumbnailElementProps'.
  Property 'key' does not exist on type 'ThumbnailElementProps'.
components/slide-renderer/components/ThumbnailSlide/index.tsx(77,7): error TS7026: JSX element implicitly has type 'any' because no interface 'JSX.IntrinsicElements' exists.
components/slide-renderer/components/ThumbnailSlide/index.tsx(78,5): error TS7026: JSX element implicitly has type 'any' because no interface 'JSX.IntrinsicElements' exists.
components/slide-renderer/components/ThumbnailSlide/ThumbnailElement.tsx(1,25): error TS2307: Cannot find module 'react' or its corresponding type declarations.
components/slide-renderer/components/ThumbnailSlide/ThumbnailElement.tsx(46,5): error TS7026: JSX element implicitly has type 'any' because no interface 'JSX.IntrinsicElements' exists.
components/slide-renderer/components/ThumbnailSlide/ThumbnailElement.tsx(46,5): error TS2875: This JSX tag requires the module path 'react/jsx-runtime' to exist, but none could be found. Make sure you have types for the appropriate package installed.
components/slide-renderer/components/ThumbnailSlide/ThumbnailElement.tsx(53,5): error TS7026: JSX element implicitly has type 'any' because no interface 'JSX.IntrinsicElements' exists.
components/slide-renderer/Editor/Canvas/AlignmentLine.tsx(25,5): error TS7026: JSX element implicitly has type 'any' because no interface 'JSX.IntrinsicElements' exists.
components/slide-renderer/Editor/Canvas/AlignmentLine.tsx(25,5): error TS2875: This JSX tag requires the module path 'react/jsx-runtime' to exist, but none could be found. Make sure you have types for the appropriate package installed.
components/slide-renderer/Editor/Canvas/AlignmentLine.tsx(32,7): error TS7026: JSX element implicitly has type 'any' because no interface 'JSX.IntrinsicElements' exists.
components/slide-renderer/Editor/Canvas/AlignmentLine.tsx(36,5): error TS7026: JSX element implicitly has type 'any' because no interface 'JSX.IntrinsicElements' exists.
components/slide-renderer/Editor/Canvas/EditableElement.tsx(1,25): error TS2307: Cannot find module 'react' or its corresponding type declarations.
components/slide-renderer/Editor/Canvas/EditableElement.tsx(40,8): error TS2503: Cannot find namespace 'React'.
components/slide-renderer/Editor/Canvas/EditableElement.tsx(40,27): error TS2503: Cannot find namespace 'React'.
components/slide-renderer/Editor/Canvas/EditableElement.tsx(219,7): error TS7026: JSX element implicitly has type 'any' because no interface 'JSX.IntrinsicElements' exists.
components/slide-renderer/Editor/Canvas/EditableElement.tsx(219,7): error TS2875: This JSX tag requires the module path 'react/jsx-runtime' to exist, but none could be found. Make sure you have types for the appropriate package installed.
components/slide-renderer/Editor/Canvas/EditableElement.tsx(229,9): error TS7026: JSX element implicitly has type 'any' because no interface 'JSX.IntrinsicElements' exists.
components/slide-renderer/Editor/Canvas/EditableElement.tsx(231,9): error TS7026: JSX element implicitly has type 'any' because no interface 'JSX.IntrinsicElements' exists.
components/slide-renderer/Editor/Canvas/EditableElement.tsx(232,7): error TS7026: JSX element implicitly has type 'any' because no interface 'JSX.IntrinsicElements' exists.
components/slide-renderer/Editor/Canvas/EditableElement.tsx(237,5): error TS7026: JSX element implicitly has type 'any' because no interface 'JSX.IntrinsicElements' exists.
components/slide-renderer/Editor/Canvas/EditableElement.tsx(269,37): error TS7006: Parameter 'e' implicitly has an 'any' type.
components/slide-renderer/Editor/Canvas/EditableElement.tsx(292,27): error TS7006: Parameter 'e' implicitly has an 'any' type.
components/slide-renderer/Editor/Canvas/EditableElement.tsx(306,5): error TS7026: JSX element implicitly has type 'any' because no interface 'JSX.IntrinsicElements' exists.
components/slide-renderer/Editor/Canvas/ElementCreateSelection.tsx(1,54): error TS2307: Cannot find module 'react' or its corresponding type declarations.
components/slide-renderer/Editor/Canvas/ElementCreateSelection.tsx(13,50): error TS7006: Parameter 'state' implicitly has an 'any' type.
components/slide-renderer/Editor/Canvas/ElementCreateSelection.tsx(28,31): error TS2503: Cannot find namespace 'React'.
components/slide-renderer/Editor/Canvas/ElementCreateSelection.tsx(173,5): error TS7026: JSX element implicitly has type 'any' because no interface 'JSX.IntrinsicElements' exists.
components/slide-renderer/Editor/Canvas/ElementCreateSelection.tsx(173,5): error TS2875: This JSX tag requires the module path 'react/jsx-runtime' to exist, but none could be found. Make sure you have types for the appropriate package installed.
components/slide-renderer/Editor/Canvas/ElementCreateSelection.tsx(176,21): error TS7006: Parameter 'e' implicitly has an 'any' type.
components/slide-renderer/Editor/Canvas/ElementCreateSelection.tsx(180,23): error TS7006: Parameter 'e' implicitly has an 'any' type.
components/slide-renderer/Editor/Canvas/ElementCreateSelection.tsx(186,9): error TS7026: JSX element implicitly has type 'any' because no interface 'JSX.IntrinsicElements' exists.
components/slide-renderer/Editor/Canvas/ElementCreateSelection.tsx(192,13): error TS7026: JSX element implicitly has type 'any' because no interface 'JSX.IntrinsicElements' exists.
components/slide-renderer/Editor/Canvas/ElementCreateSelection.tsx(193,15): error TS7026: JSX element implicitly has type 'any' because no interface 'JSX.IntrinsicElements' exists.
components/slide-renderer/Editor/Canvas/ElementCreateSelection.tsx(194,13): error TS7026: JSX element implicitly has type 'any' because no interface 'JSX.IntrinsicElements' exists.
components/slide-renderer/Editor/Canvas/ElementCreateSelection.tsx(196,9): error TS7026: JSX element implicitly has type 'any' because no interface 'JSX.IntrinsicElements' exists.
components/slide-renderer/Editor/Canvas/ElementCreateSelection.tsx(198,5): error TS7026: JSX element implicitly has type 'any' because no interface 'JSX.IntrinsicElements' exists.
components/slide-renderer/Editor/Canvas/GridLines.tsx(1,25): error TS2307: Cannot find module 'react' or its corresponding type declarations.
components/slide-renderer/Editor/Canvas/GridLines.tsx(40,5): error TS7026: JSX element implicitly has type 'any' because no interface 'JSX.IntrinsicElements' exists.
components/slide-renderer/Editor/Canvas/GridLines.tsx(40,5): error TS2875: This JSX tag requires the module path 'react/jsx-runtime' to exist, but none could be found. Make sure you have types for the appropriate package installed.
components/slide-renderer/Editor/Canvas/GridLines.tsx(46,7): error TS7026: JSX element implicitly has type 'any' because no interface 'JSX.IntrinsicElements' exists.
components/slide-renderer/Editor/Canvas/GridLines.tsx(47,5): error TS7026: JSX element implicitly has type 'any' because no interface 'JSX.IntrinsicElements' exists.
components/slide-renderer/Editor/Canvas/hooks/useCommonOperate.ts(1,25): error TS2307: Cannot find module 'react' or its corresponding type declarations.
components/slide-renderer/Editor/Canvas/hooks/useDragElement.ts(1,29): error TS2307: Cannot find module 'react' or its corresponding type declarations.
components/slide-renderer/Editor/Canvas/hooks/useDragElement.ts(17,19): error TS2503: Cannot find namespace 'React'.
components/slide-renderer/Editor/Canvas/hooks/useDragElement.ts(18,19): error TS2503: Cannot find namespace 'React'.
components/slide-renderer/Editor/Canvas/hooks/useDragElement.ts(18,34): error TS2503: Cannot find namespace 'React'.
components/slide-renderer/Editor/Canvas/hooks/useDragElement.ts(19,22): error TS2503: Cannot find namespace 'React'.
components/slide-renderer/Editor/Canvas/hooks/useDragElement.ts(19,37): error TS2503: Cannot find namespace 'React'.
components/slide-renderer/Editor/Canvas/hooks/useDragElement.ts(24,43): error TS7006: Parameter 'state' implicitly has an 'any' type.
components/slide-renderer/Editor/Canvas/hooks/useDragElement.ts(33,9): error TS2503: Cannot find namespace 'React'.
components/slide-renderer/Editor/Canvas/hooks/useDragElement.ts(33,28): error TS2503: Cannot find namespace 'React'.
components/slide-renderer/Editor/Canvas/hooks/useDragElement.ts(326,53): error TS7006: Parameter 'el' implicitly has an 'any' type.
components/slide-renderer/Editor/Canvas/hooks/useDragElement.ts(336,62): error TS7006: Parameter 'el' implicitly has an 'any' type.
components/slide-renderer/Editor/Canvas/hooks/useDragElement.ts(339,53): error TS7006: Parameter 'el' implicitly has an 'any' type.
components/slide-renderer/Editor/Canvas/hooks/useDragLineElement.ts(1,29): error TS2307: Cannot find module 'react' or its corresponding type declarations.
components/slide-renderer/Editor/Canvas/hooks/useDragLineElement.ts(21,19): error TS2503: Cannot find namespace 'React'.
components/slide-renderer/Editor/Canvas/hooks/useDragLineElement.ts(22,19): error TS2503: Cannot find namespace 'React'.
components/slide-renderer/Editor/Canvas/hooks/useDragLineElement.ts(22,34): error TS2503: Cannot find namespace 'React'.
components/slide-renderer/Editor/Canvas/hooks/useDragLineElement.ts(26,50): error TS7006: Parameter 'state' implicitly has an 'any' type.
components/slide-renderer/Editor/Canvas/hooks/useDragLineElement.ts(31,9): error TS2503: Cannot find namespace 'React'.
components/slide-renderer/Editor/Canvas/hooks/useDragLineElement.ts(189,57): error TS7006: Parameter 'el' implicitly has an 'any' type.
components/slide-renderer/Editor/Canvas/hooks/useDrop.ts(1,43): error TS2307: Cannot find module 'react' or its corresponding type declarations.
components/slide-renderer/Editor/Canvas/hooks/useInsertFromCreateSelection.ts(1,45): error TS2307: Cannot find module 'react' or its corresponding type declarations.
components/slide-renderer/Editor/Canvas/hooks/useMouseSelection.ts(1,55): error TS2307: Cannot find module 'react' or its corresponding type declarations.
components/slide-renderer/Editor/Canvas/hooks/useMouseSelection.ts(8,19): error TS2503: Cannot find namespace 'React'.
components/slide-renderer/Editor/Canvas/hooks/useMouseSelection.ts(23,50): error TS7006: Parameter 'state' implicitly has an 'any' type.
components/slide-renderer/Editor/Canvas/hooks/useMouseSelection.ts(27,9): error TS2503: Cannot find namespace 'React'.
components/slide-renderer/Editor/Canvas/hooks/useMouseSelection.ts(74,28): error TS7006: Parameter 'prev' implicitly has an 'any' type.
components/slide-renderer/Editor/Canvas/hooks/useMouseSelection.ts(166,16): error TS7006: Parameter 'element' implicitly has an 'any' type.
components/slide-renderer/Editor/Canvas/hooks/useMouseSelection.ts(168,44): error TS7006: Parameter 'groupElement' implicitly has an 'any' type.
components/slide-renderer/Editor/Canvas/hooks/useMoveShapeKeypoint.ts(1,29): error TS2307: Cannot find module 'react' or its corresponding type declarations.
components/slide-renderer/Editor/Canvas/hooks/useMoveShapeKeypoint.ts(23,19): error TS2503: Cannot find namespace 'React'.
components/slide-renderer/Editor/Canvas/hooks/useMoveShapeKeypoint.ts(24,19): error TS2503: Cannot find namespace 'React'.
components/slide-renderer/Editor/Canvas/hooks/useMoveShapeKeypoint.ts(24,34): error TS2503: Cannot find namespace 'React'.
components/slide-renderer/Editor/Canvas/hooks/useMoveShapeKeypoint.ts(32,9): error TS2503: Cannot find namespace 'React'.
components/slide-renderer/Editor/Canvas/hooks/useMoveShapeKeypoint.ts(32,28): error TS2503: Cannot find namespace 'React'.
components/slide-renderer/Editor/Canvas/hooks/useMoveShapeKeypoint.ts(68,57): error TS7006: Parameter 'el' implicitly has an 'any' type.
components/slide-renderer/Editor/Canvas/hooks/useRotateElement.ts(1,45): error TS2307: Cannot find module 'react' or its corresponding type declarations.
components/slide-renderer/Editor/Canvas/hooks/useRotateElement.ts(32,19): error TS2503: Cannot find namespace 'React'.
components/slide-renderer/Editor/Canvas/hooks/useRotateElement.ts(33,19): error TS2503: Cannot find namespace 'React'.
components/slide-renderer/Editor/Canvas/hooks/useRotateElement.ts(33,34): error TS2503: Cannot find namespace 'React'.
components/slide-renderer/Editor/Canvas/hooks/useRotateElement.ts(44,10): error TS2503: Cannot find namespace 'React'.
components/slide-renderer/Editor/Canvas/hooks/useRotateElement.ts(44,29): error TS2503: Cannot find namespace 'React'.
components/slide-renderer/Editor/Canvas/hooks/useRotateElement.ts(96,57): error TS7006: Parameter 'el' implicitly has an 'any' type.
components/slide-renderer/Editor/Canvas/hooks/useScaleElement.ts(1,29): error TS2307: Cannot find module 'react' or its corresponding type declarations.
components/slide-renderer/Editor/Canvas/hooks/useScaleElement.ts(125,19): error TS2503: Cannot find namespace 'React'.
components/slide-renderer/Editor/Canvas/hooks/useScaleElement.ts(126,19): error TS2503: Cannot find namespace 'React'.
components/slide-renderer/Editor/Canvas/hooks/useScaleElement.ts(126,34): error TS2503: Cannot find namespace 'React'.
components/slide-renderer/Editor/Canvas/hooks/useScaleElement.ts(127,22): error TS2503: Cannot find namespace 'React'.
components/slide-renderer/Editor/Canvas/hooks/useScaleElement.ts(127,37): error TS2503: Cannot find namespace 'React'.
components/slide-renderer/Editor/Canvas/hooks/useScaleElement.ts(139,50): error TS7006: Parameter 'state' implicitly has an 'any' type.
components/slide-renderer/Editor/Canvas/hooks/useScaleElement.ts(146,10): error TS2503: Cannot find namespace 'React'.
components/slide-renderer/Editor/Canvas/hooks/useScaleElement.ts(146,29): error TS2503: Cannot find namespace 'React'.
components/slide-renderer/Editor/Canvas/hooks/useScaleElement.ts(486,57): error TS7006: Parameter 'el' implicitly has an 'any' type.
components/slide-renderer/Editor/Canvas/hooks/useScaleElement.ts(575,9): error TS2503: Cannot find namespace 'React'.
components/slide-renderer/Editor/Canvas/hooks/useScaleElement.ts(651,57): error TS7006: Parameter 'el' implicitly has an 'any' type.
components/slide-renderer/Editor/Canvas/hooks/useSelectElement.ts(1,29): error TS2307: Cannot find module 'react' or its corresponding type declarations.
components/slide-renderer/Editor/Canvas/hooks/useSelectElement.ts(2,22): error TS2307: Cannot find module 'lodash' or its corresponding type declarations.
components/slide-renderer/Editor/Canvas/hooks/useSelectElement.ts(12,19): error TS2503: Cannot find namespace 'React'.
components/slide-renderer/Editor/Canvas/hooks/useSelectElement.ts(13,20): error TS2503: Cannot find namespace 'React'.
components/slide-renderer/Editor/Canvas/hooks/useSelectElement.ts(13,39): error TS2503: Cannot find namespace 'React'.
components/slide-renderer/Editor/Canvas/hooks/useSelectElement.ts(24,50): error TS7006: Parameter 'state' implicitly has an 'any' type.
components/slide-renderer/Editor/Canvas/hooks/useSelectElement.ts(29,9): error TS2503: Cannot find namespace 'React'.
components/slide-renderer/Editor/Canvas/hooks/useSelectElement.ts(29,28): error TS2503: Cannot find namespace 'React'.
components/slide-renderer/Editor/Canvas/hooks/useSelectElement.ts(67,57): error TS7006: Parameter 'id' implicitly has an 'any' type.
components/slide-renderer/Editor/Canvas/hooks/useSelectElement.ts(69,57): error TS7006: Parameter 'id' implicitly has an 'any' type.
components/slide-renderer/Editor/Canvas/hooks/useViewportSize.ts(1,83): error TS2307: Cannot find module 'react' or its corresponding type declarations.
components/slide-renderer/Editor/Canvas/hooks/useViewportSize.ts(61,26): error TS7006: Parameter 'prev' implicitly has an 'any' type.
components/slide-renderer/Editor/Canvas/hooks/useViewportSize.ts(62,25): error TS7006: Parameter 'prev' implicitly has an 'any' type.
components/slide-renderer/Editor/Canvas/hooks/useViewportSize.ts(71,26): error TS7006: Parameter 'prev' implicitly has an 'any' type.
components/slide-renderer/Editor/Canvas/hooks/useViewportSize.ts(72,25): error TS7006: Parameter 'prev' implicitly has an 'any' type.
components/slide-renderer/Editor/Canvas/hooks/useViewportSize.ts(117,9): error TS2503: Cannot find namespace 'React'.
components/slide-renderer/Editor/Canvas/index.tsx(3,45): error TS2307: Cannot find module 'react' or its corresponding type declarations.
components/slide-renderer/Editor/Canvas/index.tsx(86,43): error TS7006: Parameter 'state' implicitly has an 'any' type.
components/slide-renderer/Editor/Canvas/index.tsx(138,36): error TS2503: Cannot find namespace 'React'.
components/slide-renderer/Editor/Canvas/index.tsx(162,31): error TS2503: Cannot find namespace 'React'.
components/slide-renderer/Editor/Canvas/index.tsx(227,5): error TS2875: This JSX tag requires the module path 'react/jsx-runtime' to exist, but none could be found. Make sure you have types for the appropriate package installed.
components/slide-renderer/Editor/Canvas/index.tsx(229,9): error TS7026: JSX element implicitly has type 'any' because no interface 'JSX.IntrinsicElements' exists.
components/slide-renderer/Editor/Canvas/index.tsx(250,11): error TS7026: JSX element implicitly has type 'any' because no interface 'JSX.IntrinsicElements' exists.
components/slide-renderer/Editor/Canvas/index.tsx(260,13): error TS7026: JSX element implicitly has type 'any' because no interface 'JSX.IntrinsicElements' exists.
components/slide-renderer/Editor/Canvas/index.tsx(262,36): error TS7006: Parameter 'line' implicitly has an 'any' type.
components/slide-renderer/Editor/Canvas/index.tsx(262,42): error TS7006: Parameter 'index' implicitly has an 'any' type.
components/slide-renderer/Editor/Canvas/index.tsx(264,19): error TS2322: Type '{ key: string; type: any; axis: any; length: any; canvasScale: any; }' is not assignable to type 'AlignmentLineComponentProps'.
  Property 'key' does not exist on type 'AlignmentLineComponentProps'.
components/slide-renderer/Editor/Canvas/index.tsx(285,23): error TS2322: Type '{ key: string; elementInfo: PPTElement; isSelected: any; isActive: boolean; isActiveGroupElement: boolean; isMultiSelect: boolean; rotateElement: any; scaleElement: any; dragLineElement: any; moveShapeKeypoint: any; openLinkDialog: () => void; }' is not assignable to type 'OperateProps'.
  Property 'key' does not exist on type 'OperateProps'.
components/slide-renderer/Editor/Canvas/index.tsx(301,13): error TS7026: JSX element implicitly has type 'any' because no interface 'JSX.IntrinsicElements' exists.
components/slide-renderer/Editor/Canvas/index.tsx(304,13): error TS7026: JSX element implicitly has type 'any' because no interface 'JSX.IntrinsicElements' exists.
components/slide-renderer/Editor/Canvas/index.tsx(332,21): error TS2322: Type '{ key: string; elementInfo: PPTElement; elementIndex: number; isMultiSelect: boolean; selectElement: any; openLinkDialog: () => void; }' is not assignable to type 'EditableElementProps'.
  Property 'key' does not exist on type 'EditableElementProps'.
components/slide-renderer/Editor/Canvas/index.tsx(341,13): error TS7026: JSX element implicitly has type 'any' because no interface 'JSX.IntrinsicElements' exists.
components/slide-renderer/Editor/Canvas/index.tsx(342,11): error TS7026: JSX element implicitly has type 'any' because no interface 'JSX.IntrinsicElements' exists.
components/slide-renderer/Editor/Canvas/index.tsx(348,29): error TS7026: JSX element implicitly has type 'any' because no interface 'JSX.IntrinsicElements' exists.
components/slide-renderer/Editor/Canvas/index.tsx(351,33): error TS7026: JSX element implicitly has type 'any' because no interface 'JSX.IntrinsicElements' exists.
components/slide-renderer/Editor/Canvas/index.tsx(351,60): error TS7026: JSX element implicitly has type 'any' because no interface 'JSX.IntrinsicElements' exists.
components/slide-renderer/Editor/Canvas/index.tsx(352,9): error TS7026: JSX element implicitly has type 'any' because no interface 'JSX.IntrinsicElements' exists.
components/slide-renderer/Editor/Canvas/index.tsx(375,35): error TS7006: Parameter 'e' implicitly has an 'any' type.
components/slide-renderer/Editor/Canvas/index.tsx(398,25): error TS7006: Parameter 'e' implicitly has an 'any' type.
components/slide-renderer/Editor/Canvas/MouseSelection.tsx(32,5): error TS2875: This JSX tag requires the module path 'react/jsx-runtime' to exist, but none could be found. Make sure you have types for the appropriate package installed.
components/slide-renderer/Editor/Canvas/MouseSelection.tsx(32,5): error TS7026: JSX element implicitly has type 'any' because no interface 'JSX.IntrinsicElements' exists.
components/slide-renderer/Editor/Canvas/Operate/BorderLine.tsx(6,20): error TS2503: Cannot find namespace 'React'.
components/slide-renderer/Editor/Canvas/Operate/BorderLine.tsx(30,5): error TS2875: This JSX tag requires the module path 'react/jsx-runtime' to exist, but none could be found. Make sure you have types for the appropriate package installed.
components/slide-renderer/Editor/Canvas/Operate/BorderLine.tsx(30,5): error TS7026: JSX element implicitly has type 'any' because no interface 'JSX.IntrinsicElements' exists.
components/slide-renderer/Editor/Canvas/Operate/CommonElementOperate.tsx(1,25): error TS2307: Cannot find module 'react' or its corresponding type declarations.
components/slide-renderer/Editor/Canvas/Operate/CommonElementOperate.tsx(20,31): error TS2503: Cannot find namespace 'React'.
components/slide-renderer/Editor/Canvas/Operate/CommonElementOperate.tsx(22,8): error TS2503: Cannot find namespace 'React'.
components/slide-renderer/Editor/Canvas/Operate/CommonElementOperate.tsx(52,5): error TS7026: JSX element implicitly has type 'any' because no interface 'JSX.IntrinsicElements' exists.
components/slide-renderer/Editor/Canvas/Operate/CommonElementOperate.tsx(52,5): error TS2875: This JSX tag requires the module path 'react/jsx-runtime' to exist, but none could be found. Make sure you have types for the appropriate package installed.
components/slide-renderer/Editor/Canvas/Operate/CommonElementOperate.tsx(53,25): error TS7006: Parameter 'line' implicitly has an 'any' type.
components/slide-renderer/Editor/Canvas/Operate/CommonElementOperate.tsx(55,11): error TS2322: Type '{ key: any; type: any; style: any; className: string; }' is not assignable to type 'BorderLineProps'.
  Property 'key' does not exist on type 'BorderLineProps'.
components/slide-renderer/Editor/Canvas/Operate/CommonElementOperate.tsx(63,32): error TS7006: Parameter 'point' implicitly has an 'any' type.
components/slide-renderer/Editor/Canvas/Operate/CommonElementOperate.tsx(65,15): error TS2322: Type '{ key: any; type: any; rotate: number; style: any; className: string; onMouseDown: (e: React.MouseEvent) => void; }' is not assignable to type 'ResizeHandlerProps'.
  Property 'key' does not exist on type 'ResizeHandlerProps'.
components/slide-renderer/Editor/Canvas/Operate/CommonElementOperate.tsx(88,5): error TS7026: JSX element implicitly has type 'any' because no interface 'JSX.IntrinsicElements' exists.
components/slide-renderer/Editor/Canvas/Operate/ImageElementOperate.tsx(1,25): error TS2307: Cannot find module 'react' or its corresponding type declarations.
components/slide-renderer/Editor/Canvas/Operate/ImageElementOperate.tsx(13,31): error TS2503: Cannot find namespace 'React'.
components/slide-renderer/Editor/Canvas/Operate/ImageElementOperate.tsx(15,8): error TS2503: Cannot find namespace 'React'.
components/slide-renderer/Editor/Canvas/Operate/ImageElementOperate.tsx(46,5): error TS7026: JSX element implicitly has type 'any' because no interface 'JSX.IntrinsicElements' exists.
components/slide-renderer/Editor/Canvas/Operate/ImageElementOperate.tsx(46,5): error TS2875: This JSX tag requires the module path 'react/jsx-runtime' to exist, but none could be found. Make sure you have types for the appropriate package installed.
components/slide-renderer/Editor/Canvas/Operate/ImageElementOperate.tsx(47,25): error TS7006: Parameter 'line' implicitly has an 'any' type.
components/slide-renderer/Editor/Canvas/Operate/ImageElementOperate.tsx(49,11): error TS2322: Type '{ key: any; type: any; style: any; className: string; }' is not assignable to type 'BorderLineProps'.
  Property 'key' does not exist on type 'BorderLineProps'.
components/slide-renderer/Editor/Canvas/Operate/ImageElementOperate.tsx(57,32): error TS7006: Parameter 'point' implicitly has an 'any' type.
components/slide-renderer/Editor/Canvas/Operate/ImageElementOperate.tsx(59,15): error TS2322: Type '{ key: any; type: any; rotate: number; style: any; className: string; onMouseDown: (e: React.MouseEvent) => void; }' is not assignable to type 'ResizeHandlerProps'.
  Property 'key' does not exist on type 'ResizeHandlerProps'.
components/slide-renderer/Editor/Canvas/Operate/ImageElementOperate.tsx(80,5): error TS7026: JSX element implicitly has type 'any' because no interface 'JSX.IntrinsicElements' exists.
components/slide-renderer/Editor/Canvas/Operate/index.tsx(1,25): error TS2307: Cannot find module 'react' or its corresponding type declarations.
components/slide-renderer/Editor/Canvas/Operate/index.tsx(30,8): error TS2503: Cannot find namespace 'React'.
components/slide-renderer/Editor/Canvas/Operate/index.tsx(37,8): error TS2503: Cannot find namespace 'React'.
components/slide-renderer/Editor/Canvas/Operate/index.tsx(42,8): error TS2503: Cannot find namespace 'React'.
components/slide-renderer/Editor/Canvas/Operate/index.tsx(47,8): error TS2503: Cannot find namespace 'React'.
components/slide-renderer/Editor/Canvas/Operate/index.tsx(123,59): error TS7006: Parameter 'item' implicitly has an 'any' type.
components/slide-renderer/Editor/Canvas/Operate/index.tsx(135,5): error TS7026: JSX element implicitly has type 'any' because no interface 'JSX.IntrinsicElements' exists.
components/slide-renderer/Editor/Canvas/Operate/index.tsx(135,5): error TS2875: This JSX tag requires the module path 'react/jsx-runtime' to exist, but none could be found. Make sure you have types for the appropriate package installed.
components/slide-renderer/Editor/Canvas/Operate/index.tsx(160,9): error TS7026: JSX element implicitly has type 'any' because no interface 'JSX.IntrinsicElements' exists.
components/slide-renderer/Editor/Canvas/Operate/index.tsx(161,45): error TS7006: Parameter 'index' implicitly has an 'any' type.
components/slide-renderer/Editor/Canvas/Operate/index.tsx(162,13): error TS7026: JSX element implicitly has type 'any' because no interface 'JSX.IntrinsicElements' exists.
components/slide-renderer/Editor/Canvas/Operate/index.tsx(167,13): error TS7026: JSX element implicitly has type 'any' because no interface 'JSX.IntrinsicElements' exists.
components/slide-renderer/Editor/Canvas/Operate/index.tsx(169,9): error TS7026: JSX element implicitly has type 'any' because no interface 'JSX.IntrinsicElements' exists.
components/slide-renderer/Editor/Canvas/Operate/index.tsx(171,5): error TS7026: JSX element implicitly has type 'any' because no interface 'JSX.IntrinsicElements' exists.
components/slide-renderer/Editor/Canvas/Operate/LineElementOperate.tsx(1,25): error TS2307: Cannot find module 'react' or its corresponding type declarations.
components/slide-renderer/Editor/Canvas/Operate/LineElementOperate.tsx(11,8): error TS2503: Cannot find namespace 'React'.
components/slide-renderer/Editor/Canvas/Operate/LineElementOperate.tsx(86,5): error TS7026: JSX element implicitly has type 'any' because no interface 'JSX.IntrinsicElements' exists.
components/slide-renderer/Editor/Canvas/Operate/LineElementOperate.tsx(86,5): error TS2875: This JSX tag requires the module path 'react/jsx-runtime' to exist, but none could be found. Make sure you have types for the appropriate package installed.
components/slide-renderer/Editor/Canvas/Operate/LineElementOperate.tsx(89,32): error TS7006: Parameter 'point' implicitly has an 'any' type.
components/slide-renderer/Editor/Canvas/Operate/LineElementOperate.tsx(91,15): error TS2322: Type '{ key: any; style: any; className: string; onMouseDown: (e: React.MouseEvent) => void; }' is not assignable to type 'ResizeHandlerProps'.
  Property 'key' does not exist on type 'ResizeHandlerProps'.
components/slide-renderer/Editor/Canvas/Operate/LineElementOperate.tsx(101,11): error TS7026: JSX element implicitly has type 'any' because no interface 'JSX.IntrinsicElements' exists.
components/slide-renderer/Editor/Canvas/Operate/LineElementOperate.tsx(109,15): error TS7026: JSX element implicitly has type 'any' because no interface 'JSX.IntrinsicElements' exists.
components/slide-renderer/Editor/Canvas/Operate/LineElementOperate.tsx(110,17): error TS7026: JSX element implicitly has type 'any' because no interface 'JSX.IntrinsicElements' exists.
components/slide-renderer/Editor/Canvas/Operate/LineElementOperate.tsx(117,17): error TS7026: JSX element implicitly has type 'any' because no interface 'JSX.IntrinsicElements' exists.
components/slide-renderer/Editor/Canvas/Operate/LineElementOperate.tsx(124,15): error TS7026: JSX element implicitly has type 'any' because no interface 'JSX.IntrinsicElements' exists.
components/slide-renderer/Editor/Canvas/Operate/LineElementOperate.tsx(127,15): error TS7026: JSX element implicitly has type 'any' because no interface 'JSX.IntrinsicElements' exists.
components/slide-renderer/Editor/Canvas/Operate/LineElementOperate.tsx(129,19): error TS7026: JSX element implicitly has type 'any' because no interface 'JSX.IntrinsicElements' exists.
components/slide-renderer/Editor/Canvas/Operate/LineElementOperate.tsx(138,19): error TS7026: JSX element implicitly has type 'any' because no interface 'JSX.IntrinsicElements' exists.
components/slide-renderer/Editor/Canvas/Operate/LineElementOperate.tsx(146,15): error TS7026: JSX element implicitly has type 'any' because no interface 'JSX.IntrinsicElements' exists.
components/slide-renderer/Editor/Canvas/Operate/LineElementOperate.tsx(148,11): error TS7026: JSX element implicitly has type 'any' because no interface 'JSX.IntrinsicElements' exists.
components/slide-renderer/Editor/Canvas/Operate/LineElementOperate.tsx(151,5): error TS7026: JSX element implicitly has type 'any' because no interface 'JSX.IntrinsicElements' exists.
components/slide-renderer/Editor/Canvas/Operate/MultiSelectOperate.tsx(1,46): error TS2307: Cannot find module 'react' or its corresponding type declarations.
components/slide-renderer/Editor/Canvas/Operate/MultiSelectOperate.tsx(13,8): error TS2503: Cannot find namespace 'React'.
components/slide-renderer/Editor/Canvas/Operate/MultiSelectOperate.tsx(49,41): error TS7006: Parameter 'item' implicitly has an 'any' type.
components/slide-renderer/Editor/Canvas/Operate/MultiSelectOperate.tsx(56,5): error TS7026: JSX element implicitly has type 'any' because no interface 'JSX.IntrinsicElements' exists.
components/slide-renderer/Editor/Canvas/Operate/MultiSelectOperate.tsx(56,5): error TS2875: This JSX tag requires the module path 'react/jsx-runtime' to exist, but none could be found. Make sure you have types for the appropriate package installed.
components/slide-renderer/Editor/Canvas/Operate/MultiSelectOperate.tsx(64,25): error TS7006: Parameter 'line' implicitly has an 'any' type.
components/slide-renderer/Editor/Canvas/Operate/MultiSelectOperate.tsx(65,21): error TS2322: Type '{ key: any; type: any; style: any; }' is not assignable to type 'BorderLineProps'.
  Property 'key' does not exist on type 'BorderLineProps'.
components/slide-renderer/Editor/Canvas/Operate/MultiSelectOperate.tsx(69,29): error TS7006: Parameter 'point' implicitly has an 'any' type.
components/slide-renderer/Editor/Canvas/Operate/MultiSelectOperate.tsx(71,13): error TS2322: Type '{ key: any; type: any; style: any; onMouseDown: (e: React.MouseEvent) => void; }' is not assignable to type 'ResizeHandlerProps'.
  Property 'key' does not exist on type 'ResizeHandlerProps'.
components/slide-renderer/Editor/Canvas/Operate/MultiSelectOperate.tsx(80,5): error TS7026: JSX element implicitly has type 'any' because no interface 'JSX.IntrinsicElements' exists.
components/slide-renderer/Editor/Canvas/Operate/ResizeHandler.tsx(1,25): error TS2307: Cannot find module 'react' or its corresponding type declarations.
components/slide-renderer/Editor/Canvas/Operate/ResizeHandler.tsx(7,20): error TS2503: Cannot find namespace 'React'.
components/slide-renderer/Editor/Canvas/Operate/ResizeHandler.tsx(9,30): error TS2503: Cannot find namespace 'React'.
components/slide-renderer/Editor/Canvas/Operate/ResizeHandler.tsx(80,5): error TS2875: This JSX tag requires the module path 'react/jsx-runtime' to exist, but none could be found. Make sure you have types for the appropriate package installed.
components/slide-renderer/Editor/Canvas/Operate/ResizeHandler.tsx(80,5): error TS7026: JSX element implicitly has type 'any' because no interface 'JSX.IntrinsicElements' exists.
components/slide-renderer/Editor/Canvas/Operate/RotateHandler.tsx(2,20): error TS2503: Cannot find namespace 'React'.
components/slide-renderer/Editor/Canvas/Operate/RotateHandler.tsx(4,30): error TS2503: Cannot find namespace 'React'.
components/slide-renderer/Editor/Canvas/Operate/RotateHandler.tsx(9,5): error TS2875: This JSX tag requires the module path 'react/jsx-runtime' to exist, but none could be found. Make sure you have types for the appropriate package installed.
components/slide-renderer/Editor/Canvas/Operate/RotateHandler.tsx(9,5): error TS7026: JSX element implicitly has type 'any' because no interface 'JSX.IntrinsicElements' exists.
components/slide-renderer/Editor/Canvas/Operate/ShapeElementOperate.tsx(1,25): error TS2307: Cannot find module 'react' or its corresponding type declarations.
components/slide-renderer/Editor/Canvas/Operate/ShapeElementOperate.tsx(14,31): error TS2503: Cannot find namespace 'React'.
components/slide-renderer/Editor/Canvas/Operate/ShapeElementOperate.tsx(16,8): error TS2503: Cannot find namespace 'React'.
components/slide-renderer/Editor/Canvas/Operate/ShapeElementOperate.tsx(21,8): error TS2503: Cannot find namespace 'React'.
components/slide-renderer/Editor/Canvas/Operate/ShapeElementOperate.tsx(55,19): error TS2503: Cannot find namespace 'React'.
components/slide-renderer/Editor/Canvas/Operate/ShapeElementOperate.tsx(99,5): error TS7026: JSX element implicitly has type 'any' because no interface 'JSX.IntrinsicElements' exists.
components/slide-renderer/Editor/Canvas/Operate/ShapeElementOperate.tsx(99,5): error TS2875: This JSX tag requires the module path 'react/jsx-runtime' to exist, but none could be found. Make sure you have types for the appropriate package installed.
components/slide-renderer/Editor/Canvas/Operate/ShapeElementOperate.tsx(100,25): error TS7006: Parameter 'line' implicitly has an 'any' type.
components/slide-renderer/Editor/Canvas/Operate/ShapeElementOperate.tsx(102,11): error TS2322: Type '{ key: any; type: any; style: any; className: string; }' is not assignable to type 'BorderLineProps'.
  Property 'key' does not exist on type 'BorderLineProps'.
components/slide-renderer/Editor/Canvas/Operate/ShapeElementOperate.tsx(110,32): error TS7006: Parameter 'point' implicitly has an 'any' type.
components/slide-renderer/Editor/Canvas/Operate/ShapeElementOperate.tsx(112,15): error TS2322: Type '{ key: any; type: any; rotate: number; style: any; className: string; onMouseDown: (e: React.MouseEvent) => void; }' is not assignable to type 'ResizeHandlerProps'.
  Property 'key' does not exist on type 'ResizeHandlerProps'.
components/slide-renderer/Editor/Canvas/Operate/ShapeElementOperate.tsx(131,27): error TS7006: Parameter 'keypoint' implicitly has an 'any' type.
components/slide-renderer/Editor/Canvas/Operate/ShapeElementOperate.tsx(131,37): error TS7006: Parameter 'index' implicitly has an 'any' type.
components/slide-renderer/Editor/Canvas/Operate/ShapeElementOperate.tsx(132,13): error TS7026: JSX element implicitly has type 'any' because no interface 'JSX.IntrinsicElements' exists.
components/slide-renderer/Editor/Canvas/Operate/ShapeElementOperate.tsx(136,29): error TS7006: Parameter 'e' implicitly has an 'any' type.
components/slide-renderer/Editor/Canvas/Operate/ShapeElementOperate.tsx(144,5): error TS7026: JSX element implicitly has type 'any' because no interface 'JSX.IntrinsicElements' exists.
components/slide-renderer/Editor/Canvas/Operate/TableElementOperate.tsx(1,25): error TS2307: Cannot find module 'react' or its corresponding type declarations.
components/slide-renderer/Editor/Canvas/Operate/TableElementOperate.tsx(13,31): error TS2503: Cannot find namespace 'React'.
components/slide-renderer/Editor/Canvas/Operate/TableElementOperate.tsx(15,8): error TS2503: Cannot find namespace 'React'.
components/slide-renderer/Editor/Canvas/Operate/TableElementOperate.tsx(43,5): error TS7026: JSX element implicitly has type 'any' because no interface 'JSX.IntrinsicElements' exists.
components/slide-renderer/Editor/Canvas/Operate/TableElementOperate.tsx(43,5): error TS2875: This JSX tag requires the module path 'react/jsx-runtime' to exist, but none could be found. Make sure you have types for the appropriate package installed.
components/slide-renderer/Editor/Canvas/Operate/TableElementOperate.tsx(44,25): error TS7006: Parameter 'line' implicitly has an 'any' type.
components/slide-renderer/Editor/Canvas/Operate/TableElementOperate.tsx(46,11): error TS2322: Type '{ key: any; type: any; style: any; className: string; }' is not assignable to type 'BorderLineProps'.
  Property 'key' does not exist on type 'BorderLineProps'.
components/slide-renderer/Editor/Canvas/Operate/TableElementOperate.tsx(54,32): error TS7006: Parameter 'point' implicitly has an 'any' type.
components/slide-renderer/Editor/Canvas/Operate/TableElementOperate.tsx(56,15): error TS2322: Type '{ key: any; type: any; rotate: number; style: any; className: string; onMouseDown: (e: React.MouseEvent) => void; }' is not assignable to type 'ResizeHandlerProps'.
  Property 'key' does not exist on type 'ResizeHandlerProps'.
components/slide-renderer/Editor/Canvas/Operate/TableElementOperate.tsx(77,5): error TS7026: JSX element implicitly has type 'any' because no interface 'JSX.IntrinsicElements' exists.
components/slide-renderer/Editor/Canvas/Operate/TextElementOperate.tsx(1,25): error TS2307: Cannot find module 'react' or its corresponding type declarations.
components/slide-renderer/Editor/Canvas/Operate/TextElementOperate.tsx(13,31): error TS2503: Cannot find namespace 'React'.
components/slide-renderer/Editor/Canvas/Operate/TextElementOperate.tsx(15,8): error TS2503: Cannot find namespace 'React'.
components/slide-renderer/Editor/Canvas/Operate/TextElementOperate.tsx(46,5): error TS7026: JSX element implicitly has type 'any' because no interface 'JSX.IntrinsicElements' exists.
components/slide-renderer/Editor/Canvas/Operate/TextElementOperate.tsx(46,5): error TS2875: This JSX tag requires the module path 'react/jsx-runtime' to exist, but none could be found. Make sure you have types for the appropriate package installed.
components/slide-renderer/Editor/Canvas/Operate/TextElementOperate.tsx(47,25): error TS7006: Parameter 'line' implicitly has an 'any' type.
components/slide-renderer/Editor/Canvas/Operate/TextElementOperate.tsx(49,11): error TS2322: Type '{ key: any; type: any; style: any; className: string; }' is not assignable to type 'BorderLineProps'.
  Property 'key' does not exist on type 'BorderLineProps'.
components/slide-renderer/Editor/Canvas/Operate/TextElementOperate.tsx(57,32): error TS7006: Parameter 'point' implicitly has an 'any' type.
components/slide-renderer/Editor/Canvas/Operate/TextElementOperate.tsx(59,15): error TS2322: Type '{ key: any; type: any; rotate: number; style: any; className: string; onMouseDown: (e: React.MouseEvent) => void; }' is not assignable to type 'ResizeHandlerProps'.
  Property 'key' does not exist on type 'ResizeHandlerProps'.
components/slide-renderer/Editor/Canvas/Operate/TextElementOperate.tsx(80,5): error TS7026: JSX element implicitly has type 'any' because no interface 'JSX.IntrinsicElements' exists.
components/slide-renderer/Editor/Canvas/Ruler.tsx(1,46): error TS2307: Cannot find module 'react' or its corresponding type declarations.
components/slide-renderer/Editor/Canvas/Ruler.tsx(39,5): error TS7026: JSX element implicitly has type 'any' because no interface 'JSX.IntrinsicElements' exists.
components/slide-renderer/Editor/Canvas/Ruler.tsx(39,5): error TS2875: This JSX tag requires the module path 'react/jsx-runtime' to exist, but none could be found. Make sure you have types for the appropriate package installed.
components/slide-renderer/Editor/Canvas/Ruler.tsx(41,7): error TS7026: JSX element implicitly has type 'any' because no interface 'JSX.IntrinsicElements' exists.
components/slide-renderer/Editor/Canvas/Ruler.tsx(50,7): error TS7026: JSX element implicitly has type 'any' because no interface 'JSX.IntrinsicElements' exists.
components/slide-renderer/Editor/Canvas/Ruler.tsx(59,11): error TS7026: JSX element implicitly has type 'any' because no interface 'JSX.IntrinsicElements' exists.
components/slide-renderer/Editor/Canvas/Ruler.tsx(66,46): error TS7026: JSX element implicitly has type 'any' because no interface 'JSX.IntrinsicElements' exists.
components/slide-renderer/Editor/Canvas/Ruler.tsx(66,66): error TS7026: JSX element implicitly has type 'any' because no interface 'JSX.IntrinsicElements' exists.
components/slide-renderer/Editor/Canvas/Ruler.tsx(68,13): error TS7026: JSX element implicitly has type 'any' because no interface 'JSX.IntrinsicElements' exists.
components/slide-renderer/Editor/Canvas/Ruler.tsx(70,13): error TS7026: JSX element implicitly has type 'any' because no interface 'JSX.IntrinsicElements' exists.
components/slide-renderer/Editor/Canvas/Ruler.tsx(71,11): error TS7026: JSX element implicitly has type 'any' because no interface 'JSX.IntrinsicElements' exists.
components/slide-renderer/Editor/Canvas/Ruler.tsx(75,11): error TS7026: JSX element implicitly has type 'any' because no interface 'JSX.IntrinsicElements' exists.
components/slide-renderer/Editor/Canvas/Ruler.tsx(83,7): error TS7026: JSX element implicitly has type 'any' because no interface 'JSX.IntrinsicElements' exists.
components/slide-renderer/Editor/Canvas/Ruler.tsx(86,7): error TS7026: JSX element implicitly has type 'any' because no interface 'JSX.IntrinsicElements' exists.
components/slide-renderer/Editor/Canvas/Ruler.tsx(95,11): error TS7026: JSX element implicitly has type 'any' because no interface 'JSX.IntrinsicElements' exists.
components/slide-renderer/Editor/Canvas/Ruler.tsx(102,62): error TS7026: JSX element implicitly has type 'any' because no interface 'JSX.IntrinsicElements' exists.
components/slide-renderer/Editor/Canvas/Ruler.tsx(102,82): error TS7026: JSX element implicitly has type 'any' because no interface 'JSX.IntrinsicElements' exists.
components/slide-renderer/Editor/Canvas/Ruler.tsx(104,13): error TS7026: JSX element implicitly has type 'any' because no interface 'JSX.IntrinsicElements' exists.
components/slide-renderer/Editor/Canvas/Ruler.tsx(106,13): error TS7026: JSX element implicitly has type 'any' because no interface 'JSX.IntrinsicElements' exists.
components/slide-renderer/Editor/Canvas/Ruler.tsx(107,11): error TS7026: JSX element implicitly has type 'any' because no interface 'JSX.IntrinsicElements' exists.
components/slide-renderer/Editor/Canvas/Ruler.tsx(111,11): error TS7026: JSX element implicitly has type 'any' because no interface 'JSX.IntrinsicElements' exists.
components/slide-renderer/Editor/Canvas/Ruler.tsx(119,7): error TS7026: JSX element implicitly has type 'any' because no interface 'JSX.IntrinsicElements' exists.
components/slide-renderer/Editor/Canvas/Ruler.tsx(120,5): error TS7026: JSX element implicitly has type 'any' because no interface 'JSX.IntrinsicElements' exists.
components/slide-renderer/Editor/Canvas/ShapeCreateCanvas.tsx(1,67): error TS2307: Cannot find module 'react' or its corresponding type declarations.
components/slide-renderer/Editor/Canvas/ShapeCreateCanvas.tsx(7,23): error TS2307: Cannot find module 'sonner' or its corresponding type declarations.
components/slide-renderer/Editor/Canvas/ShapeCreateCanvas.tsx(14,50): error TS7006: Parameter 'state' implicitly has an 'any' type.
components/slide-renderer/Editor/Canvas/ShapeCreateCanvas.tsx(31,33): error TS7006: Parameter 'item' implicitly has an 'any' type.
components/slide-renderer/Editor/Canvas/ShapeCreateCanvas.tsx(32,33): error TS7006: Parameter 'item' implicitly has an 'any' type.
components/slide-renderer/Editor/Canvas/ShapeCreateCanvas.tsx(38,42): error TS7006: Parameter 'point' implicitly has an 'any' type.
components/slide-renderer/Editor/Canvas/ShapeCreateCanvas.tsx(100,24): error TS2503: Cannot find namespace 'React'.
components/slide-renderer/Editor/Canvas/ShapeCreateCanvas.tsx(115,35): error TS2503: Cannot find namespace 'React'.
components/slide-renderer/Editor/Canvas/ShapeCreateCanvas.tsx(147,24): error TS2503: Cannot find namespace 'React'.
components/slide-renderer/Editor/Canvas/ShapeCreateCanvas.tsx(166,5): error TS7026: JSX element implicitly has type 'any' because no interface 'JSX.IntrinsicElements' exists.
components/slide-renderer/Editor/Canvas/ShapeCreateCanvas.tsx(166,5): error TS2875: This JSX tag requires the module path 'react/jsx-runtime' to exist, but none could be found. Make sure you have types for the appropriate package installed.
components/slide-renderer/Editor/Canvas/ShapeCreateCanvas.tsx(169,21): error TS7006: Parameter 'e' implicitly has an 'any' type.
components/slide-renderer/Editor/Canvas/ShapeCreateCanvas.tsx(174,23): error TS7006: Parameter 'e' implicitly has an 'any' type.
components/slide-renderer/Editor/Canvas/ShapeCreateCanvas.tsx(180,7): error TS7026: JSX element implicitly has type 'any' because no interface 'JSX.IntrinsicElements' exists.
components/slide-renderer/Editor/Canvas/ShapeCreateCanvas.tsx(181,9): error TS7026: JSX element implicitly has type 'any' because no interface 'JSX.IntrinsicElements' exists.
components/slide-renderer/Editor/Canvas/ShapeCreateCanvas.tsx(187,7): error TS7026: JSX element implicitly has type 'any' because no interface 'JSX.IntrinsicElements' exists.
components/slide-renderer/Editor/Canvas/ShapeCreateCanvas.tsx(188,5): error TS7026: JSX element implicitly has type 'any' because no interface 'JSX.IntrinsicElements' exists.
components/slide-renderer/Editor/Canvas/ViewportBackground.tsx(20,26): error TS2503: Cannot find namespace 'React'.
components/slide-renderer/Editor/Canvas/ViewportBackground.tsx(29,10): error TS2875: This JSX tag requires the module path 'react/jsx-runtime' to exist, but none could be found. Make sure you have types for the appropriate package installed.
components/slide-renderer/Editor/Canvas/ViewportBackground.tsx(29,10): error TS7026: JSX element implicitly has type 'any' because no interface 'JSX.IntrinsicElements' exists.
components/slide-renderer/Editor/HighlightOverlay.tsx(3,25): error TS2307: Cannot find module 'react' or its corresponding type declarations.
components/slide-renderer/Editor/HighlightOverlay.tsx(46,5): error TS2875: This JSX tag requires the module path 'react/jsx-runtime' to exist, but none could be found. Make sure you have types for the appropriate package installed.
components/slide-renderer/Editor/HighlightOverlay.tsx(47,33): error TS7006: Parameter 'element' implicitly has an 'any' type.
components/slide-renderer/Editor/HighlightOverlay.tsx(53,11): error TS7026: JSX element implicitly has type 'any' because no interface 'JSX.IntrinsicElements' exists.
components/slide-renderer/Editor/HighlightOverlay.tsx(68,13): error TS7026: JSX element implicitly has type 'any' because no interface 'JSX.IntrinsicElements' exists.
components/slide-renderer/Editor/HighlightOverlay.tsx(84,15): error TS7026: JSX element implicitly has type 'any' because no interface 'JSX.IntrinsicElements' exists.
components/slide-renderer/Editor/HighlightOverlay.tsx(93,11): error TS7026: JSX element implicitly has type 'any' because no interface 'JSX.IntrinsicElements' exists.
components/slide-renderer/Editor/HighlightOverlay.tsx(98,7): error TS7026: JSX element implicitly has type 'any' because no interface 'JSX.IntrinsicElements' exists.
components/slide-renderer/Editor/HighlightOverlay.tsx(114,9): error TS7026: JSX element implicitly has type 'any' because no interface 'JSX.IntrinsicElements' exists.
components/slide-renderer/Editor/index.tsx(12,5): error TS7026: JSX element implicitly has type 'any' because no interface 'JSX.IntrinsicElements' exists.
components/slide-renderer/Editor/index.tsx(12,5): error TS2875: This JSX tag requires the module path 'react/jsx-runtime' to exist, but none could be found. Make sure you have types for the appropriate package installed.
components/slide-renderer/Editor/index.tsx(13,7): error TS7026: JSX element implicitly has type 'any' because no interface 'JSX.IntrinsicElements' exists.
components/slide-renderer/Editor/index.tsx(15,7): error TS7026: JSX element implicitly has type 'any' because no interface 'JSX.IntrinsicElements' exists.
components/slide-renderer/Editor/index.tsx(16,5): error TS7026: JSX element implicitly has type 'any' because no interface 'JSX.IntrinsicElements' exists.
components/slide-renderer/Editor/LaserOverlay.tsx(3,24): error TS2307: Cannot find module 'motion/react' or its corresponding type declarations.
components/slide-renderer/Editor/LaserOverlay.tsx(33,5): error TS2875: This JSX tag requires the module path 'react/jsx-runtime' to exist, but none could be found. Make sure you have types for the appropriate package installed.
components/slide-renderer/Editor/LaserOverlay.tsx(58,7): error TS7026: JSX element implicitly has type 'any' because no interface 'JSX.IntrinsicElements' exists.
components/slide-renderer/Editor/LaserOverlay.tsx(73,9): error TS7026: JSX element implicitly has type 'any' because no interface 'JSX.IntrinsicElements' exists.
components/slide-renderer/Editor/LaserOverlay.tsx(80,7): error TS7026: JSX element implicitly has type 'any' because no interface 'JSX.IntrinsicElements' exists.
components/slide-renderer/Editor/ScreenCanvas.tsx(15,33): error TS2307: Cannot find module 'react' or its corresponding type declarations.
components/slide-renderer/Editor/ScreenCanvas.tsx(16,33): error TS2307: Cannot find module 'motion/react' or its corresponding type declarations.
components/slide-renderer/Editor/ScreenCanvas.tsx(62,5): error TS7026: JSX element implicitly has type 'any' because no interface 'JSX.IntrinsicElements' exists.
components/slide-renderer/Editor/ScreenCanvas.tsx(62,5): error TS2875: This JSX tag requires the module path 'react/jsx-runtime' to exist, but none could be found. Make sure you have types for the appropriate package installed.
components/slide-renderer/Editor/ScreenCanvas.tsx(63,7): error TS7026: JSX element implicitly has type 'any' because no interface 'JSX.IntrinsicElements' exists.
components/slide-renderer/Editor/ScreenCanvas.tsx(79,9): error TS7026: JSX element implicitly has type 'any' because no interface 'JSX.IntrinsicElements' exists.
components/slide-renderer/Editor/ScreenCanvas.tsx(82,10): error TS7026: JSX element implicitly has type 'any' because no interface 'JSX.IntrinsicElements' exists.
components/slide-renderer/Editor/ScreenCanvas.tsx(85,9): error TS7026: JSX element implicitly has type 'any' because no interface 'JSX.IntrinsicElements' exists.
components/slide-renderer/Editor/ScreenCanvas.tsx(94,28): error TS2322: Type '{ key: string; elementInfo: PPTElement; elementIndex: number; }' is not assignable to type 'ScreenElementProps'.
  Property 'key' does not exist on type 'ScreenElementProps'.
components/slide-renderer/Editor/ScreenCanvas.tsx(99,9): error TS7026: JSX element implicitly has type 'any' because no interface 'JSX.IntrinsicElements' exists.
components/slide-renderer/Editor/ScreenCanvas.tsx(105,9): error TS7026: JSX element implicitly has type 'any' because no interface 'JSX.IntrinsicElements' exists.
components/slide-renderer/Editor/ScreenCanvas.tsx(106,11): error TS7026: JSX element implicitly has type 'any' because no interface 'JSX.IntrinsicElements' exists.
components/slide-renderer/Editor/ScreenCanvas.tsx(111,19): error TS2322: Type '{ key: string; geometry: any; color: any; duration: any; }' is not assignable to type 'LaserOverlayProps'.
  Property 'key' does not exist on type 'LaserOverlayProps'.
components/slide-renderer/Editor/ScreenCanvas.tsx(118,11): error TS7026: JSX element implicitly has type 'any' because no interface 'JSX.IntrinsicElements' exists.
components/slide-renderer/Editor/ScreenCanvas.tsx(119,9): error TS7026: JSX element implicitly has type 'any' because no interface 'JSX.IntrinsicElements' exists.
components/slide-renderer/Editor/ScreenCanvas.tsx(120,7): error TS7026: JSX element implicitly has type 'any' because no interface 'JSX.IntrinsicElements' exists.
components/slide-renderer/Editor/ScreenCanvas.tsx(121,5): error TS7026: JSX element implicitly has type 'any' because no interface 'JSX.IntrinsicElements' exists.
components/slide-renderer/Editor/ScreenElement.tsx(4,25): error TS2307: Cannot find module 'react' or its corresponding type declarations.
components/slide-renderer/Editor/ScreenElement.tsx(60,5): error TS7026: JSX element implicitly has type 'any' because no interface 'JSX.IntrinsicElements' exists.
components/slide-renderer/Editor/ScreenElement.tsx(60,5): error TS2875: This JSX tag requires the module path 'react/jsx-runtime' to exist, but none could be found. Make sure you have types for the appropriate package installed.
components/slide-renderer/Editor/ScreenElement.tsx(70,5): error TS7026: JSX element implicitly has type 'any' because no interface 'JSX.IntrinsicElements' exists.
components/slide-renderer/Editor/SpotlightOverlay.tsx(3,64): error TS2307: Cannot find module 'react' or its corresponding type declarations.
components/slide-renderer/Editor/SpotlightOverlay.tsx(4,41): error TS2307: Cannot find module 'motion/react' or its corresponding type declarations.
components/slide-renderer/Editor/SpotlightOverlay.tsx(76,5): error TS7026: JSX element implicitly has type 'any' because no interface 'JSX.IntrinsicElements' exists.
components/slide-renderer/Editor/SpotlightOverlay.tsx(76,5): error TS2875: This JSX tag requires the module path 'react/jsx-runtime' to exist, but none could be found. Make sure you have types for the appropriate package installed.
components/slide-renderer/Editor/SpotlightOverlay.tsx(89,13): error TS7026: JSX element implicitly has type 'any' because no interface 'JSX.IntrinsicElements' exists.
components/slide-renderer/Editor/SpotlightOverlay.tsx(96,15): error TS7026: JSX element implicitly has type 'any' because no interface 'JSX.IntrinsicElements' exists.
components/slide-renderer/Editor/SpotlightOverlay.tsx(97,17): error TS7026: JSX element implicitly has type 'any' because no interface 'JSX.IntrinsicElements' exists.
components/slide-renderer/Editor/SpotlightOverlay.tsx(99,19): error TS7026: JSX element implicitly has type 'any' because no interface 'JSX.IntrinsicElements' exists.
components/slide-renderer/Editor/SpotlightOverlay.tsx(122,17): error TS7026: JSX element implicitly has type 'any' because no interface 'JSX.IntrinsicElements' exists.
components/slide-renderer/Editor/SpotlightOverlay.tsx(123,15): error TS7026: JSX element implicitly has type 'any' because no interface 'JSX.IntrinsicElements' exists.
components/slide-renderer/Editor/SpotlightOverlay.tsx(131,15): error TS7026: JSX element implicitly has type 'any' because no interface 'JSX.IntrinsicElements' exists.
components/slide-renderer/Editor/SpotlightOverlay.tsx(159,66): error TS2503: Cannot find namespace 'React'.
components/slide-renderer/Editor/SpotlightOverlay.tsx(166,13): error TS7026: JSX element implicitly has type 'any' because no interface 'JSX.IntrinsicElements' exists.
components/slide-renderer/Editor/SpotlightOverlay.tsx(170,5): error TS7026: JSX element implicitly has type 'any' because no interface 'JSX.IntrinsicElements' exists.
components/slide-renderer/Editor/ZoomWrapper.tsx(3,24): error TS2307: Cannot find module 'motion/react' or its corresponding type declarations.
components/slide-renderer/Editor/ZoomWrapper.tsx(4,32): error TS2307: Cannot find module 'react' or its corresponding type declarations.
components/slide-renderer/Editor/ZoomWrapper.tsx(23,12): error TS2875: This JSX tag requires the module path 'react/jsx-runtime' to exist, but none could be found. Make sure you have types for the appropriate package installed.
components/stage.tsx(3,67): error TS2307: Cannot find module 'react' or its corresponding type declarations.
components/stage.tsx(34,31): error TS2307: Cannot find module 'lucide-react' or its corresponding type declarations.
components/stage.tsx(35,32): error TS2307: Cannot find module 'radix-ui' or its corresponding type declarations.
components/stage.tsx(64,46): error TS7006: Parameter 's' implicitly has an 'any' type.
components/stage.tsx(65,49): error TS7006: Parameter 's' implicitly has an 'any' type.
components/stage.tsx(66,43): error TS7006: Parameter 's' implicitly has an 'any' type.
components/stage.tsx(67,46): error TS7006: Parameter 's' implicitly has an 'any' type.
components/stage.tsx(68,47): error TS7006: Parameter 's' implicitly has an 'any' type.
components/stage.tsx(69,50): error TS7006: Parameter 's' implicitly has an 'any' type.
components/stage.tsx(70,41): error TS7006: Parameter 's' implicitly has an 'any' type.
components/stage.tsx(71,42): error TS7006: Parameter 's' implicitly has an 'any' type.
components/stage.tsx(118,46): error TS7006: Parameter 's' implicitly has an 'any' type.
components/stage.tsx(119,38): error TS7006: Parameter 's' implicitly has an 'any' type.
components/stage.tsx(120,40): error TS7006: Parameter 's' implicitly has an 'any' type.
components/stage.tsx(130,42): error TS7006: Parameter 's' implicitly has an 'any' type.
components/stage.tsx(132,33): error TS7006: Parameter 'id' implicitly has an 'any' type.
components/stage.tsx(132,66): error TS7006: Parameter 'a' implicitly has an 'any' type.
components/stage.tsx(153,13): error TS7006: Parameter 'id' implicitly has an 'any' type.
components/stage.tsx(154,16): error TS7006: Parameter 'a' implicitly has an 'any' type.
components/stage.tsx(155,37): error TS7006: Parameter 'a' implicitly has an 'any' type.
components/stage.tsx(159,40): error TS7006: Parameter 'a' implicitly has an 'any' type.
components/stage.tsx(514,46): error TS7006: Parameter 's' implicitly has an 'any' type.
components/stage.tsx(588,39): error TS7006: Parameter 's' implicitly has an 'any' type.
components/stage.tsx(596,43): error TS7006: Parameter 's' implicitly has an 'any' type.
components/stage.tsx(625,40): error TS7006: Parameter 'a' implicitly has an 'any' type.
components/stage.tsx(762,44): error TS7006: Parameter 's' implicitly has an 'any' type.
components/stage.tsx(771,44): error TS7006: Parameter 's' implicitly has an 'any' type.
components/stage.tsx(789,25): error TS7006: Parameter 's' implicitly has an 'any' type.
components/stage.tsx(952,5): error TS7026: JSX element implicitly has type 'any' because no interface 'JSX.IntrinsicElements' exists.
components/stage.tsx(952,5): error TS2875: This JSX tag requires the module path 'react/jsx-runtime' to exist, but none could be found. Make sure you have types for the appropriate package installed.
components/stage.tsx(969,7): error TS7026: JSX element implicitly has type 'any' because no interface 'JSX.IntrinsicElements' exists.
components/stage.tsx(981,9): error TS7026: JSX element implicitly has type 'any' because no interface 'JSX.IntrinsicElements' exists.
components/stage.tsx(1017,54): error TS7006: Parameter 'f' implicitly has an 'any' type.
components/stage.tsx(1025,9): error TS7026: JSX element implicitly has type 'any' because no interface 'JSX.IntrinsicElements' exists.
components/stage.tsx(1029,11): error TS7026: JSX element implicitly has type 'any' because no interface 'JSX.IntrinsicElements' exists.
components/stage.tsx(1165,11): error TS7026: JSX element implicitly has type 'any' because no interface 'JSX.IntrinsicElements' exists.
components/stage.tsx(1167,7): error TS7026: JSX element implicitly has type 'any' because no interface 'JSX.IntrinsicElements' exists.
components/stage.tsx(1177,26): error TS7006: Parameter 'id' implicitly has an 'any' type.
components/stage.tsx(1179,24): error TS7006: Parameter 'text' implicitly has an 'any' type.
components/stage.tsx(1179,30): error TS7006: Parameter 'agentId' implicitly has an 'any' type.
components/stage.tsx(1201,28): error TS7006: Parameter 'ratio' implicitly has an 'any' type.
components/stage.tsx(1208,22): error TS7006: Parameter 'state' implicitly has an 'any' type.
components/stage.tsx(1215,21): error TS7006: Parameter '_fromAgentId' implicitly has an 'any' type.
components/stage.tsx(1215,35): error TS7006: Parameter '_prompt' implicitly has an 'any' type.
components/stage.tsx(1227,24): error TS7006: Parameter 'open' implicitly has an 'any' type.
components/stage.tsx(1239,11): error TS7026: JSX element implicitly has type 'any' because no interface 'JSX.IntrinsicElements' exists.
components/stage.tsx(1241,11): error TS7026: JSX element implicitly has type 'any' because no interface 'JSX.IntrinsicElements' exists.
components/stage.tsx(1243,13): error TS7026: JSX element implicitly has type 'any' because no interface 'JSX.IntrinsicElements' exists.
components/stage.tsx(1245,13): error TS7026: JSX element implicitly has type 'any' because no interface 'JSX.IntrinsicElements' exists.
components/stage.tsx(1247,13): error TS7026: JSX element implicitly has type 'any' because no interface 'JSX.IntrinsicElements' exists.
components/stage.tsx(1249,13): error TS7026: JSX element implicitly has type 'any' because no interface 'JSX.IntrinsicElements' exists.
components/stage.tsx(1251,13): error TS7026: JSX element implicitly has type 'any' because no interface 'JSX.IntrinsicElements' exists.
components/stage.tsx(1253,13): error TS7026: JSX element implicitly has type 'any' because no interface 'JSX.IntrinsicElements' exists.
components/stage.tsx(1254,11): error TS7026: JSX element implicitly has type 'any' because no interface 'JSX.IntrinsicElements' exists.
components/stage.tsx(1269,5): error TS7026: JSX element implicitly has type 'any' because no interface 'JSX.IntrinsicElements' exists.
components/stage/scene-renderer.tsx(3,25): error TS2307: Cannot find module 'react' or its corresponding type declarations.
components/stage/scene-renderer.tsx(19,52): error TS7026: JSX element implicitly has type 'any' because no interface 'JSX.IntrinsicElements' exists.
components/stage/scene-renderer.tsx(19,78): error TS7026: JSX element implicitly has type 'any' because no interface 'JSX.IntrinsicElements' exists.
components/stage/scene-renderer.tsx(22,51): error TS7026: JSX element implicitly has type 'any' because no interface 'JSX.IntrinsicElements' exists.
components/stage/scene-renderer.tsx(22,76): error TS7026: JSX element implicitly has type 'any' because no interface 'JSX.IntrinsicElements' exists.
components/stage/scene-renderer.tsx(23,26): error TS2322: Type '{ key: string; questions: QuizQuestion[]; sceneId: string; }' is not assignable to type 'QuizViewProps'.
  Property 'key' does not exist on type 'QuizViewProps'.
components/stage/scene-renderer.tsx(25,58): error TS7026: JSX element implicitly has type 'any' because no interface 'JSX.IntrinsicElements' exists.
components/stage/scene-renderer.tsx(25,90): error TS7026: JSX element implicitly has type 'any' because no interface 'JSX.IntrinsicElements' exists.
components/stage/scene-renderer.tsx(28,50): error TS7026: JSX element implicitly has type 'any' because no interface 'JSX.IntrinsicElements' exists.
components/stage/scene-renderer.tsx(28,74): error TS7026: JSX element implicitly has type 'any' because no interface 'JSX.IntrinsicElements' exists.
components/stage/scene-renderer.tsx(31,16): error TS7026: JSX element implicitly has type 'any' because no interface 'JSX.IntrinsicElements' exists.
components/stage/scene-renderer.tsx(31,39): error TS7026: JSX element implicitly has type 'any' because no interface 'JSX.IntrinsicElements' exists.
components/stage/scene-renderer.tsx(35,10): error TS7026: JSX element implicitly has type 'any' because no interface 'JSX.IntrinsicElements' exists.
components/stage/scene-renderer.tsx(35,10): error TS2875: This JSX tag requires the module path 'react/jsx-runtime' to exist, but none could be found. Make sure you have types for the appropriate package installed.
components/stage/scene-renderer.tsx(35,51): error TS7026: JSX element implicitly has type 'any' because no interface 'JSX.IntrinsicElements' exists.
components/stage/scene-sidebar.tsx(3,47): error TS2307: Cannot find module 'react' or its corresponding type declarations.
components/stage/scene-sidebar.tsx(4,27): error TS2307: Cannot find module 'next/navigation' or its corresponding type declarations.
components/stage/scene-sidebar.tsx(15,8): error TS2307: Cannot find module 'lucide-react' or its corresponding type declarations.
components/stage/scene-sidebar.tsx(67,9): error TS2503: Cannot find namespace 'React'.
components/stage/scene-sidebar.tsx(108,5): error TS7026: JSX element implicitly has type 'any' because no interface 'JSX.IntrinsicElements' exists.
components/stage/scene-sidebar.tsx(108,5): error TS2875: This JSX tag requires the module path 'react/jsx-runtime' to exist, but none could be found. Make sure you have types for the appropriate package installed.
components/stage/scene-sidebar.tsx(117,9): error TS7026: JSX element implicitly has type 'any' because no interface 'JSX.IntrinsicElements' exists.
components/stage/scene-sidebar.tsx(121,11): error TS7026: JSX element implicitly has type 'any' because no interface 'JSX.IntrinsicElements' exists.
components/stage/scene-sidebar.tsx(122,9): error TS7026: JSX element implicitly has type 'any' because no interface 'JSX.IntrinsicElements' exists.
components/stage/scene-sidebar.tsx(125,7): error TS7026: JSX element implicitly has type 'any' because no interface 'JSX.IntrinsicElements' exists.
components/stage/scene-sidebar.tsx(127,9): error TS7026: JSX element implicitly has type 'any' because no interface 'JSX.IntrinsicElements' exists.
components/stage/scene-sidebar.tsx(128,11): error TS7026: JSX element implicitly has type 'any' because no interface 'JSX.IntrinsicElements' exists.
components/stage/scene-sidebar.tsx(133,13): error TS7026: JSX element implicitly has type 'any' because no interface 'JSX.IntrinsicElements' exists.
components/stage/scene-sidebar.tsx(134,11): error TS7026: JSX element implicitly has type 'any' because no interface 'JSX.IntrinsicElements' exists.
components/stage/scene-sidebar.tsx(135,11): error TS7026: JSX element implicitly has type 'any' because no interface 'JSX.IntrinsicElements' exists.
components/stage/scene-sidebar.tsx(140,11): error TS7026: JSX element implicitly has type 'any' because no interface 'JSX.IntrinsicElements' exists.
components/stage/scene-sidebar.tsx(141,9): error TS7026: JSX element implicitly has type 'any' because no interface 'JSX.IntrinsicElements' exists.
components/stage/scene-sidebar.tsx(144,9): error TS7026: JSX element implicitly has type 'any' because no interface 'JSX.IntrinsicElements' exists.
components/stage/scene-sidebar.tsx(148,24): error TS7006: Parameter 'scene' implicitly has an 'any' type.
components/stage/scene-sidebar.tsx(148,31): error TS7006: Parameter 'index' implicitly has an 'any' type.
components/stage/scene-sidebar.tsx(157,15): error TS7026: JSX element implicitly has type 'any' because no interface 'JSX.IntrinsicElements' exists.
components/stage/scene-sidebar.tsx(175,17): error TS7026: JSX element implicitly has type 'any' because no interface 'JSX.IntrinsicElements' exists.
components/stage/scene-sidebar.tsx(176,19): error TS7026: JSX element implicitly has type 'any' because no interface 'JSX.IntrinsicElements' exists.
components/stage/scene-sidebar.tsx(177,21): error TS7026: JSX element implicitly has type 'any' because no interface 'JSX.IntrinsicElements' exists.
components/stage/scene-sidebar.tsx(186,21): error TS7026: JSX element implicitly has type 'any' because no interface 'JSX.IntrinsicElements' exists.
components/stage/scene-sidebar.tsx(187,21): error TS7026: JSX element implicitly has type 'any' because no interface 'JSX.IntrinsicElements' exists.
components/stage/scene-sidebar.tsx(197,21): error TS7026: JSX element implicitly has type 'any' because no interface 'JSX.IntrinsicElements' exists.
components/stage/scene-sidebar.tsx(198,19): error TS7026: JSX element implicitly has type 'any' because no interface 'JSX.IntrinsicElements' exists.
components/stage/scene-sidebar.tsx(199,17): error TS7026: JSX element implicitly has type 'any' because no interface 'JSX.IntrinsicElements' exists.
components/stage/scene-sidebar.tsx(202,17): error TS7026: JSX element implicitly has type 'any' because no interface 'JSX.IntrinsicElements' exists.
components/stage/scene-sidebar.tsx(203,19): error TS7026: JSX element implicitly has type 'any' because no interface 'JSX.IntrinsicElements' exists.
components/stage/scene-sidebar.tsx(213,23): error TS7026: JSX element implicitly has type 'any' because no interface 'JSX.IntrinsicElements' exists.
components/stage/scene-sidebar.tsx(214,25): error TS7026: JSX element implicitly has type 'any' because no interface 'JSX.IntrinsicElements' exists.
components/stage/scene-sidebar.tsx(215,25): error TS7026: JSX element implicitly has type 'any' because no interface 'JSX.IntrinsicElements' exists.
components/stage/scene-sidebar.tsx(217,29): error TS7026: JSX element implicitly has type 'any' because no interface 'JSX.IntrinsicElements' exists.
components/stage/scene-sidebar.tsx(226,31): error TS7026: JSX element implicitly has type 'any' because no interface 'JSX.IntrinsicElements' exists.
components/stage/scene-sidebar.tsx(234,31): error TS7026: JSX element implicitly has type 'any' because no interface 'JSX.IntrinsicElements' exists.
components/stage/scene-sidebar.tsx(242,29): error TS7026: JSX element implicitly has type 'any' because no interface 'JSX.IntrinsicElements' exists.
components/stage/scene-sidebar.tsx(244,25): error TS7026: JSX element implicitly has type 'any' because no interface 'JSX.IntrinsicElements' exists.
components/stage/scene-sidebar.tsx(245,23): error TS7026: JSX element implicitly has type 'any' because no interface 'JSX.IntrinsicElements' exists.
components/stage/scene-sidebar.tsx(254,23): error TS7026: JSX element implicitly has type 'any' because no interface 'JSX.IntrinsicElements' exists.
components/stage/scene-sidebar.tsx(255,25): error TS7026: JSX element implicitly has type 'any' because no interface 'JSX.IntrinsicElements' exists.
components/stage/scene-sidebar.tsx(256,27): error TS7026: JSX element implicitly has type 'any' because no interface 'JSX.IntrinsicElements' exists.
components/stage/scene-sidebar.tsx(257,29): error TS7026: JSX element implicitly has type 'any' because no interface 'JSX.IntrinsicElements' exists.
components/stage/scene-sidebar.tsx(258,29): error TS7026: JSX element implicitly has type 'any' because no interface 'JSX.IntrinsicElements' exists.
components/stage/scene-sidebar.tsx(259,29): error TS7026: JSX element implicitly has type 'any' because no interface 'JSX.IntrinsicElements' exists.
components/stage/scene-sidebar.tsx(260,27): error TS7026: JSX element implicitly has type 'any' because no interface 'JSX.IntrinsicElements' exists.
components/stage/scene-sidebar.tsx(261,27): error TS7026: JSX element implicitly has type 'any' because no interface 'JSX.IntrinsicElements' exists.
components/stage/scene-sidebar.tsx(262,25): error TS7026: JSX element implicitly has type 'any' because no interface 'JSX.IntrinsicElements' exists.
components/stage/scene-sidebar.tsx(263,25): error TS7026: JSX element implicitly has type 'any' because no interface 'JSX.IntrinsicElements' exists.
components/stage/scene-sidebar.tsx(264,27): error TS7026: JSX element implicitly has type 'any' because no interface 'JSX.IntrinsicElements' exists.
components/stage/scene-sidebar.tsx(266,31): error TS7026: JSX element implicitly has type 'any' because no interface 'JSX.IntrinsicElements' exists.
components/stage/scene-sidebar.tsx(271,27): error TS7026: JSX element implicitly has type 'any' because no interface 'JSX.IntrinsicElements' exists.
components/stage/scene-sidebar.tsx(272,27): error TS7026: JSX element implicitly has type 'any' because no interface 'JSX.IntrinsicElements' exists.
components/stage/scene-sidebar.tsx(274,27): error TS7026: JSX element implicitly has type 'any' because no interface 'JSX.IntrinsicElements' exists.
components/stage/scene-sidebar.tsx(275,25): error TS7026: JSX element implicitly has type 'any' because no interface 'JSX.IntrinsicElements' exists.
components/stage/scene-sidebar.tsx(276,23): error TS7026: JSX element implicitly has type 'any' because no interface 'JSX.IntrinsicElements' exists.
components/stage/scene-sidebar.tsx(279,23): error TS7026: JSX element implicitly has type 'any' because no interface 'JSX.IntrinsicElements' exists.
components/stage/scene-sidebar.tsx(280,25): error TS7026: JSX element implicitly has type 'any' because no interface 'JSX.IntrinsicElements' exists.
components/stage/scene-sidebar.tsx(281,27): error TS7026: JSX element implicitly has type 'any' because no interface 'JSX.IntrinsicElements' exists.
components/stage/scene-sidebar.tsx(282,27): error TS7026: JSX element implicitly has type 'any' because no interface 'JSX.IntrinsicElements' exists.
components/stage/scene-sidebar.tsx(283,25): error TS7026: JSX element implicitly has type 'any' because no interface 'JSX.IntrinsicElements' exists.
components/stage/scene-sidebar.tsx(284,25): error TS7026: JSX element implicitly has type 'any' because no interface 'JSX.IntrinsicElements' exists.
components/stage/scene-sidebar.tsx(286,29): error TS7026: JSX element implicitly has type 'any' because no interface 'JSX.IntrinsicElements' exists.
components/stage/scene-sidebar.tsx(290,31): error TS7026: JSX element implicitly has type 'any' because no interface 'JSX.IntrinsicElements' exists.
components/stage/scene-sidebar.tsx(303,33): error TS7026: JSX element implicitly has type 'any' because no interface 'JSX.IntrinsicElements' exists.
components/stage/scene-sidebar.tsx(308,29): error TS7026: JSX element implicitly has type 'any' because no interface 'JSX.IntrinsicElements' exists.
components/stage/scene-sidebar.tsx(310,25): error TS7026: JSX element implicitly has type 'any' because no interface 'JSX.IntrinsicElements' exists.
components/stage/scene-sidebar.tsx(311,23): error TS7026: JSX element implicitly has type 'any' because no interface 'JSX.IntrinsicElements' exists.
components/stage/scene-sidebar.tsx(314,23): error TS7026: JSX element implicitly has type 'any' because no interface 'JSX.IntrinsicElements' exists.
components/stage/scene-sidebar.tsx(316,25): error TS7026: JSX element implicitly has type 'any' because no interface 'JSX.IntrinsicElements' exists.
components/stage/scene-sidebar.tsx(318,25): error TS7026: JSX element implicitly has type 'any' because no interface 'JSX.IntrinsicElements' exists.
components/stage/scene-sidebar.tsx(319,23): error TS7026: JSX element implicitly has type 'any' because no interface 'JSX.IntrinsicElements' exists.
components/stage/scene-sidebar.tsx(323,23): error TS7026: JSX element implicitly has type 'any' because no interface 'JSX.IntrinsicElements' exists.
components/stage/scene-sidebar.tsx(332,19): error TS7026: JSX element implicitly has type 'any' because no interface 'JSX.IntrinsicElements' exists.
components/stage/scene-sidebar.tsx(333,17): error TS7026: JSX element implicitly has type 'any' because no interface 'JSX.IntrinsicElements' exists.
components/stage/scene-sidebar.tsx(334,15): error TS7026: JSX element implicitly has type 'any' because no interface 'JSX.IntrinsicElements' exists.
components/stage/scene-sidebar.tsx(342,53): error TS7006: Parameter 'f' implicitly has an 'any' type.
components/stage/scene-sidebar.tsx(348,17): error TS7026: JSX element implicitly has type 'any' because no interface 'JSX.IntrinsicElements' exists.
components/stage/scene-sidebar.tsx(370,19): error TS7026: JSX element implicitly has type 'any' because no interface 'JSX.IntrinsicElements' exists.
components/stage/scene-sidebar.tsx(371,21): error TS7026: JSX element implicitly has type 'any' because no interface 'JSX.IntrinsicElements' exists.
components/stage/scene-sidebar.tsx(372,23): error TS7026: JSX element implicitly has type 'any' because no interface 'JSX.IntrinsicElements' exists.
components/stage/scene-sidebar.tsx(381,23): error TS7026: JSX element implicitly has type 'any' because no interface 'JSX.IntrinsicElements' exists.
components/stage/scene-sidebar.tsx(382,23): error TS7026: JSX element implicitly has type 'any' because no interface 'JSX.IntrinsicElements' exists.
components/stage/scene-sidebar.tsx(393,23): error TS7026: JSX element implicitly has type 'any' because no interface 'JSX.IntrinsicElements' exists.
components/stage/scene-sidebar.tsx(394,21): error TS7026: JSX element implicitly has type 'any' because no interface 'JSX.IntrinsicElements' exists.
components/stage/scene-sidebar.tsx(395,19): error TS7026: JSX element implicitly has type 'any' because no interface 'JSX.IntrinsicElements' exists.
components/stage/scene-sidebar.tsx(398,19): error TS7026: JSX element implicitly has type 'any' because no interface 'JSX.IntrinsicElements' exists.
components/stage/scene-sidebar.tsx(406,21): error TS7026: JSX element implicitly has type 'any' because no interface 'JSX.IntrinsicElements' exists.
components/stage/scene-sidebar.tsx(408,25): error TS7026: JSX element implicitly has type 'any' because no interface 'JSX.IntrinsicElements' exists.
components/stage/scene-sidebar.tsx(410,29): error TS7026: JSX element implicitly has type 'any' because no interface 'JSX.IntrinsicElements' exists.
components/stage/scene-sidebar.tsx(411,41): error TS7006: Parameter 'e' implicitly has an 'any' type.
components/stage/scene-sidebar.tsx(422,29): error TS7026: JSX element implicitly has type 'any' because no interface 'JSX.IntrinsicElements' exists.
components/stage/scene-sidebar.tsx(426,27): error TS7026: JSX element implicitly has type 'any' because no interface 'JSX.IntrinsicElements' exists.
components/stage/scene-sidebar.tsx(430,27): error TS7026: JSX element implicitly has type 'any' because no interface 'JSX.IntrinsicElements' exists.
components/stage/scene-sidebar.tsx(431,25): error TS7026: JSX element implicitly has type 'any' because no interface 'JSX.IntrinsicElements' exists.
components/stage/scene-sidebar.tsx(434,27): error TS7026: JSX element implicitly has type 'any' because no interface 'JSX.IntrinsicElements' exists.
components/stage/scene-sidebar.tsx(440,27): error TS7026: JSX element implicitly has type 'any' because no interface 'JSX.IntrinsicElements' exists.
components/stage/scene-sidebar.tsx(446,27): error TS7026: JSX element implicitly has type 'any' because no interface 'JSX.IntrinsicElements' exists.
components/stage/scene-sidebar.tsx(448,27): error TS7026: JSX element implicitly has type 'any' because no interface 'JSX.IntrinsicElements' exists.
components/stage/scene-sidebar.tsx(451,21): error TS7026: JSX element implicitly has type 'any' because no interface 'JSX.IntrinsicElements' exists.
components/stage/scene-sidebar.tsx(453,23): error TS7026: JSX element implicitly has type 'any' because no interface 'JSX.IntrinsicElements' exists.
components/stage/scene-sidebar.tsx(455,19): error TS7026: JSX element implicitly has type 'any' because no interface 'JSX.IntrinsicElements' exists.
components/stage/scene-sidebar.tsx(456,17): error TS7026: JSX element implicitly has type 'any' because no interface 'JSX.IntrinsicElements' exists.
components/stage/scene-sidebar.tsx(466,17): error TS7026: JSX element implicitly has type 'any' because no interface 'JSX.IntrinsicElements' exists.
components/stage/scene-sidebar.tsx(482,19): error TS7026: JSX element implicitly has type 'any' because no interface 'JSX.IntrinsicElements' exists.
components/stage/scene-sidebar.tsx(483,21): error TS7026: JSX element implicitly has type 'any' because no interface 'JSX.IntrinsicElements' exists.
components/stage/scene-sidebar.tsx(484,23): error TS7026: JSX element implicitly has type 'any' because no interface 'JSX.IntrinsicElements' exists.
components/stage/scene-sidebar.tsx(493,23): error TS7026: JSX element implicitly has type 'any' because no interface 'JSX.IntrinsicElements' exists.
components/stage/scene-sidebar.tsx(494,23): error TS7026: JSX element implicitly has type 'any' because no interface 'JSX.IntrinsicElements' exists.
components/stage/scene-sidebar.tsx(503,23): error TS7026: JSX element implicitly has type 'any' because no interface 'JSX.IntrinsicElements' exists.
components/stage/scene-sidebar.tsx(504,21): error TS7026: JSX element implicitly has type 'any' because no interface 'JSX.IntrinsicElements' exists.
components/stage/scene-sidebar.tsx(505,19): error TS7026: JSX element implicitly has type 'any' because no interface 'JSX.IntrinsicElements' exists.
components/stage/scene-sidebar.tsx(506,19): error TS7026: JSX element implicitly has type 'any' because no interface 'JSX.IntrinsicElements' exists.
components/stage/scene-sidebar.tsx(516,21): error TS7026: JSX element implicitly has type 'any' because no interface 'JSX.IntrinsicElements' exists.
components/stage/scene-sidebar.tsx(524,21): error TS7026: JSX element implicitly has type 'any' because no interface 'JSX.IntrinsicElements' exists.
components/stage/scene-sidebar.tsx(529,23): error TS7026: JSX element implicitly has type 'any' because no interface 'JSX.IntrinsicElements' exists.
components/stage/scene-sidebar.tsx(533,21): error TS7026: JSX element implicitly has type 'any' because no interface 'JSX.IntrinsicElements' exists.
components/stage/scene-sidebar.tsx(534,21): error TS7026: JSX element implicitly has type 'any' because no interface 'JSX.IntrinsicElements' exists.
components/stage/scene-sidebar.tsx(539,23): error TS7026: JSX element implicitly has type 'any' because no interface 'JSX.IntrinsicElements' exists.
components/stage/scene-sidebar.tsx(543,21): error TS7026: JSX element implicitly has type 'any' because no interface 'JSX.IntrinsicElements' exists.
components/stage/scene-sidebar.tsx(548,19): error TS7026: JSX element implicitly has type 'any' because no interface 'JSX.IntrinsicElements' exists.
components/stage/scene-sidebar.tsx(549,17): error TS7026: JSX element implicitly has type 'any' because no interface 'JSX.IntrinsicElements' exists.
components/stage/scene-sidebar.tsx(552,9): error TS7026: JSX element implicitly has type 'any' because no interface 'JSX.IntrinsicElements' exists.
components/stage/scene-sidebar.tsx(555,9): error TS7026: JSX element implicitly has type 'any' because no interface 'JSX.IntrinsicElements' exists.
components/stage/scene-sidebar.tsx(556,7): error TS7026: JSX element implicitly has type 'any' because no interface 'JSX.IntrinsicElements' exists.
components/stage/scene-sidebar.tsx(557,5): error TS7026: JSX element implicitly has type 'any' because no interface 'JSX.IntrinsicElements' exists.
components/Timeline/PedagogicalPulse.tsx(3,44): error TS2307: Cannot find module 'react' or its corresponding type declarations.
components/Timeline/PedagogicalPulse.tsx(23,24): error TS7006: Parameter 'prev' implicitly has an 'any' type.
components/Timeline/PedagogicalPulse.tsx(42,5): error TS2875: This JSX tag requires the module path 'react/jsx-runtime' to exist, but none could be found. Make sure you have types for the appropriate package installed.
components/Timeline/PedagogicalPulse.tsx(43,7): error TS7026: JSX element implicitly has type 'any' because no interface 'JSX.IntrinsicElements' exists.
components/Timeline/PedagogicalPulse.tsx(44,9): error TS7026: JSX element implicitly has type 'any' because no interface 'JSX.IntrinsicElements' exists.
components/Timeline/PedagogicalPulse.tsx(46,9): error TS7026: JSX element implicitly has type 'any' because no interface 'JSX.IntrinsicElements' exists.
components/Timeline/PedagogicalPulse.tsx(47,7): error TS7026: JSX element implicitly has type 'any' because no interface 'JSX.IntrinsicElements' exists.
components/Timeline/PedagogicalPulse.tsx(49,9): error TS7026: JSX element implicitly has type 'any' because no interface 'JSX.IntrinsicElements' exists.
components/Timeline/PedagogicalPulse.tsx(51,13): error TS7026: JSX element implicitly has type 'any' because no interface 'JSX.IntrinsicElements' exists.
components/Timeline/PedagogicalPulse.tsx(53,13): error TS7026: JSX element implicitly has type 'any' because no interface 'JSX.IntrinsicElements' exists.
components/Timeline/PedagogicalPulse.tsx(55,29): error TS7006: Parameter 'h' implicitly has an 'any' type.
components/Timeline/PedagogicalPulse.tsx(55,32): error TS7006: Parameter 'i' implicitly has an 'any' type.
components/Timeline/PedagogicalPulse.tsx(56,15): error TS7026: JSX element implicitly has type 'any' because no interface 'JSX.IntrinsicElements' exists.
components/Timeline/PedagogicalPulse.tsx(57,17): error TS7026: JSX element implicitly has type 'any' because no interface 'JSX.IntrinsicElements' exists.
components/Timeline/PedagogicalPulse.tsx(59,19): error TS7026: JSX element implicitly has type 'any' because no interface 'JSX.IntrinsicElements' exists.
components/Timeline/PedagogicalPulse.tsx(59,84): error TS7026: JSX element implicitly has type 'any' because no interface 'JSX.IntrinsicElements' exists.
components/Timeline/PedagogicalPulse.tsx(60,17): error TS7026: JSX element implicitly has type 'any' because no interface 'JSX.IntrinsicElements' exists.
components/Timeline/PedagogicalPulse.tsx(61,15): error TS7026: JSX element implicitly has type 'any' because no interface 'JSX.IntrinsicElements' exists.
components/Timeline/PedagogicalPulse.tsx(64,9): error TS7026: JSX element implicitly has type 'any' because no interface 'JSX.IntrinsicElements' exists.
components/ui/alert-dialog.tsx(3,24): error TS2307: Cannot find module 'react' or its corresponding type declarations.
components/ui/alert-dialog.tsx(4,53): error TS2307: Cannot find module 'radix-ui' or its corresponding type declarations.
components/ui/alert-dialog.tsx(10,10): error TS2875: This JSX tag requires the module path 'react/jsx-runtime' to exist, but none could be found. Make sure you have types for the appropriate package installed.
components/ui/alert-dialog.tsx(66,5): error TS7026: JSX element implicitly has type 'any' because no interface 'JSX.IntrinsicElements' exists.
components/ui/alert-dialog.tsx(79,5): error TS7026: JSX element implicitly has type 'any' because no interface 'JSX.IntrinsicElements' exists.
components/ui/alert-dialog.tsx(92,5): error TS7026: JSX element implicitly has type 'any' because no interface 'JSX.IntrinsicElements' exists.
components/ui/alert.tsx(1,24): error TS2307: Cannot find module 'react' or its corresponding type declarations.
components/ui/alert.tsx(2,40): error TS2307: Cannot find module 'class-variance-authority' or its corresponding type declarations.
components/ui/alert.tsx(28,5): error TS2875: This JSX tag requires the module path 'react/jsx-runtime' to exist, but none could be found. Make sure you have types for the appropriate package installed.
components/ui/alert.tsx(28,5): error TS7026: JSX element implicitly has type 'any' because no interface 'JSX.IntrinsicElements' exists.
components/ui/alert.tsx(39,5): error TS7026: JSX element implicitly has type 'any' because no interface 'JSX.IntrinsicElements' exists.
components/ui/alert.tsx(52,5): error TS7026: JSX element implicitly has type 'any' because no interface 'JSX.IntrinsicElements' exists.
components/ui/alert.tsx(65,5): error TS7026: JSX element implicitly has type 'any' because no interface 'JSX.IntrinsicElements' exists.
components/ui/avatar-display.tsx(16,7): error TS2875: This JSX tag requires the module path 'react/jsx-runtime' to exist, but none could be found. Make sure you have types for the appropriate package installed.
components/ui/avatar-display.tsx(16,7): error TS7026: JSX element implicitly has type 'any' because no interface 'JSX.IntrinsicElements' exists.
components/ui/avatar-display.tsx(21,5): error TS7026: JSX element implicitly has type 'any' because no interface 'JSX.IntrinsicElements' exists.
components/ui/avatar-display.tsx(27,5): error TS7026: JSX element implicitly has type 'any' because no interface 'JSX.IntrinsicElements' exists.
components/ui/avatar.tsx(3,24): error TS2307: Cannot find module 'react' or its corresponding type declarations.
components/ui/avatar.tsx(4,43): error TS2307: Cannot find module 'radix-ui' or its corresponding type declarations.
components/ui/avatar.tsx(16,5): error TS2875: This JSX tag requires the module path 'react/jsx-runtime' to exist, but none could be found. Make sure you have types for the appropriate package installed.
components/ui/avatar.tsx(56,5): error TS7026: JSX element implicitly has type 'any' because no interface 'JSX.IntrinsicElements' exists.
components/ui/avatar.tsx(72,5): error TS7026: JSX element implicitly has type 'any' because no interface 'JSX.IntrinsicElements' exists.
components/ui/avatar.tsx(85,5): error TS7026: JSX element implicitly has type 'any' because no interface 'JSX.IntrinsicElements' exists.
components/ui/badge.tsx(1,24): error TS2307: Cannot find module 'react' or its corresponding type declarations.
components/ui/badge.tsx(2,40): error TS2307: Cannot find module 'class-variance-authority' or its corresponding type declarations.
components/ui/badge.tsx(3,22): error TS2307: Cannot find module 'radix-ui' or its corresponding type declarations.
components/ui/badge.tsx(36,5): error TS2875: This JSX tag requires the module path 'react/jsx-runtime' to exist, but none could be found. Make sure you have types for the appropriate package installed.
components/ui/button-group.tsx(1,40): error TS2307: Cannot find module 'class-variance-authority' or its corresponding type declarations.
components/ui/button-group.tsx(2,22): error TS2307: Cannot find module 'radix-ui' or its corresponding type declarations.
components/ui/button-group.tsx(28,4): error TS2503: Cannot find namespace 'React'.
components/ui/button-group.tsx(30,5): error TS2875: This JSX tag requires the module path 'react/jsx-runtime' to exist, but none could be found. Make sure you have types for the appropriate package installed.
components/ui/button-group.tsx(30,5): error TS7026: JSX element implicitly has type 'any' because no interface 'JSX.IntrinsicElements' exists.
components/ui/button-group.tsx(44,4): error TS2503: Cannot find namespace 'React'.
components/ui/button-group.tsx(64,4): error TS2503: Cannot find namespace 'React'.
components/ui/button.tsx(1,24): error TS2307: Cannot find module 'react' or its corresponding type declarations.
components/ui/button.tsx(2,40): error TS2307: Cannot find module 'class-variance-authority' or its corresponding type declarations.
components/ui/button.tsx(3,22): error TS2307: Cannot find module 'radix-ui' or its corresponding type declarations.
components/ui/button.tsx(57,5): error TS2875: This JSX tag requires the module path 'react/jsx-runtime' to exist, but none could be found. Make sure you have types for the appropriate package installed.
components/ui/card.tsx(1,24): error TS2307: Cannot find module 'react' or its corresponding type declarations.
components/ui/card.tsx(11,5): error TS2875: This JSX tag requires the module path 'react/jsx-runtime' to exist, but none could be found. Make sure you have types for the appropriate package installed.
components/ui/card.tsx(11,5): error TS7026: JSX element implicitly has type 'any' because no interface 'JSX.IntrinsicElements' exists.
components/ui/card.tsx(25,5): error TS7026: JSX element implicitly has type 'any' because no interface 'JSX.IntrinsicElements' exists.
components/ui/card.tsx(38,5): error TS7026: JSX element implicitly has type 'any' because no interface 'JSX.IntrinsicElements' exists.
components/ui/card.tsx(51,5): error TS7026: JSX element implicitly has type 'any' because no interface 'JSX.IntrinsicElements' exists.
components/ui/card.tsx(61,5): error TS7026: JSX element implicitly has type 'any' because no interface 'JSX.IntrinsicElements' exists.
components/ui/card.tsx(71,5): error TS7026: JSX element implicitly has type 'any' because no interface 'JSX.IntrinsicElements' exists.
components/ui/card.tsx(81,5): error TS7026: JSX element implicitly has type 'any' because no interface 'JSX.IntrinsicElements' exists.
components/ui/carousel.tsx(3,24): error TS2307: Cannot find module 'react' or its corresponding type declarations.
components/ui/carousel.tsx(4,61): error TS2307: Cannot find module 'embla-carousel-react' or its corresponding type declarations.
components/ui/carousel.tsx(8,51): error TS2307: Cannot find module 'lucide-react' or its corresponding type declarations.
components/ui/carousel.tsx(106,5): error TS2875: This JSX tag requires the module path 'react/jsx-runtime' to exist, but none could be found. Make sure you have types for the appropriate package installed.
components/ui/carousel.tsx(118,7): error TS7026: JSX element implicitly has type 'any' because no interface 'JSX.IntrinsicElements' exists.
components/ui/carousel.tsx(127,7): error TS7026: JSX element implicitly has type 'any' because no interface 'JSX.IntrinsicElements' exists.
components/ui/carousel.tsx(136,5): error TS7026: JSX element implicitly has type 'any' because no interface 'JSX.IntrinsicElements' exists.
components/ui/carousel.tsx(137,7): error TS7026: JSX element implicitly has type 'any' because no interface 'JSX.IntrinsicElements' exists.
components/ui/carousel.tsx(141,5): error TS7026: JSX element implicitly has type 'any' because no interface 'JSX.IntrinsicElements' exists.
components/ui/carousel.tsx(149,5): error TS7026: JSX element implicitly has type 'any' because no interface 'JSX.IntrinsicElements' exists.
components/ui/carousel.tsx(188,7): error TS7026: JSX element implicitly has type 'any' because no interface 'JSX.IntrinsicElements' exists.
components/ui/carousel.tsx(188,47): error TS7026: JSX element implicitly has type 'any' because no interface 'JSX.IntrinsicElements' exists.
components/ui/carousel.tsx(218,7): error TS7026: JSX element implicitly has type 'any' because no interface 'JSX.IntrinsicElements' exists.
components/ui/carousel.tsx(218,43): error TS7026: JSX element implicitly has type 'any' because no interface 'JSX.IntrinsicElements' exists.
components/ui/checkbox.tsx(3,24): error TS2307: Cannot find module 'react' or its corresponding type declarations.
components/ui/checkbox.tsx(4,36): error TS2307: Cannot find module '@radix-ui/react-checkbox' or its corresponding type declarations.
components/ui/checkbox.tsx(5,23): error TS2307: Cannot find module 'lucide-react' or its corresponding type declarations.
components/ui/checkbox.tsx(12,6): error TS7031: Binding element 'className' implicitly has an 'any' type.
components/ui/checkbox.tsx(12,29): error TS7006: Parameter 'ref' implicitly has an 'any' type.
components/ui/checkbox.tsx(13,3): error TS2875: This JSX tag requires the module path 'react/jsx-runtime' to exist, but none could be found. Make sure you have types for the appropriate package installed.
components/ui/collapsible.tsx(3,53): error TS2307: Cannot find module 'radix-ui' or its corresponding type declarations.
components/ui/collapsible.tsx(5,36): error TS2503: Cannot find namespace 'React'.
components/ui/collapsible.tsx(6,10): error TS2875: This JSX tag requires the module path 'react/jsx-runtime' to exist, but none could be found. Make sure you have types for the appropriate package installed.
components/ui/collapsible.tsx(11,4): error TS2503: Cannot find namespace 'React'.
components/ui/collapsible.tsx(17,4): error TS2503: Cannot find namespace 'React'.
components/ui/combobox.tsx(3,24): error TS2307: Cannot find module 'react' or its corresponding type declarations.
components/ui/combobox.tsx(4,47): error TS2307: Cannot find module '@base-ui/react' or its corresponding type declarations.
components/ui/combobox.tsx(14,51): error TS2307: Cannot find module 'lucide-react' or its corresponding type declarations.
components/ui/combobox.tsx(19,10): error TS2875: This JSX tag requires the module path 'react/jsx-runtime' to exist, but none could be found. Make sure you have types for the appropriate package installed.
components/ui/combobox.tsx(145,11): error TS7026: JSX element implicitly has type 'any' because no interface 'JSX.IntrinsicElements' exists.
components/ui/command.tsx(3,24): error TS2307: Cannot find module 'react' or its corresponding type declarations.
components/ui/command.tsx(4,45): error TS2307: Cannot find module 'cmdk' or its corresponding type declarations.
components/ui/command.tsx(15,39): error TS2307: Cannot find module 'lucide-react' or its corresponding type declarations.
components/ui/command.tsx(19,5): error TS2875: This JSX tag requires the module path 'react/jsx-runtime' to exist, but none could be found. Make sure you have types for the appropriate package installed.
components/ui/command.tsx(64,5): error TS7026: JSX element implicitly has type 'any' because no interface 'JSX.IntrinsicElements' exists.
components/ui/command.tsx(78,5): error TS7026: JSX element implicitly has type 'any' because no interface 'JSX.IntrinsicElements' exists.
components/ui/command.tsx(159,5): error TS7026: JSX element implicitly has type 'any' because no interface 'JSX.IntrinsicElements' exists.
components/ui/context-menu.tsx(3,24): error TS2307: Cannot find module 'react' or its corresponding type declarations.
components/ui/context-menu.tsx(4,53): error TS2307: Cannot find module 'radix-ui' or its corresponding type declarations.
components/ui/context-menu.tsx(7,45): error TS2307: Cannot find module 'lucide-react' or its corresponding type declarations.
components/ui/context-menu.tsx(10,10): error TS2875: This JSX tag requires the module path 'react/jsx-runtime' to exist, but none could be found. Make sure you have types for the appropriate package installed.
components/ui/context-menu.tsx(143,7): error TS7026: JSX element implicitly has type 'any' because no interface 'JSX.IntrinsicElements' exists.
components/ui/context-menu.tsx(147,7): error TS7026: JSX element implicitly has type 'any' because no interface 'JSX.IntrinsicElements' exists.
components/ui/context-menu.tsx(167,7): error TS7026: JSX element implicitly has type 'any' because no interface 'JSX.IntrinsicElements' exists.
components/ui/context-menu.tsx(171,7): error TS7026: JSX element implicitly has type 'any' because no interface 'JSX.IntrinsicElements' exists.
components/ui/context-menu.tsx(212,5): error TS7026: JSX element implicitly has type 'any' because no interface 'JSX.IntrinsicElements' exists.
components/ui/dialog.tsx(3,24): error TS2307: Cannot find module 'react' or its corresponding type declarations.
components/ui/dialog.tsx(4,43): error TS2307: Cannot find module 'radix-ui' or its corresponding type declarations.
components/ui/dialog.tsx(8,23): error TS2307: Cannot find module 'lucide-react' or its corresponding type declarations.
components/ui/dialog.tsx(11,10): error TS2875: This JSX tag requires the module path 'react/jsx-runtime' to exist, but none could be found. Make sure you have types for the appropriate package installed.
components/ui/dialog.tsx(66,15): error TS7026: JSX element implicitly has type 'any' because no interface 'JSX.IntrinsicElements' exists.
components/ui/dialog.tsx(66,46): error TS7026: JSX element implicitly has type 'any' because no interface 'JSX.IntrinsicElements' exists.
components/ui/dialog.tsx(77,5): error TS7026: JSX element implicitly has type 'any' because no interface 'JSX.IntrinsicElements' exists.
components/ui/dialog.tsx(90,5): error TS7026: JSX element implicitly has type 'any' because no interface 'JSX.IntrinsicElements' exists.
components/ui/dialog.tsx(101,5): error TS7026: JSX element implicitly has type 'any' because no interface 'JSX.IntrinsicElements' exists.
components/ui/dropdown-menu.tsx(3,24): error TS2307: Cannot find module 'react' or its corresponding type declarations.
components/ui/dropdown-menu.tsx(4,55): error TS2307: Cannot find module 'radix-ui' or its corresponding type declarations.
components/ui/dropdown-menu.tsx(7,45): error TS2307: Cannot find module 'lucide-react' or its corresponding type declarations.
components/ui/dropdown-menu.tsx(10,10): error TS2875: This JSX tag requires the module path 'react/jsx-runtime' to exist, but none could be found. Make sure you have types for the appropriate package installed.
components/ui/dropdown-menu.tsx(90,7): error TS7026: JSX element implicitly has type 'any' because no interface 'JSX.IntrinsicElements' exists.
components/ui/dropdown-menu.tsx(97,7): error TS7026: JSX element implicitly has type 'any' because no interface 'JSX.IntrinsicElements' exists.
components/ui/dropdown-menu.tsx(123,7): error TS7026: JSX element implicitly has type 'any' because no interface 'JSX.IntrinsicElements' exists.
components/ui/dropdown-menu.tsx(130,7): error TS7026: JSX element implicitly has type 'any' because no interface 'JSX.IntrinsicElements' exists.
components/ui/dropdown-menu.tsx(171,5): error TS7026: JSX element implicitly has type 'any' because no interface 'JSX.IntrinsicElements' exists.
components/ui/field.tsx(3,25): error TS2307: Cannot find module 'react' or its corresponding type declarations.
components/ui/field.tsx(4,40): error TS2307: Cannot find module 'class-variance-authority' or its corresponding type declarations.
components/ui/field.tsx(10,44): error TS2503: Cannot find namespace 'React'.
components/ui/field.tsx(12,5): error TS2875: This JSX tag requires the module path 'react/jsx-runtime' to exist, but none could be found. Make sure you have types for the appropriate package installed.
components/ui/field.tsx(12,5): error TS7026: JSX element implicitly has type 'any' because no interface 'JSX.IntrinsicElements' exists.
components/ui/field.tsx(27,4): error TS2503: Cannot find namespace 'React'.
components/ui/field.tsx(29,5): error TS7026: JSX element implicitly has type 'any' because no interface 'JSX.IntrinsicElements' exists.
components/ui/field.tsx(41,46): error TS2503: Cannot find namespace 'React'.
components/ui/field.tsx(43,5): error TS7026: JSX element implicitly has type 'any' because no interface 'JSX.IntrinsicElements' exists.
components/ui/field.tsx(73,4): error TS2503: Cannot find namespace 'React'.
components/ui/field.tsx(75,5): error TS7026: JSX element implicitly has type 'any' because no interface 'JSX.IntrinsicElements' exists.
components/ui/field.tsx(85,48): error TS2503: Cannot find namespace 'React'.
components/ui/field.tsx(87,5): error TS7026: JSX element implicitly has type 'any' because no interface 'JSX.IntrinsicElements' exists.
components/ui/field.tsx(95,46): error TS2503: Cannot find namespace 'React'.
components/ui/field.tsx(109,46): error TS2503: Cannot find namespace 'React'.
components/ui/field.tsx(111,5): error TS7026: JSX element implicitly has type 'any' because no interface 'JSX.IntrinsicElements' exists.
components/ui/field.tsx(122,52): error TS2503: Cannot find namespace 'React'.
components/ui/field.tsx(124,5): error TS7026: JSX element implicitly has type 'any' because no interface 'JSX.IntrinsicElements' exists.
components/ui/field.tsx(141,4): error TS2503: Cannot find namespace 'React'.
components/ui/field.tsx(142,14): error TS2503: Cannot find namespace 'React'.
components/ui/field.tsx(145,5): error TS7026: JSX element implicitly has type 'any' because no interface 'JSX.IntrinsicElements' exists.
components/ui/field.tsx(156,9): error TS7026: JSX element implicitly has type 'any' because no interface 'JSX.IntrinsicElements' exists.
components/ui/field.tsx(161,9): error TS7026: JSX element implicitly has type 'any' because no interface 'JSX.IntrinsicElements' exists.
components/ui/field.tsx(163,5): error TS7026: JSX element implicitly has type 'any' because no interface 'JSX.IntrinsicElements' exists.
components/ui/field.tsx(172,4): error TS2503: Cannot find namespace 'React'.
components/ui/field.tsx(184,50): error TS7006: Parameter 'error' implicitly has an 'any' type.
components/ui/field.tsx(187,31): error TS2339: Property 'message' does not exist on type '{}'.
components/ui/field.tsx(191,7): error TS7026: JSX element implicitly has type 'any' because no interface 'JSX.IntrinsicElements' exists.
components/ui/field.tsx(192,52): error TS2339: Property 'message' does not exist on type '{}'.
components/ui/field.tsx(192,63): error TS7026: JSX element implicitly has type 'any' because no interface 'JSX.IntrinsicElements' exists.
components/ui/field.tsx(192,86): error TS2339: Property 'message' does not exist on type '{}'.
components/ui/field.tsx(192,94): error TS7026: JSX element implicitly has type 'any' because no interface 'JSX.IntrinsicElements' exists.
components/ui/field.tsx(193,7): error TS7026: JSX element implicitly has type 'any' because no interface 'JSX.IntrinsicElements' exists.
components/ui/field.tsx(202,5): error TS7026: JSX element implicitly has type 'any' because no interface 'JSX.IntrinsicElements' exists.
components/ui/field.tsx(209,5): error TS7026: JSX element implicitly has type 'any' because no interface 'JSX.IntrinsicElements' exists.
components/ui/hover-card.tsx(3,24): error TS2307: Cannot find module 'react' or its corresponding type declarations.
components/ui/hover-card.tsx(4,49): error TS2307: Cannot find module 'radix-ui' or its corresponding type declarations.
components/ui/hover-card.tsx(9,10): error TS2875: This JSX tag requires the module path 'react/jsx-runtime' to exist, but none could be found. Make sure you have types for the appropriate package installed.
components/ui/input-group.tsx(3,24): error TS2307: Cannot find module 'react' or its corresponding type declarations.
components/ui/input-group.tsx(4,40): error TS2307: Cannot find module 'class-variance-authority' or its corresponding type declarations.
components/ui/input-group.tsx(13,5): error TS2875: This JSX tag requires the module path 'react/jsx-runtime' to exist, but none could be found. Make sure you have types for the appropriate package installed.
components/ui/input-group.tsx(13,5): error TS7026: JSX element implicitly has type 'any' because no interface 'JSX.IntrinsicElements' exists.
components/ui/input-group.tsx(50,5): error TS7026: JSX element implicitly has type 'any' because no interface 'JSX.IntrinsicElements' exists.
components/ui/input-group.tsx(55,17): error TS7006: Parameter 'e' implicitly has an 'any' type.
components/ui/input-group.tsx(101,5): error TS7026: JSX element implicitly has type 'any' because no interface 'JSX.IntrinsicElements' exists.
components/ui/input.tsx(1,24): error TS2307: Cannot find module 'react' or its corresponding type declarations.
components/ui/input.tsx(7,5): error TS2875: This JSX tag requires the module path 'react/jsx-runtime' to exist, but none could be found. Make sure you have types for the appropriate package installed.
components/ui/input.tsx(7,5): error TS7026: JSX element implicitly has type 'any' because no interface 'JSX.IntrinsicElements' exists.
components/ui/label.tsx(3,24): error TS2307: Cannot find module 'react' or its corresponding type declarations.
components/ui/label.tsx(4,41): error TS2307: Cannot find module 'radix-ui' or its corresponding type declarations.
components/ui/label.tsx(10,5): error TS2875: This JSX tag requires the module path 'react/jsx-runtime' to exist, but none could be found. Make sure you have types for the appropriate package installed.
components/ui/popover.tsx(3,24): error TS2307: Cannot find module 'react' or its corresponding type declarations.
components/ui/popover.tsx(4,35): error TS2307: Cannot find module '@radix-ui/react-popover' or its corresponding type declarations.
components/ui/popover.tsx(15,6): error TS7031: Binding element 'className' implicitly has an 'any' type.
components/ui/popover.tsx(15,63): error TS7006: Parameter 'ref' implicitly has an 'any' type.
components/ui/popover.tsx(16,3): error TS2875: This JSX tag requires the module path 'react/jsx-runtime' to exist, but none could be found. Make sure you have types for the appropriate package installed.
components/ui/progress.tsx(3,24): error TS2307: Cannot find module 'react' or its corresponding type declarations.
components/ui/progress.tsx(4,47): error TS2307: Cannot find module 'radix-ui' or its corresponding type declarations.
components/ui/progress.tsx(14,5): error TS2875: This JSX tag requires the module path 'react/jsx-runtime' to exist, but none could be found. Make sure you have types for the appropriate package installed.
components/ui/scroll-area.tsx(3,24): error TS2307: Cannot find module 'react' or its corresponding type declarations.
components/ui/scroll-area.tsx(4,51): error TS2307: Cannot find module 'radix-ui' or its corresponding type declarations.
components/ui/scroll-area.tsx(14,5): error TS2875: This JSX tag requires the module path 'react/jsx-runtime' to exist, but none could be found. Make sure you have types for the appropriate package installed.
components/ui/select.tsx(3,24): error TS2307: Cannot find module 'react' or its corresponding type declarations.
components/ui/select.tsx(4,43): error TS2307: Cannot find module 'radix-ui' or its corresponding type declarations.
components/ui/select.tsx(7,59): error TS2307: Cannot find module 'lucide-react' or its corresponding type declarations.
components/ui/select.tsx(10,10): error TS2875: This JSX tag requires the module path 'react/jsx-runtime' to exist, but none could be found. Make sure you have types for the appropriate package installed.
components/ui/select.tsx(114,7): error TS7026: JSX element implicitly has type 'any' because no interface 'JSX.IntrinsicElements' exists.
components/ui/select.tsx(118,7): error TS7026: JSX element implicitly has type 'any' because no interface 'JSX.IntrinsicElements' exists.
components/ui/separator.tsx(3,24): error TS2307: Cannot find module 'react' or its corresponding type declarations.
components/ui/separator.tsx(4,49): error TS2307: Cannot find module 'radix-ui' or its corresponding type declarations.
components/ui/separator.tsx(15,5): error TS2875: This JSX tag requires the module path 'react/jsx-runtime' to exist, but none could be found. Make sure you have types for the appropriate package installed.
components/ui/slider.tsx(3,24): error TS2307: Cannot find module 'react' or its corresponding type declarations.
components/ui/slider.tsx(4,34): error TS2307: Cannot find module '@radix-ui/react-slider' or its corresponding type declarations.
components/ui/slider.tsx(11,6): error TS7031: Binding element 'className' implicitly has an 'any' type.
components/ui/slider.tsx(11,29): error TS7006: Parameter 'ref' implicitly has an 'any' type.
components/ui/slider.tsx(12,3): error TS2875: This JSX tag requires the module path 'react/jsx-runtime' to exist, but none could be found. Make sure you have types for the appropriate package installed.
components/ui/sonner.tsx(3,26): error TS2307: Cannot find module 'next-themes' or its corresponding type declarations.
components/ui/sonner.tsx(4,54): error TS2307: Cannot find module 'sonner' or its corresponding type declarations.
components/ui/sonner.tsx(11,8): error TS2307: Cannot find module 'lucide-react' or its corresponding type declarations.
components/ui/sonner.tsx(17,5): error TS2875: This JSX tag requires the module path 'react/jsx-runtime' to exist, but none could be found. Make sure you have types for the appropriate package installed.
components/ui/sonner.tsx(33,14): error TS2503: Cannot find namespace 'React'.
components/ui/switch.tsx(3,24): error TS2307: Cannot find module 'react' or its corresponding type declarations.
components/ui/switch.tsx(4,35): error TS2307: Cannot find module '@radix-ui/react-switch' or its corresponding type declarations.
components/ui/switch.tsx(11,6): error TS7031: Binding element 'className' implicitly has an 'any' type.
components/ui/switch.tsx(11,29): error TS7006: Parameter 'ref' implicitly has an 'any' type.
components/ui/switch.tsx(12,3): error TS2875: This JSX tag requires the module path 'react/jsx-runtime' to exist, but none could be found. Make sure you have types for the appropriate package installed.
components/ui/tabs.tsx(3,24): error TS2307: Cannot find module 'react' or its corresponding type declarations.
components/ui/tabs.tsx(4,40): error TS2307: Cannot find module 'class-variance-authority' or its corresponding type declarations.
components/ui/tabs.tsx(5,39): error TS2307: Cannot find module 'radix-ui' or its corresponding type declarations.
components/ui/tabs.tsx(15,5): error TS2875: This JSX tag requires the module path 'react/jsx-runtime' to exist, but none could be found. Make sure you have types for the appropriate package installed.
components/ui/textarea.tsx(1,24): error TS2307: Cannot find module 'react' or its corresponding type declarations.
components/ui/textarea.tsx(7,5): error TS2875: This JSX tag requires the module path 'react/jsx-runtime' to exist, but none could be found. Make sure you have types for the appropriate package installed.
components/ui/textarea.tsx(7,5): error TS7026: JSX element implicitly has type 'any' because no interface 'JSX.IntrinsicElements' exists.
components/ui/tooltip.tsx(3,24): error TS2307: Cannot find module 'react' or its corresponding type declarations.
components/ui/tooltip.tsx(4,45): error TS2307: Cannot find module 'radix-ui' or its corresponding type declarations.
components/ui/tooltip.tsx(13,5): error TS2875: This JSX tag requires the module path 'react/jsx-runtime' to exist, but none could be found. Make sure you have types for the appropriate package installed.
components/user-profile.tsx(3,45): error TS2307: Cannot find module 'react' or its corresponding type declarations.
components/user-profile.tsx(4,55): error TS2307: Cannot find module 'lucide-react' or its corresponding type declarations.
components/user-profile.tsx(5,41): error TS2307: Cannot find module 'motion/react' or its corresponding type declarations.
components/user-profile.tsx(10,23): error TS2307: Cannot find module 'sonner' or its corresponding type declarations.
components/user-profile.tsx(25,39): error TS7006: Parameter 's' implicitly has an 'any' type.
components/user-profile.tsx(26,41): error TS7006: Parameter 's' implicitly has an 'any' type.
components/user-profile.tsx(27,36): error TS7006: Parameter 's' implicitly has an 'any' type.
components/user-profile.tsx(28,42): error TS7006: Parameter 's' implicitly has an 'any' type.
components/user-profile.tsx(29,44): error TS7006: Parameter 's' implicitly has an 'any' type.
components/user-profile.tsx(30,39): error TS7006: Parameter 's' implicitly has an 'any' type.
components/user-profile.tsx(58,34): error TS2503: Cannot find namespace 'React'.
components/user-profile.tsx(92,7): error TS2875: This JSX tag requires the module path 'react/jsx-runtime' to exist, but none could be found. Make sure you have types for the appropriate package installed.
components/user-profile.tsx(93,9): error TS7026: JSX element implicitly has type 'any' because no interface 'JSX.IntrinsicElements' exists.
components/user-profile.tsx(94,11): error TS7026: JSX element implicitly has type 'any' because no interface 'JSX.IntrinsicElements' exists.
components/user-profile.tsx(95,11): error TS7026: JSX element implicitly has type 'any' because no interface 'JSX.IntrinsicElements' exists.
components/user-profile.tsx(96,13): error TS7026: JSX element implicitly has type 'any' because no interface 'JSX.IntrinsicElements' exists.
components/user-profile.tsx(97,13): error TS7026: JSX element implicitly has type 'any' because no interface 'JSX.IntrinsicElements' exists.
components/user-profile.tsx(98,11): error TS7026: JSX element implicitly has type 'any' because no interface 'JSX.IntrinsicElements' exists.
components/user-profile.tsx(99,9): error TS7026: JSX element implicitly has type 'any' because no interface 'JSX.IntrinsicElements' exists.
components/user-profile.tsx(107,7): error TS7026: JSX element implicitly has type 'any' because no interface 'JSX.IntrinsicElements' exists.
components/user-profile.tsx(116,7): error TS7026: JSX element implicitly has type 'any' because no interface 'JSX.IntrinsicElements' exists.
components/user-profile.tsx(118,9): error TS7026: JSX element implicitly has type 'any' because no interface 'JSX.IntrinsicElements' exists.
components/user-profile.tsx(122,11): error TS7026: JSX element implicitly has type 'any' because no interface 'JSX.IntrinsicElements' exists.
components/user-profile.tsx(123,13): error TS7026: JSX element implicitly has type 'any' because no interface 'JSX.IntrinsicElements' exists.
components/user-profile.tsx(124,11): error TS7026: JSX element implicitly has type 'any' because no interface 'JSX.IntrinsicElements' exists.
components/user-profile.tsx(125,11): error TS7026: JSX element implicitly has type 'any' because no interface 'JSX.IntrinsicElements' exists.
components/user-profile.tsx(132,11): error TS7026: JSX element implicitly has type 'any' because no interface 'JSX.IntrinsicElements' exists.
components/user-profile.tsx(133,9): error TS7026: JSX element implicitly has type 'any' because no interface 'JSX.IntrinsicElements' exists.
components/user-profile.tsx(136,9): error TS7026: JSX element implicitly has type 'any' because no interface 'JSX.IntrinsicElements' exists.
components/user-profile.tsx(138,13): error TS7026: JSX element implicitly has type 'any' because no interface 'JSX.IntrinsicElements' exists.
components/user-profile.tsx(139,15): error TS7026: JSX element implicitly has type 'any' because no interface 'JSX.IntrinsicElements' exists.
components/user-profile.tsx(142,28): error TS7006: Parameter 'e' implicitly has an 'any' type.
components/user-profile.tsx(143,29): error TS7006: Parameter 'e' implicitly has an 'any' type.
components/user-profile.tsx(152,15): error TS7026: JSX element implicitly has type 'any' because no interface 'JSX.IntrinsicElements' exists.
components/user-profile.tsx(157,15): error TS7026: JSX element implicitly has type 'any' because no interface 'JSX.IntrinsicElements' exists.
components/user-profile.tsx(158,13): error TS7026: JSX element implicitly has type 'any' because no interface 'JSX.IntrinsicElements' exists.
components/user-profile.tsx(160,13): error TS7026: JSX element implicitly has type 'any' because no interface 'JSX.IntrinsicElements' exists.
components/user-profile.tsx(164,15): error TS7026: JSX element implicitly has type 'any' because no interface 'JSX.IntrinsicElements' exists.
components/user-profile.tsx(164,93): error TS7026: JSX element implicitly has type 'any' because no interface 'JSX.IntrinsicElements' exists.
components/user-profile.tsx(166,13): error TS7026: JSX element implicitly has type 'any' because no interface 'JSX.IntrinsicElements' exists.
components/user-profile.tsx(168,11): error TS7026: JSX element implicitly has type 'any' because no interface 'JSX.IntrinsicElements' exists.
components/user-profile.tsx(168,95): error TS7026: JSX element implicitly has type 'any' because no interface 'JSX.IntrinsicElements' exists.
components/user-profile.tsx(169,9): error TS7026: JSX element implicitly has type 'any' because no interface 'JSX.IntrinsicElements' exists.
components/user-profile.tsx(170,7): error TS7026: JSX element implicitly has type 'any' because no interface 'JSX.IntrinsicElements' exists.
components/user-profile.tsx(183,13): error TS7026: JSX element implicitly has type 'any' because no interface 'JSX.IntrinsicElements' exists.
components/user-profile.tsx(185,17): error TS7026: JSX element implicitly has type 'any' because no interface 'JSX.IntrinsicElements' exists.
components/user-profile.tsx(196,19): error TS7026: JSX element implicitly has type 'any' because no interface 'JSX.IntrinsicElements' exists.
components/user-profile.tsx(197,17): error TS7026: JSX element implicitly has type 'any' because no interface 'JSX.IntrinsicElements' exists.
components/user-profile.tsx(201,15): error TS7026: JSX element implicitly has type 'any' because no interface 'JSX.IntrinsicElements' exists.
components/user-profile.tsx(213,15): error TS7026: JSX element implicitly has type 'any' because no interface 'JSX.IntrinsicElements' exists.
components/user-profile.tsx(214,13): error TS7026: JSX element implicitly has type 'any' because no interface 'JSX.IntrinsicElements' exists.
components/user-profile.tsx(222,20): error TS7006: Parameter 'e' implicitly has an 'any' type.
components/whiteboard/index.tsx(3,34): error TS2307: Cannot find module 'react' or its corresponding type declarations.
components/whiteboard/index.tsx(4,41): error TS2307: Cannot find module 'motion/react' or its corresponding type declarations.
components/whiteboard/index.tsx(5,67): error TS2307: Cannot find module 'lucide-react' or its corresponding type declarations.
components/whiteboard/index.tsx(13,23): error TS2307: Cannot find module 'sonner' or its corresponding type declarations.
components/whiteboard/index.tsx(32,52): error TS7006: Parameter 's' implicitly has an 'any' type.
components/whiteboard/index.tsx(69,5): error TS2875: This JSX tag requires the module path 'react/jsx-runtime' to exist, but none could be found. Make sure you have types for the appropriate package installed.
components/whiteboard/index.tsx(95,13): error TS7026: JSX element implicitly has type 'any' because no interface 'JSX.IntrinsicElements' exists.
components/whiteboard/index.tsx(96,15): error TS7026: JSX element implicitly has type 'any' because no interface 'JSX.IntrinsicElements' exists.
components/whiteboard/index.tsx(97,17): error TS7026: JSX element implicitly has type 'any' because no interface 'JSX.IntrinsicElements' exists.
components/whiteboard/index.tsx(99,17): error TS7026: JSX element implicitly has type 'any' because no interface 'JSX.IntrinsicElements' exists.
components/whiteboard/index.tsx(100,17): error TS7026: JSX element implicitly has type 'any' because no interface 'JSX.IntrinsicElements' exists.
components/whiteboard/index.tsx(102,17): error TS7026: JSX element implicitly has type 'any' because no interface 'JSX.IntrinsicElements' exists.
components/whiteboard/index.tsx(103,15): error TS7026: JSX element implicitly has type 'any' because no interface 'JSX.IntrinsicElements' exists.
components/whiteboard/index.tsx(105,15): error TS7026: JSX element implicitly has type 'any' because no interface 'JSX.IntrinsicElements' exists.
components/whiteboard/index.tsx(141,17): error TS7026: JSX element implicitly has type 'any' because no interface 'JSX.IntrinsicElements' exists.
components/whiteboard/index.tsx(151,23): error TS7026: JSX element implicitly has type 'any' because no interface 'JSX.IntrinsicElements' exists.
components/whiteboard/index.tsx(153,23): error TS7026: JSX element implicitly has type 'any' because no interface 'JSX.IntrinsicElements' exists.
components/whiteboard/index.tsx(157,17): error TS7026: JSX element implicitly has type 'any' because no interface 'JSX.IntrinsicElements' exists.
components/whiteboard/index.tsx(158,17): error TS7026: JSX element implicitly has type 'any' because no interface 'JSX.IntrinsicElements' exists.
components/whiteboard/index.tsx(159,17): error TS7026: JSX element implicitly has type 'any' because no interface 'JSX.IntrinsicElements' exists.
components/whiteboard/index.tsx(166,17): error TS7026: JSX element implicitly has type 'any' because no interface 'JSX.IntrinsicElements' exists.
components/whiteboard/index.tsx(167,15): error TS7026: JSX element implicitly has type 'any' because no interface 'JSX.IntrinsicElements' exists.
components/whiteboard/index.tsx(168,13): error TS7026: JSX element implicitly has type 'any' because no interface 'JSX.IntrinsicElements' exists.
components/whiteboard/index.tsx(171,13): error TS7026: JSX element implicitly has type 'any' because no interface 'JSX.IntrinsicElements' exists.
components/whiteboard/index.tsx(173,13): error TS7026: JSX element implicitly has type 'any' because no interface 'JSX.IntrinsicElements' exists.
components/whiteboard/whiteboard-canvas.tsx(11,8): error TS2307: Cannot find module 'react' or its corresponding type declarations.
components/whiteboard/whiteboard-canvas.tsx(12,41): error TS2307: Cannot find module 'motion/react' or its corresponding type declarations.
components/whiteboard/whiteboard-canvas.tsx(51,5): error TS2875: This JSX tag requires the module path 'react/jsx-runtime' to exist, but none could be found. Make sure you have types for the appropriate package installed.
components/whiteboard/whiteboard-canvas.tsx(89,7): error TS7026: JSX element implicitly has type 'any' because no interface 'JSX.IntrinsicElements' exists.
components/whiteboard/whiteboard-canvas.tsx(91,7): error TS7026: JSX element implicitly has type 'any' because no interface 'JSX.IntrinsicElements' exists.
components/whiteboard/whiteboard-canvas.tsx(101,5): error TS7031: Binding element 'canvasHeight' implicitly has an 'any' type.
components/whiteboard/whiteboard-canvas.tsx(102,5): error TS7031: Binding element 'canvasWidth' implicitly has an 'any' type.
components/whiteboard/whiteboard-canvas.tsx(103,5): error TS7031: Binding element 'containerWidth' implicitly has an 'any' type.
components/whiteboard/whiteboard-canvas.tsx(104,5): error TS7031: Binding element 'containerHeight' implicitly has an 'any' type.
components/whiteboard/whiteboard-canvas.tsx(105,5): error TS7031: Binding element 'containerScale' implicitly has an 'any' type.
components/whiteboard/whiteboard-canvas.tsx(106,5): error TS7031: Binding element 'elements' implicitly has an 'any' type.
components/whiteboard/whiteboard-canvas.tsx(107,5): error TS7031: Binding element 'isClearing' implicitly has an 'any' type.
components/whiteboard/whiteboard-canvas.tsx(108,5): error TS7031: Binding element 'onViewModifiedChange' implicitly has an 'any' type.
components/whiteboard/whiteboard-canvas.tsx(109,5): error TS7031: Binding element 'readyHintText' implicitly has an 'any' type.
components/whiteboard/whiteboard-canvas.tsx(110,5): error TS7031: Binding element 'readyText' implicitly has an 'any' type.
components/whiteboard/whiteboard-canvas.tsx(112,3): error TS7006: Parameter 'ref' implicitly has an 'any' type.
components/whiteboard/whiteboard-canvas.tsx(177,9): error TS2503: Cannot find namespace 'React'.
components/whiteboard/whiteboard-canvas.tsx(191,9): error TS2503: Cannot find namespace 'React'.
components/whiteboard/whiteboard-canvas.tsx(210,43): error TS2503: Cannot find namespace 'React'.
components/whiteboard/whiteboard-canvas.tsx(233,20): error TS7006: Parameter 'prevZoom' implicitly has an 'any' type.
components/whiteboard/whiteboard-canvas.tsx(245,18): error TS7006: Parameter 'prevPanX' implicitly has an 'any' type.
components/whiteboard/whiteboard-canvas.tsx(251,18): error TS7006: Parameter 'prevPanY' implicitly has an 'any' type.
components/whiteboard/whiteboard-canvas.tsx(297,10): error TS2503: Cannot find namespace 'React'.
components/whiteboard/whiteboard-canvas.tsx(312,5): error TS7026: JSX element implicitly has type 'any' because no interface 'JSX.IntrinsicElements' exists.
components/whiteboard/whiteboard-canvas.tsx(325,7): error TS7026: JSX element implicitly has type 'any' because no interface 'JSX.IntrinsicElements' exists.
components/whiteboard/whiteboard-canvas.tsx(350,15): error TS7026: JSX element implicitly has type 'any' because no interface 'JSX.IntrinsicElements' exists.
components/whiteboard/whiteboard-canvas.tsx(351,17): error TS7026: JSX element implicitly has type 'any' because no interface 'JSX.IntrinsicElements' exists.
components/whiteboard/whiteboard-canvas.tsx(351,63): error TS7026: JSX element implicitly has type 'any' because no interface 'JSX.IntrinsicElements' exists.
components/whiteboard/whiteboard-canvas.tsx(352,17): error TS7026: JSX element implicitly has type 'any' because no interface 'JSX.IntrinsicElements' exists.
components/whiteboard/whiteboard-canvas.tsx(352,60): error TS7026: JSX element implicitly has type 'any' because no interface 'JSX.IntrinsicElements' exists.
components/whiteboard/whiteboard-canvas.tsx(353,15): error TS7026: JSX element implicitly has type 'any' because no interface 'JSX.IntrinsicElements' exists.
components/whiteboard/whiteboard-canvas.tsx(359,9): error TS7026: JSX element implicitly has type 'any' because no interface 'JSX.IntrinsicElements' exists.
components/whiteboard/whiteboard-canvas.tsx(361,28): error TS7006: Parameter 'element' implicitly has an 'any' type.
components/whiteboard/whiteboard-canvas.tsx(361,37): error TS7006: Parameter 'index' implicitly has an 'any' type.
components/whiteboard/whiteboard-canvas.tsx(363,17): error TS2322: Type '{ key: any; element: any; index: any; isClearing: any; totalElements: any; }' is not assignable to type '{ element: PPTElement; index: number; isClearing: boolean; totalElements: number; }'.
  Property 'key' does not exist on type '{ element: PPTElement; index: number; isClearing: boolean; totalElements: number; }'.
components/whiteboard/whiteboard-canvas.tsx(371,9): error TS7026: JSX element implicitly has type 'any' because no interface 'JSX.IntrinsicElements' exists.
components/whiteboard/whiteboard-canvas.tsx(372,7): error TS7026: JSX element implicitly has type 'any' because no interface 'JSX.IntrinsicElements' exists.
components/whiteboard/whiteboard-canvas.tsx(373,5): error TS7026: JSX element implicitly has type 'any' because no interface 'JSX.IntrinsicElements' exists.
components/whiteboard/whiteboard-canvas.tsx(385,31): error TS7031: Binding element 'onViewModifiedChange' implicitly has an 'any' type.
components/whiteboard/whiteboard-canvas.tsx(385,55): error TS7006: Parameter 'ref' implicitly has an 'any' type.
components/whiteboard/whiteboard-canvas.tsx(428,7): error TS7026: JSX element implicitly has type 'any' because no interface 'JSX.IntrinsicElements' exists.
components/whiteboard/whiteboard-canvas.tsx(442,7): error TS7026: JSX element implicitly has type 'any' because no interface 'JSX.IntrinsicElements' exists.
components/whiteboard/whiteboard-history.tsx(3,35): error TS2307: Cannot find module 'react' or its corresponding type declarations.
components/whiteboard/whiteboard-history.tsx(4,41): error TS2307: Cannot find module 'motion/react' or its corresponding type declarations.
components/whiteboard/whiteboard-history.tsx(5,27): error TS2307: Cannot find module 'lucide-react' or its corresponding type declarations.
components/whiteboard/whiteboard-history.tsx(11,23): error TS2307: Cannot find module 'sonner' or its corresponding type declarations.
components/whiteboard/whiteboard-history.tsx(26,48): error TS7006: Parameter 's' implicitly has an 'any' type.
components/whiteboard/whiteboard-history.tsx(104,5): error TS2875: This JSX tag requires the module path 'react/jsx-runtime' to exist, but none could be found. Make sure you have types for the appropriate package installed.
components/whiteboard/whiteboard-history.tsx(115,11): error TS7026: JSX element implicitly has type 'any' because no interface 'JSX.IntrinsicElements' exists.
components/whiteboard/whiteboard-history.tsx(116,13): error TS7026: JSX element implicitly has type 'any' because no interface 'JSX.IntrinsicElements' exists.
components/whiteboard/whiteboard-history.tsx(118,13): error TS7026: JSX element implicitly has type 'any' because no interface 'JSX.IntrinsicElements' exists.
components/whiteboard/whiteboard-history.tsx(119,13): error TS7026: JSX element implicitly has type 'any' because no interface 'JSX.IntrinsicElements' exists.
components/whiteboard/whiteboard-history.tsx(121,13): error TS7026: JSX element implicitly has type 'any' because no interface 'JSX.IntrinsicElements' exists.
components/whiteboard/whiteboard-history.tsx(122,11): error TS7026: JSX element implicitly has type 'any' because no interface 'JSX.IntrinsicElements' exists.
components/whiteboard/whiteboard-history.tsx(125,11): error TS7026: JSX element implicitly has type 'any' because no interface 'JSX.IntrinsicElements' exists.
components/whiteboard/whiteboard-history.tsx(127,15): error TS7026: JSX element implicitly has type 'any' because no interface 'JSX.IntrinsicElements' exists.
components/whiteboard/whiteboard-history.tsx(129,15): error TS7026: JSX element implicitly has type 'any' because no interface 'JSX.IntrinsicElements' exists.
components/whiteboard/whiteboard-history.tsx(131,15): error TS7026: JSX element implicitly has type 'any' because no interface 'JSX.IntrinsicElements' exists.
components/whiteboard/whiteboard-history.tsx(135,21): error TS7026: JSX element implicitly has type 'any' because no interface 'JSX.IntrinsicElements' exists.
components/whiteboard/whiteboard-history.tsx(139,23): error TS7026: JSX element implicitly has type 'any' because no interface 'JSX.IntrinsicElements' exists.
components/whiteboard/whiteboard-history.tsx(140,25): error TS7026: JSX element implicitly has type 'any' because no interface 'JSX.IntrinsicElements' exists.
components/whiteboard/whiteboard-history.tsx(142,25): error TS7026: JSX element implicitly has type 'any' because no interface 'JSX.IntrinsicElements' exists.
components/whiteboard/whiteboard-history.tsx(143,25): error TS7026: JSX element implicitly has type 'any' because no interface 'JSX.IntrinsicElements' exists.
components/whiteboard/whiteboard-history.tsx(146,25): error TS7026: JSX element implicitly has type 'any' because no interface 'JSX.IntrinsicElements' exists.
components/whiteboard/whiteboard-history.tsx(147,23): error TS7026: JSX element implicitly has type 'any' because no interface 'JSX.IntrinsicElements' exists.
components/whiteboard/whiteboard-history.tsx(148,23): error TS7026: JSX element implicitly has type 'any' because no interface 'JSX.IntrinsicElements' exists.
components/whiteboard/whiteboard-history.tsx(156,23): error TS7026: JSX element implicitly has type 'any' because no interface 'JSX.IntrinsicElements' exists.
components/whiteboard/whiteboard-history.tsx(157,21): error TS7026: JSX element implicitly has type 'any' because no interface 'JSX.IntrinsicElements' exists.
components/whiteboard/whiteboard-history.tsx(160,15): error TS7026: JSX element implicitly has type 'any' because no interface 'JSX.IntrinsicElements' exists.
components/whiteboard/whiteboard-history.tsx(162,11): error TS7026: JSX element implicitly has type 'any' because no interface 'JSX.IntrinsicElements' exists.
eval/outline-language/judge.ts(1,50): error TS2307: Cannot find module 'ai' or its corresponding type declarations.
eval/outline-language/reporter.ts(1,31): error TS2307: Cannot find module 'fs' or its corresponding type declarations.
eval/outline-language/reporter.ts(2,22): error TS2307: Cannot find module 'path' or its corresponding type declarations.
eval/outline-language/runner.ts(18,30): error TS2307: Cannot find module 'fs' or its corresponding type declarations.
eval/outline-language/runner.ts(19,31): error TS2307: Cannot find module 'path' or its corresponding type declarations.
eval/outline-language/runner.ts(20,31): error TS2307: Cannot find module 'url' or its corresponding type declarations.
eval/outline-language/runner.ts(33,17): error TS2304: Cannot find name '__dirname'.
eval/outline-language/runner.ts(33,45): error TS2304: Cannot find name '__dirname'.
eval/outline-language/runner.ts(45,29): error TS2580: Cannot find name 'process'. Do you need to install type definitions for node? Try `npm i --save-dev @types/node`.
eval/outline-language/runner.ts(45,65): error TS2580: Cannot find name 'process'. Do you need to install type definitions for node? Try `npm i --save-dev @types/node`.
eval/outline-language/runner.ts(46,25): error TS2580: Cannot find name 'process'. Do you need to install type definitions for node? Try `npm i --save-dev @types/node`.
eval/outline-language/runner.ts(51,5): error TS2580: Cannot find name 'process'. Do you need to install type definitions for node? Try `npm i --save-dev @types/node`.
eval/outline-language/runner.ts(57,5): error TS2580: Cannot find name 'process'. Do you need to install type definitions for node? Try `npm i --save-dev @types/node`.
eval/outline-language/runner.ts(133,5): error TS2580: Cannot find name 'process'. Do you need to install type definitions for node? Try `npm i --save-dev @types/node`.
eval/outline-language/runner.ts(168,3): error TS2580: Cannot find name 'process'. Do you need to install type definitions for node? Try `npm i --save-dev @types/node`.
eval/outline-language/runner.ts(173,3): error TS2580: Cannot find name 'process'. Do you need to install type definitions for node? Try `npm i --save-dev @types/node`.
eval/shared/resolve-model.ts(11,23): error TS2580: Cannot find name 'process'. Do you need to install type definitions for node? Try `npm i --save-dev @types/node`.
eval/shared/run-dir.ts(1,27): error TS2307: Cannot find module 'fs' or its corresponding type declarations.
eval/shared/run-dir.ts(2,22): error TS2307: Cannot find module 'path' or its corresponding type declarations.
eval/whiteboard-layout/capture.ts(1,51): error TS2307: Cannot find module '@playwright/test' or its corresponding type declarations.
eval/whiteboard-layout/capture.ts(3,27): error TS2307: Cannot find module 'fs' or its corresponding type declarations.
eval/whiteboard-layout/capture.ts(4,22): error TS2307: Cannot find module 'path' or its corresponding type declarations.
eval/whiteboard-layout/reporter.ts(1,42): error TS2307: Cannot find module 'fs' or its corresponding type declarations.
eval/whiteboard-layout/reporter.ts(2,22): error TS2307: Cannot find module 'path' or its corresponding type declarations.
eval/whiteboard-layout/runner.ts(1,54): error TS2307: Cannot find module 'fs' or its corresponding type declarations.
eval/whiteboard-layout/runner.ts(2,31): error TS2307: Cannot find module 'path' or its corresponding type declarations.
eval/whiteboard-layout/runner.ts(3,31): error TS2307: Cannot find module 'url' or its corresponding type declarations.
eval/whiteboard-layout/runner.ts(4,27): error TS2307: Cannot find module 'util' or its corresponding type declarations.
eval/whiteboard-layout/runner.ts(36,24): error TS2580: Cannot find name 'process'. Do you need to install type definitions for node? Try `npm i --save-dev @types/node`.
eval/whiteboard-layout/runner.ts(36,55): error TS2580: Cannot find name 'process'. Do you need to install type definitions for node? Try `npm i --save-dev @types/node`.
eval/whiteboard-layout/runner.ts(37,26): error TS2580: Cannot find name 'process'. Do you need to install type definitions for node? Try `npm i --save-dev @types/node`.
eval/whiteboard-layout/runner.ts(39,3): error TS2580: Cannot find name 'process'. Do you need to install type definitions for node? Try `npm i --save-dev @types/node`.
eval/whiteboard-layout/runner.ts(39,47): error TS2580: Cannot find name 'process'. Do you need to install type definitions for node? Try `npm i --save-dev @types/node`.
eval/whiteboard-layout/runner.ts(44,3): error TS2580: Cannot find name 'process'. Do you need to install type definitions for node? Try `npm i --save-dev @types/node`.
eval/whiteboard-layout/runner.ts(50,3): error TS2580: Cannot find name 'process'. Do you need to install type definitions for node? Try `npm i --save-dev @types/node`.
eval/whiteboard-layout/runner.ts(63,12): error TS2304: Cannot find name '__dirname'.
eval/whiteboard-layout/runner.ts(63,40): error TS2304: Cannot find name '__dirname'.
eval/whiteboard-layout/runner.ts(65,50): error TS7006: Parameter 'f' implicitly has an 'any' type.
eval/whiteboard-layout/runner.ts(358,5): error TS2580: Cannot find name 'process'. Do you need to install type definitions for node? Try `npm i --save-dev @types/node`.
eval/whiteboard-layout/runner.ts(395,3): error TS2580: Cannot find name 'process'. Do you need to install type definitions for node? Try `npm i --save-dev @types/node`.
eval/whiteboard-layout/scorer.ts(12,30): error TS2307: Cannot find module 'fs' or its corresponding type declarations.
eval/whiteboard-layout/scorer.ts(13,30): error TS2307: Cannot find module 'ai' or its corresponding type declarations.
lib/action/engine.ts(40,19): error TS2307: Cannot find module 'katex' or its corresponding type declarations.
lib/action/engine.ts(242,66): error TS7006: Parameter 'state' implicitly has an 'any' type.
lib/action/engine.ts(276,53): error TS7006: Parameter 'state' implicitly has an 'any' type.
lib/ai/llm.ts(7,42): error TS2307: Cannot find module 'ai' or its corresponding type declarations.
lib/ai/llm.ts(8,59): error TS2307: Cannot find module 'ai' or its corresponding type declarations.
lib/ai/llm.ts(74,7): error TS2580: Cannot find name 'process'. Do you need to install type definitions for node? Try `npm i --save-dev @types/node`.
lib/ai/providers.ts(26,30): error TS2307: Cannot find module '@ai-sdk/openai' or its corresponding type declarations.
lib/ai/providers.ts(27,33): error TS2307: Cannot find module '@ai-sdk/anthropic' or its corresponding type declarations.
lib/ai/providers.ts(28,42): error TS2307: Cannot find module '@ai-sdk/google' or its corresponding type declarations.
lib/ai/providers.ts(29,36): error TS2307: Cannot find module 'ai' or its corresponding type declarations.
lib/ai/providers.ts(1665,52): error TS2580: Cannot find name 'require'. Do you need to install type definitions for node? Try `npm i --save-dev @types/node`.
lib/ai/thinking-context.ts(15,35): error TS2307: Cannot find module 'node:async_hooks' or its corresponding type declarations.
lib/api/stage-api-defaults.ts(8,24): error TS2307: Cannot find module 'nanoid' or its corresponding type declarations.
lib/audio/asr-providers.ts(148,30): error TS2307: Cannot find module '@ai-sdk/openai' or its corresponding type declarations.
lib/audio/asr-providers.ts(149,55): error TS2307: Cannot find module 'ai' or its corresponding type declarations.
lib/audio/asr-providers.ts(166,16): error TS2580: Cannot find name 'Buffer'. Do you need to install type definitions for node? Try `npm i --save-dev @types/node`.
lib/audio/asr-providers.ts(198,16): error TS2580: Cannot find name 'Buffer'. Do you need to install type definitions for node? Try `npm i --save-dev @types/node`.
lib/audio/asr-providers.ts(206,18): error TS2580: Cannot find name 'Buffer'. Do you need to install type definitions for node? Try `npm i --save-dev @types/node`.
lib/audio/asr-providers.ts(207,30): error TS2580: Cannot find name 'Buffer'. Do you need to install type definitions for node? Try `npm i --save-dev @types/node`.
lib/audio/asr-providers.ts(243,16): error TS2580: Cannot find name 'Buffer'. Do you need to install type definitions for node? Try `npm i --save-dev @types/node`.
lib/audio/asr-providers.ts(249,30): error TS2580: Cannot find name 'Buffer'. Do you need to install type definitions for node? Try `npm i --save-dev @types/node`.
lib/audio/asr-providers.ts(253,19): error TS2580: Cannot find name 'Buffer'. Do you need to install type definitions for node? Try `npm i --save-dev @types/node`.
lib/audio/tts-providers.ts(557,43): error TS2580: Cannot find name 'Buffer'. Do you need to install type definitions for node? Try `npm i --save-dev @types/node`.
lib/audio/use-tts-preview.ts(3,58): error TS2307: Cannot find module 'react' or its corresponding type declarations.
lib/chat/action-translations.ts(2,69): error TS2307: Cannot find module 'lucide-react' or its corresponding type declarations.
lib/chat/action-translations.ts(3,32): error TS2307: Cannot find module 'react' or its corresponding type declarations.
lib/chat/action-translations.ts(4,31): error TS2307: Cannot find module 'react' or its corresponding type declarations.
lib/contexts/media-stage-context.tsx(3,43): error TS2307: Cannot find module 'react' or its corresponding type declarations.
lib/contexts/scene-context.tsx(11,8): error TS2307: Cannot find module 'react' or its corresponding type declarations.
lib/contexts/scene-context.tsx(14,25): error TS2307: Cannot find module 'immer' or its corresponding type declarations.
lib/contexts/scene-context.tsx(40,39): error TS7006: Parameter 'state' implicitly has an 'any' type.
lib/contexts/scene-context.tsx(42,31): error TS7006: Parameter 's' implicitly has an 'any' type.
lib/contexts/scene-context.tsx(45,38): error TS7006: Parameter 'state' implicitly has an 'any' type.
lib/contexts/scene-context.tsx(69,35): error TS7006: Parameter 'listener' implicitly has an 'any' type.
lib/contexts/scene-context.tsx(102,10): error TS2875: This JSX tag requires the module path 'react/jsx-runtime' to exist, but none could be found. Make sure you have types for the appropriate package installed.
lib/export/latex-to-omml.ts(1,19): error TS2307: Cannot find module 'temml' or its corresponding type declarations.
lib/export/latex-to-omml.ts(2,26): error TS2307: Cannot find module 'mathml2omml' or its corresponding type declarations.
lib/export/svg-path-parser.ts(1,29): error TS2307: Cannot find module 'svg-pathdata' or its corresponding type declarations.
lib/export/svg-path-parser.ts(24,38): error TS7006: Parameter 'item' implicitly has an 'any' type.
lib/export/svg-path-parser.ts(25,29): error TS7053: Element implicitly has an 'any' type because expression of type 'any' can't be used to index type '{ 1: string; 2: string; 4: string; 8: string; 16: string; 32: string; 64: string; 128: string; 256: string; 512: string; }'.
lib/export/svg-path-parser.ts(41,18): error TS7053: Element implicitly has an 'any' type because expression of type 'any' can't be used to index type '{ 1: string; 2: string; 4: string; 8: string; 16: string; 32: string; 64: string; 128: string; 256: string; 512: string; }'.
lib/export/use-export-classroom.ts(3,39): error TS2307: Cannot find module 'react' or its corresponding type declarations.
lib/export/use-export-classroom.ts(4,24): error TS2307: Cannot find module 'file-saver' or its corresponding type declarations.
lib/export/use-export-classroom.ts(5,23): error TS2307: Cannot find module 'sonner' or its corresponding type declarations.
lib/export/use-export-classroom.ts(36,35): error TS2307: Cannot find module 'jszip' or its corresponding type declarations.
lib/export/use-export-classroom.ts(95,46): error TS7006: Parameter 'a' implicitly has an 'any' type.
lib/export/use-export-classroom.ts(95,49): error TS7006: Parameter 'i' implicitly has an 'any' type.
lib/export/use-export-classroom.ts(98,59): error TS7006: Parameter 'scene' implicitly has an 'any' type.
lib/export/use-export-classroom.ts(110,25): error TS7006: Parameter 'id' implicitly has an 'any' type.
lib/export/use-export-classroom.ts(111,28): error TS7006: Parameter 'i' implicitly has an 'any' type.
lib/export/use-export-classroom.ts(155,21): error TS2580: Cannot find name 'process'. Do you need to install type definitions for node? Try `npm i --save-dev @types/node`.
lib/export/use-export-pptx.ts(3,47): error TS2307: Cannot find module 'react' or its corresponding type declarations.
lib/export/use-export-pptx.ts(4,21): error TS2307: Cannot find module 'pptxgenjs' or its corresponding type declarations.
lib/export/use-export-pptx.ts(5,23): error TS2307: Cannot find module 'tinycolor2' or its corresponding type declarations.
lib/export/use-export-pptx.ts(6,24): error TS2307: Cannot find module 'file-saver' or its corresponding type declarations.
lib/export/use-export-pptx.ts(7,23): error TS2307: Cannot find module 'sonner' or its corresponding type declarations.
lib/export/use-export-pptx.ts(709,19): error TS7006: Parameter 'c' implicitly has an 'any' type.
lib/export/use-export-pptx.ts(714,19): error TS7006: Parameter 'c' implicitly has an 'any' type.
lib/export/use-export-pptx.ts(1074,33): error TS7006: Parameter 's' implicitly has an 'any' type.
lib/export/use-export-pptx.ts(1075,32): error TS7006: Parameter 's' implicitly has an 'any' type.
lib/export/use-export-pptx.ts(1082,38): error TS7006: Parameter 's' implicitly has an 'any' type.
lib/export/use-export-pptx.ts(1083,35): error TS7006: Parameter 's' implicitly has an 'any' type.
lib/export/use-export-pptx.ts(1136,35): error TS2307: Cannot find module 'jszip' or its corresponding type declarations.
lib/generation/action-parser.ts(14,24): error TS2307: Cannot find module 'nanoid' or its corresponding type declarations.
lib/generation/action-parser.ts(15,50): error TS2307: Cannot find module 'partial-json' or its corresponding type declarations.
lib/generation/action-parser.ts(16,28): error TS2307: Cannot find module 'jsonrepair' or its corresponding type declarations.
lib/generation/json-repair.ts(5,28): error TS2307: Cannot find module 'jsonrepair' or its corresponding type declarations.
lib/generation/outline-generator.ts(6,24): error TS2307: Cannot find module 'nanoid' or its corresponding type declarations.
lib/generation/pipeline-runner.ts(6,24): error TS2307: Cannot find module 'nanoid' or its corresponding type declarations.
lib/generation/scene-builder.ts(6,24): error TS2307: Cannot find module 'nanoid' or its corresponding type declarations.
lib/generation/scene-builder.ts(16,36): error TS2307: Cannot find module 'ai' or its corresponding type declarations.
lib/generation/scene-generator.ts(8,24): error TS2307: Cannot find module 'nanoid' or its corresponding type declarations.
lib/generation/scene-generator.ts(9,19): error TS2307: Cannot find module 'katex' or its corresponding type declarations.
lib/generation/scene-generator.ts(24,36): error TS2307: Cannot find module 'ai' or its corresponding type declarations.
lib/hooks/use-audio-recorder.ts(1,47): error TS2307: Cannot find module 'react' or its corresponding type declarations.
lib/hooks/use-audio-recorder.ts(31,27): error TS2503: Cannot find namespace 'NodeJS'.
lib/hooks/use-audio-recorder.ts(128,33): error TS7006: Parameter 'prev' implicitly has an 'any' type.
lib/hooks/use-audio-recorder.ts(237,27): error TS7006: Parameter 'prev' implicitly has an 'any' type.
lib/hooks/use-audio-recorder.ts(301,62): error TS7006: Parameter 'track' implicitly has an 'any' type.
lib/hooks/use-browser-asr.ts(7,58): error TS2307: Cannot find module 'react' or its corresponding type declarations.
lib/hooks/use-browser-tts.ts(7,58): error TS2307: Cannot find module 'react' or its corresponding type declarations.
lib/hooks/use-browser-tts.ts(80,45): error TS7006: Parameter 'v' implicitly has an 'any' type.
lib/hooks/use-canvas-operations.ts(28,38): error TS2307: Cannot find module 'react' or its corresponding type declarations.
lib/hooks/use-canvas-operations.ts(30,23): error TS2307: Cannot find module 'sonner' or its corresponding type declarations.
lib/hooks/use-canvas-operations.ts(34,24): error TS2307: Cannot find module 'nanoid' or its corresponding type declarations.
lib/hooks/use-canvas-operations.ts(102,58): error TS7006: Parameter 'id' implicitly has an 'any' type.
lib/hooks/use-canvas-operations.ts(373,50): error TS7006: Parameter 'el' implicitly has an 'any' type.
lib/hooks/use-canvas-operations.ts(421,55): error TS7006: Parameter 'item' implicitly has an 'any' type.
lib/hooks/use-discussion-tts.ts(3,48): error TS2307: Cannot find module 'react' or its corresponding type declarations.
lib/hooks/use-discussion-tts.ts(32,48): error TS7006: Parameter 's' implicitly has an 'any' type.
lib/hooks/use-discussion-tts.ts(33,38): error TS7006: Parameter 's' implicitly has an 'any' type.
lib/hooks/use-discussion-tts.ts(34,38): error TS7006: Parameter 's' implicitly has an 'any' type.
lib/hooks/use-discussion-tts.ts(35,39): error TS7006: Parameter 's' implicitly has an 'any' type.
lib/hooks/use-discussion-tts.ts(36,43): error TS7006: Parameter 's' implicitly has an 'any' type.
lib/hooks/use-discussion-tts.ts(38,49): error TS7006: Parameter 's' implicitly has an 'any' type.
lib/hooks/use-discussion-tts.ts(39,44): error TS7006: Parameter 's' implicitly has an 'any' type.
lib/hooks/use-draft-cache.ts(3,58): error TS2307: Cannot find module 'react' or its corresponding type declarations.
lib/hooks/use-history-snapshot.ts(1,29): error TS2307: Cannot find module 'react' or its corresponding type declarations.
lib/hooks/use-history-snapshot.ts(20,41): error TS7006: Parameter 'state' implicitly has an 'any' type.
lib/hooks/use-history-snapshot.ts(21,34): error TS7006: Parameter 'state' implicitly has an 'any' type.
lib/hooks/use-history-snapshot.ts(22,34): error TS7006: Parameter 'state' implicitly has an 'any' type.
lib/hooks/use-history-snapshot.ts(23,37): error TS7006: Parameter 'state' implicitly has an 'any' type.
lib/hooks/use-history-snapshot.ts(24,37): error TS7006: Parameter 'state' implicitly has an 'any' type.
lib/hooks/use-i18n.tsx(3,65): error TS2307: Cannot find module 'react' or its corresponding type declarations.
lib/hooks/use-i18n.tsx(4,32): error TS2307: Cannot find module 'react-i18next' or its corresponding type declarations.
lib/hooks/use-i18n.tsx(57,10): error TS2875: This JSX tag requires the module path 'react/jsx-runtime' to exist, but none could be found. Make sure you have types for the appropriate package installed.
lib/hooks/use-scene-generator.ts(3,37): error TS2307: Cannot find module 'react' or its corresponding type declarations.
lib/hooks/use-scene-generator.ts(261,28): error TS7006: Parameter 'o' implicitly has an 'any' type.
lib/hooks/use-scene-generator.ts(262,64): error TS7006: Parameter 'o' implicitly has an 'any' type.
lib/hooks/use-scene-generator.ts(280,51): error TS7006: Parameter 's' implicitly has an 'any' type.
lib/hooks/use-scene-generator.ts(282,18): error TS7006: Parameter 'o' implicitly has an 'any' type.
lib/hooks/use-scene-generator.ts(283,16): error TS7006: Parameter 'a' implicitly has an 'any' type.
lib/hooks/use-scene-generator.ts(283,19): error TS7006: Parameter 'b' implicitly has an 'any' type.
lib/hooks/use-scene-generator.ts(307,20): error TS7006: Parameter 'a' implicitly has an 'any' type.
lib/hooks/use-scene-generator.ts(308,17): error TS7006: Parameter 'a' implicitly has an 'any' type.
lib/hooks/use-scene-generator.ts(453,50): error TS7006: Parameter 'o' implicitly has an 'any' type.
lib/hooks/use-scene-generator.ts(459,28): error TS7006: Parameter 'o' implicitly has an 'any' type.
lib/hooks/use-scene-generator.ts(460,64): error TS7006: Parameter 'o' implicitly has an 'any' type.
lib/hooks/use-scene-generator.ts(467,36): error TS7006: Parameter 'o' implicitly has an 'any' type.
lib/hooks/use-scene-generator.ts(500,24): error TS7006: Parameter 'a' implicitly has an 'any' type.
lib/hooks/use-scene-generator.ts(501,21): error TS7006: Parameter 'a' implicitly has an 'any' type.
lib/hooks/use-slide-background-style.ts(1,25): error TS2307: Cannot find module 'react' or its corresponding type declarations.
lib/hooks/use-slide-background-style.ts(8,35): error TS2503: Cannot find namespace 'React'.
lib/hooks/use-streaming-text.ts(1,58): error TS2307: Cannot find module 'react' or its corresponding type declarations.
lib/hooks/use-streaming-text.ts(68,25): error TS7006: Parameter 'prev' implicitly has an 'any' type.
lib/hooks/use-streaming-text.ts(69,23): error TS7006: Parameter 'prev' implicitly has an 'any' type.
lib/hooks/use-theme.tsx(3,75): error TS2307: Cannot find module 'react' or its corresponding type declarations.
lib/hooks/use-theme.tsx(59,5): error TS2875: This JSX tag requires the module path 'react/jsx-runtime' to exist, but none could be found. Make sure you have types for the appropriate package installed.
lib/i18n/config.ts(1,18): error TS2307: Cannot find module 'i18next' or its corresponding type declarations.
lib/i18n/config.ts(2,34): error TS2307: Cannot find module 'react-i18next' or its corresponding type declarations.
lib/i18n/config.ts(3,32): error TS2307: Cannot find module 'i18next-resources-to-backend' or its corresponding type declarations.
lib/import/use-import-classroom.ts(3,47): error TS2307: Cannot find module 'react' or its corresponding type declarations.
lib/import/use-import-classroom.ts(4,24): error TS2307: Cannot find module 'nanoid' or its corresponding type declarations.
lib/import/use-import-classroom.ts(5,23): error TS2307: Cannot find module 'sonner' or its corresponding type declarations.
lib/import/use-import-classroom.ts(34,15): error TS2503: Cannot find namespace 'React'.
lib/import/use-import-classroom.ts(53,37): error TS2307: Cannot find module 'jszip' or its corresponding type declarations.
lib/logger.ts(5,16): error TS2580: Cannot find name 'process'. Do you need to install type definitions for node? Try `npm i --save-dev @types/node`.
lib/logger.ts(10,10): error TS2580: Cannot find name 'process'. Do you need to install type definitions for node? Try `npm i --save-dev @types/node`.
lib/media/adapters/kling-adapter.ts(20,20): error TS2307: Cannot find module 'crypto' or its corresponding type declarations.
lib/media/adapters/kling-adapter.ts(37,26): error TS2580: Cannot find name 'Buffer'. Do you need to install type definitions for node? Try `npm i --save-dev @types/node`.
lib/media/adapters/kling-adapter.ts(38,15): error TS2580: Cannot find name 'Buffer'. Do you need to install type definitions for node? Try `npm i --save-dev @types/node`.
lib/media/adapters/kling-adapter.ts(38,46): error TS2580: Cannot find name 'Buffer'. Do you need to install type definitions for node? Try `npm i --save-dev @types/node`.
lib/orchestration/ai-sdk-adapter.ts(9,31): error TS2307: Cannot find module '@langchain/core/language_models/chat_models' or its corresponding type declarations.
lib/orchestration/ai-sdk-adapter.ts(10,69): error TS2307: Cannot find module '@langchain/core/messages' or its corresponding type declarations.
lib/orchestration/ai-sdk-adapter.ts(11,42): error TS2307: Cannot find module '@langchain/core/callbacks/manager' or its corresponding type declarations.
lib/orchestration/ai-sdk-adapter.ts(12,28): error TS2307: Cannot find module '@langchain/core/outputs' or its corresponding type declarations.
lib/orchestration/ai-sdk-adapter.ts(13,36): error TS2307: Cannot find module 'ai' or its corresponding type declarations.
lib/orchestration/ai-sdk-adapter.ts(82,16): error TS2536: Type '"ParsedCallOptions"' cannot be used to index type 'this'.
lib/orchestration/director-graph.ts(20,52): error TS2307: Cannot find module '@langchain/langgraph' or its corresponding type declarations.
lib/orchestration/director-graph.ts(21,56): error TS2307: Cannot find module '@langchain/core/messages' or its corresponding type declarations.
lib/orchestration/director-graph.ts(22,46): error TS2307: Cannot find module '@langchain/langgraph' or its corresponding type declarations.
lib/orchestration/director-graph.ts(23,36): error TS2307: Cannot find module 'ai' or its corresponding type declarations.
lib/orchestration/director-graph.ts(65,15): error TS7006: Parameter 'prev' implicitly has an 'any' type.
lib/orchestration/director-graph.ts(65,21): error TS7006: Parameter 'update' implicitly has an 'any' type.
lib/orchestration/director-graph.ts(69,15): error TS7006: Parameter 'prev' implicitly has an 'any' type.
lib/orchestration/director-graph.ts(69,21): error TS7006: Parameter 'update' implicitly has an 'any' type.
lib/orchestration/director-graph.ts(155,11): error TS7006: Parameter 'id' implicitly has an 'any' type.
lib/orchestration/director-graph.ts(156,14): error TS7006: Parameter 'a' implicitly has an 'any' type.
lib/orchestration/director-graph.ts(276,37): error TS7006: Parameter 's' implicitly has an 'any' type.
lib/orchestration/registry/store.ts(6,24): error TS2307: Cannot find module 'zustand' or its corresponding type declarations.
lib/orchestration/registry/store.ts(7,25): error TS2307: Cannot find module 'zustand/middleware' or its corresponding type declarations.
lib/orchestration/registry/store.ts(208,6): error TS7006: Parameter 'set' implicitly has an 'any' type.
lib/orchestration/registry/store.ts(208,11): error TS7006: Parameter 'get' implicitly has an 'any' type.
lib/orchestration/registry/store.ts(212,18): error TS7006: Parameter 'agent' implicitly has an 'any' type.
lib/orchestration/registry/store.ts(213,14): error TS7006: Parameter 'state' implicitly has an 'any' type.
lib/orchestration/registry/store.ts(217,21): error TS7006: Parameter 'id' implicitly has an 'any' type.
lib/orchestration/registry/store.ts(217,25): error TS7006: Parameter 'updates' implicitly has an 'any' type.
lib/orchestration/registry/store.ts(218,14): error TS7006: Parameter 'state' implicitly has an 'any' type.
lib/orchestration/registry/store.ts(225,21): error TS7006: Parameter 'id' implicitly has an 'any' type.
lib/orchestration/registry/store.ts(226,14): error TS7006: Parameter 'state' implicitly has an 'any' type.
lib/orchestration/registry/store.ts(231,18): error TS7006: Parameter 'id' implicitly has an 'any' type.
lib/orchestration/registry/store.ts(242,40): error TS7006: Parameter 'currentState' implicitly has an 'any' type.
lib/orchestration/stateless-generate.ts(21,36): error TS2307: Cannot find module 'ai' or its corresponding type declarations.
lib/orchestration/stateless-generate.ts(26,50): error TS2307: Cannot find module 'partial-json' or its corresponding type declarations.
lib/orchestration/stateless-generate.ts(27,28): error TS2307: Cannot find module 'jsonrepair' or its corresponding type declarations.
lib/pbl/generate-pbl.ts(11,35): error TS2307: Cannot find module 'ai' or its corresponding type declarations.
lib/pbl/generate-pbl.ts(13,19): error TS2307: Cannot find module 'zod' or its corresponding type declarations.
lib/pbl/generate-pbl.ts(14,36): error TS2307: Cannot find module 'ai' or its corresponding type declarations.
lib/pbl/generate-pbl.ts(76,25): error TS7031: Binding element 'mode' implicitly has an 'any' type.
lib/pbl/generate-pbl.ts(96,25): error TS7031: Binding element 'title' implicitly has an 'any' type.
lib/pbl/generate-pbl.ts(108,25): error TS7031: Binding element 'description' implicitly has an 'any' type.
lib/pbl/generate-pbl.ts(139,23): error TS7006: Parameter 'params' implicitly has an 'any' type.
lib/pbl/generate-pbl.ts(156,23): error TS7006: Parameter 'params' implicitly has an 'any' type.
lib/pbl/generate-pbl.ts(168,25): error TS7031: Binding element 'name' implicitly has an 'any' type.
lib/pbl/generate-pbl.ts(202,25): error TS7031: Binding element 'agent_ids' implicitly has an 'any' type.
lib/pbl/generate-pbl.ts(221,23): error TS7006: Parameter 'params' implicitly has an 'any' type.
lib/pbl/generate-pbl.ts(250,23): error TS7006: Parameter 'params' implicitly has an 'any' type.
lib/pbl/generate-pbl.ts(262,25): error TS7031: Binding element 'issue_id' implicitly has an 'any' type.
lib/pbl/generate-pbl.ts(274,25): error TS7031: Binding element 'issue_ids' implicitly has an 'any' type.
lib/pbl/generate-pbl.ts(293,24): error TS7031: Binding element 'toolCalls' implicitly has an 'any' type.
lib/pbl/generate-pbl.ts(293,35): error TS7031: Binding element 'text' implicitly has an 'any' type.
lib/pdf/mineru-cloud.ts(8,19): error TS2307: Cannot find module 'jszip' or its corresponding type declarations.
lib/pdf/mineru-cloud.ts(126,18): error TS2580: Cannot find name 'Buffer'. Do you need to install type definitions for node? Try `npm i --save-dev @types/node`.
lib/pdf/mineru-cloud.ts(219,14): error TS2580: Cannot find name 'Buffer'. Do you need to install type definitions for node? Try `npm i --save-dev @types/node`.
lib/pdf/pdf-providers.ts(140,62): error TS2307: Cannot find module 'unpdf' or its corresponding type declarations.
lib/pdf/pdf-providers.ts(141,19): error TS2307: Cannot find module 'sharp' or its corresponding type declarations.
lib/pdf/pdf-providers.ts(156,14): error TS2580: Cannot find name 'Buffer'. Do you need to install type definitions for node? Try `npm i --save-dev @types/node`.
lib/pdf/pdf-providers.ts(200,42): error TS2580: Cannot find name 'Buffer'. Do you need to install type definitions for node? Try `npm i --save-dev @types/node`.
lib/pdf/pdf-providers.ts(228,41): error TS2580: Cannot find name 'Buffer'. Do you need to install type definitions for node? Try `npm i --save-dev @types/node`.
lib/pdf/pdf-providers.ts(284,14): error TS2580: Cannot find name 'Buffer'. Do you need to install type definitions for node? Try `npm i --save-dev @types/node`.
lib/prompts/loader.ts(10,16): error TS2307: Cannot find module 'fs' or its corresponding type declarations.
lib/prompts/loader.ts(11,18): error TS2307: Cannot find module 'path' or its corresponding type declarations.
lib/prompts/loader.ts(21,20): error TS2580: Cannot find name 'process'. Do you need to install type definitions for node? Try `npm i --save-dev @types/node`.
lib/prosemirror/commands/replaceText.ts(1,28): error TS2307: Cannot find module 'prosemirror-view' or its corresponding type declarations.
lib/prosemirror/commands/replaceText.ts(2,38): error TS2307: Cannot find module 'prosemirror-model' or its corresponding type declarations.
lib/prosemirror/commands/setListStyle.ts(1,33): error TS2307: Cannot find module 'prosemirror-view' or its corresponding type declarations.
lib/prosemirror/commands/setListStyle.ts(15,31): error TS7006: Parameter 'node' implicitly has an 'any' type.
lib/prosemirror/commands/setListStyle.ts(15,37): error TS7006: Parameter 'pos' implicitly has an 'any' type.
lib/prosemirror/commands/setTextAlign.ts(1,45): error TS2307: Cannot find module 'prosemirror-model' or its corresponding type declarations.
lib/prosemirror/commands/setTextAlign.ts(2,34): error TS2307: Cannot find module 'prosemirror-state' or its corresponding type declarations.
lib/prosemirror/commands/setTextAlign.ts(3,33): error TS2307: Cannot find module 'prosemirror-view' or its corresponding type declarations.
lib/prosemirror/commands/setTextAlign.ts(27,31): error TS7006: Parameter 'node' implicitly has an 'any' type.
lib/prosemirror/commands/setTextAlign.ts(27,37): error TS7006: Parameter 'pos' implicitly has an 'any' type.
lib/prosemirror/commands/setTextIndent.ts(1,29): error TS2307: Cannot find module 'prosemirror-model' or its corresponding type declarations.
lib/prosemirror/commands/setTextIndent.ts(2,63): error TS2307: Cannot find module 'prosemirror-state' or its corresponding type declarations.
lib/prosemirror/commands/setTextIndent.ts(3,33): error TS2307: Cannot find module 'prosemirror-view' or its corresponding type declarations.
lib/prosemirror/commands/setTextIndent.ts(49,31): error TS7006: Parameter 'node' implicitly has an 'any' type.
lib/prosemirror/commands/setTextIndent.ts(49,37): error TS7006: Parameter 'pos' implicitly has an 'any' type.
lib/prosemirror/commands/toggleList.ts(1,42): error TS2307: Cannot find module 'prosemirror-schema-list' or its corresponding type declarations.
lib/prosemirror/commands/toggleList.ts(2,37): error TS2307: Cannot find module 'prosemirror-model' or its corresponding type declarations.
lib/prosemirror/commands/toggleList.ts(3,47): error TS2307: Cannot find module 'prosemirror-state' or its corresponding type declarations.
lib/prosemirror/index.ts(1,29): error TS2307: Cannot find module 'prosemirror-state' or its corresponding type declarations.
lib/prosemirror/index.ts(2,52): error TS2307: Cannot find module 'prosemirror-view' or its corresponding type declarations.
lib/prosemirror/index.ts(3,35): error TS2307: Cannot find module 'prosemirror-model' or its corresponding type declarations.
lib/prosemirror/plugins/index.ts(1,24): error TS2307: Cannot find module 'prosemirror-keymap' or its corresponding type declarations.
lib/prosemirror/plugins/index.ts(2,29): error TS2307: Cannot find module 'prosemirror-model' or its corresponding type declarations.
lib/prosemirror/plugins/index.ts(3,25): error TS2307: Cannot find module 'prosemirror-history' or its corresponding type declarations.
lib/prosemirror/plugins/index.ts(4,28): error TS2307: Cannot find module 'prosemirror-commands' or its corresponding type declarations.
lib/prosemirror/plugins/index.ts(5,28): error TS2307: Cannot find module 'prosemirror-dropcursor' or its corresponding type declarations.
lib/prosemirror/plugins/index.ts(6,27): error TS2307: Cannot find module 'prosemirror-gapcursor' or its corresponding type declarations.
lib/prosemirror/plugins/inputrules.ts(1,39): error TS2307: Cannot find module 'prosemirror-model' or its corresponding type declarations.
lib/prosemirror/plugins/inputrules.ts(9,8): error TS2307: Cannot find module 'prosemirror-inputrules' or its corresponding type declarations.
lib/prosemirror/plugins/inputrules.ts(17,6): error TS7006: Parameter 'match' implicitly has an 'any' type.
lib/prosemirror/plugins/inputrules.ts(18,6): error TS7006: Parameter 'match' implicitly has an 'any' type.
lib/prosemirror/plugins/inputrules.ts(18,13): error TS7006: Parameter 'node' implicitly has an 'any' type.
lib/prosemirror/plugins/inputrules.ts(26,37): error TS7006: Parameter 'state' implicitly has an 'any' type.
lib/prosemirror/plugins/inputrules.ts(26,44): error TS7006: Parameter 'match' implicitly has an 'any' type.
lib/prosemirror/plugins/inputrules.ts(26,51): error TS7006: Parameter 'start' implicitly has an 'any' type.
lib/prosemirror/plugins/inputrules.ts(26,58): error TS7006: Parameter 'end' implicitly has an 'any' type.
lib/prosemirror/plugins/inputrules.ts(39,35): error TS7006: Parameter 'state' implicitly has an 'any' type.
lib/prosemirror/plugins/inputrules.ts(39,42): error TS7006: Parameter 'match' implicitly has an 'any' type.
lib/prosemirror/plugins/inputrules.ts(39,49): error TS7006: Parameter 'start' implicitly has an 'any' type.
lib/prosemirror/plugins/inputrules.ts(39,56): error TS7006: Parameter 'end' implicitly has an 'any' type.
lib/prosemirror/plugins/keymap.ts(1,59): error TS2307: Cannot find module 'prosemirror-schema-list' or its corresponding type declarations.
lib/prosemirror/plugins/keymap.ts(2,29): error TS2307: Cannot find module 'prosemirror-model' or its corresponding type declarations.
lib/prosemirror/plugins/keymap.ts(3,28): error TS2307: Cannot find module 'prosemirror-history' or its corresponding type declarations.
lib/prosemirror/plugins/keymap.ts(4,31): error TS2307: Cannot find module 'prosemirror-inputrules' or its corresponding type declarations.
lib/prosemirror/plugins/keymap.ts(5,30): error TS2307: Cannot find module 'prosemirror-state' or its corresponding type declarations.
lib/prosemirror/plugins/keymap.ts(16,8): error TS2307: Cannot find module 'prosemirror-commands' or its corresponding type declarations.
lib/prosemirror/plugins/placeholder.ts(1,24): error TS2307: Cannot find module 'prosemirror-state' or its corresponding type declarations.
lib/prosemirror/plugins/placeholder.ts(2,43): error TS2307: Cannot find module 'prosemirror-view' or its corresponding type declarations.
lib/prosemirror/plugins/placeholder.ts(3,27): error TS2307: Cannot find module 'prosemirror-model' or its corresponding type declarations.
lib/prosemirror/plugins/placeholder.ts(12,19): error TS7006: Parameter 'state' implicitly has an 'any' type.
lib/prosemirror/schema/marks.ts(1,23): error TS2307: Cannot find module 'prosemirror-schema-basic' or its corresponding type declarations.
lib/prosemirror/schema/marks.ts(2,31): error TS2307: Cannot find module 'prosemirror-model' or its corresponding type declarations.
lib/prosemirror/schema/marks.ts(10,18): error TS7006: Parameter 'value' implicitly has an 'any' type.
lib/prosemirror/schema/marks.ts(22,18): error TS7006: Parameter 'value' implicitly has an 'any' type.
lib/prosemirror/schema/marks.ts(33,18): error TS7006: Parameter 'value' implicitly has an 'any' type.
lib/prosemirror/schema/marks.ts(37,18): error TS7006: Parameter 'value' implicitly has an 'any' type.
lib/prosemirror/schema/marks.ts(48,18): error TS7006: Parameter 'value' implicitly has an 'any' type.
lib/prosemirror/schema/marks.ts(52,18): error TS7006: Parameter 'value' implicitly has an 'any' type.
lib/prosemirror/schema/marks.ts(67,18): error TS7006: Parameter 'color' implicitly has an 'any' type.
lib/prosemirror/schema/marks.ts(70,11): error TS7006: Parameter 'mark' implicitly has an 'any' type.
lib/prosemirror/schema/marks.ts(87,18): error TS7006: Parameter 'backcolor' implicitly has an 'any' type.
lib/prosemirror/schema/marks.ts(90,11): error TS7006: Parameter 'mark' implicitly has an 'any' type.
lib/prosemirror/schema/marks.ts(107,18): error TS7006: Parameter 'fontsize' implicitly has an 'any' type.
lib/prosemirror/schema/marks.ts(110,11): error TS7006: Parameter 'mark' implicitly has an 'any' type.
lib/prosemirror/schema/marks.ts(127,18): error TS7006: Parameter 'fontname' implicitly has an 'any' type.
lib/prosemirror/schema/marks.ts(134,11): error TS7006: Parameter 'mark' implicitly has an 'any' type.
lib/prosemirror/schema/marks.ts(152,18): error TS7006: Parameter 'dom' implicitly has an 'any' type.
lib/prosemirror/schema/marks.ts(159,11): error TS7006: Parameter 'node' implicitly has an 'any' type.
lib/prosemirror/schema/marks.ts(169,18): error TS7006: Parameter 'dom' implicitly has an 'any' type.
lib/prosemirror/schema/marks.ts(175,11): error TS7006: Parameter 'node' implicitly has an 'any' type.
lib/prosemirror/schema/nodes.ts(1,23): error TS2307: Cannot find module 'prosemirror-schema-basic' or its corresponding type declarations.
lib/prosemirror/schema/nodes.ts(2,37): error TS2307: Cannot find module 'prosemirror-model' or its corresponding type declarations.
lib/prosemirror/schema/nodes.ts(3,39): error TS2307: Cannot find module 'prosemirror-schema-list' or its corresponding type declarations.
lib/prosemirror/schema/nodes.ts(27,18): error TS7006: Parameter 'dom' implicitly has an 'any' type.
lib/prosemirror/schema/nodes.ts(74,18): error TS7006: Parameter 'dom' implicitly has an 'any' type.
lib/prosemirror/schema/nodes.ts(120,18): error TS7006: Parameter 'dom' implicitly has an 'any' type.
lib/prosemirror/utils.ts(1,74): error TS2307: Cannot find module 'prosemirror-model' or its corresponding type declarations.
lib/prosemirror/utils.ts(2,45): error TS2307: Cannot find module 'prosemirror-state' or its corresponding type declarations.
lib/prosemirror/utils.ts(3,33): error TS2307: Cannot find module 'prosemirror-view' or its corresponding type declarations.
lib/prosemirror/utils.ts(4,27): error TS2307: Cannot find module 'prosemirror-commands' or its corresponding type declarations.
lib/prosemirror/utils.ts(171,31): error TS7006: Parameter 'node' implicitly has an 'any' type.
lib/server/api-response.ts(1,30): error TS2307: Cannot find module 'next/server' or its corresponding type declarations.
lib/server/classroom-generation.ts(1,24): error TS2307: Cannot find module 'nanoid' or its corresponding type declarations.
lib/server/classroom-job-store.ts(1,32): error TS2307: Cannot find module 'fs' or its corresponding type declarations.
lib/server/classroom-job-store.ts(2,18): error TS2307: Cannot find module 'path' or its corresponding type declarations.
lib/server/classroom-job-store.ts(130,19): error TS2503: Cannot find namespace 'NodeJS'.
lib/server/classroom-media-generation.ts(8,32): error TS2307: Cannot find module 'fs' or its corresponding type declarations.
lib/server/classroom-media-generation.ts(9,18): error TS2307: Cannot find module 'path' or its corresponding type declarations.
lib/server/classroom-media-generation.ts(51,55): error TS2580: Cannot find name 'Buffer'. Do you need to install type definitions for node? Try `npm i --save-dev @types/node`.
lib/server/classroom-media-generation.ts(58,10): error TS2580: Cannot find name 'Buffer'. Do you need to install type definitions for node? Try `npm i --save-dev @types/node`.
lib/server/classroom-media-generation.ts(109,18): error TS2580: Cannot find name 'Buffer'. Do you need to install type definitions for node? Try `npm i --save-dev @types/node`.
lib/server/classroom-media-generation.ts(112,17): error TS2580: Cannot find name 'Buffer'. Do you need to install type definitions for node? Try `npm i --save-dev @types/node`.
lib/server/classroom-storage.ts(1,32): error TS2307: Cannot find module 'fs' or its corresponding type declarations.
lib/server/classroom-storage.ts(2,18): error TS2307: Cannot find module 'path' or its corresponding type declarations.
lib/server/classroom-storage.ts(3,34): error TS2307: Cannot find module 'next/server' or its corresponding type declarations.
lib/server/classroom-storage.ts(6,41): error TS2580: Cannot find name 'process'. Do you need to install type definitions for node? Try `npm i --save-dev @types/node`.
lib/server/classroom-storage.ts(7,45): error TS2580: Cannot find name 'process'. Do you need to install type definitions for node? Try `npm i --save-dev @types/node`.
lib/server/classroom-storage.ts(25,39): error TS2580: Cannot find name 'process'. Do you need to install type definitions for node? Try `npm i --save-dev @types/node`.
lib/server/classroom-storage.ts(54,19): error TS2503: Cannot find namespace 'NodeJS'.
lib/server/provider-config.ts(8,16): error TS2307: Cannot find module 'fs' or its corresponding type declarations.
lib/server/provider-config.ts(9,18): error TS2307: Cannot find module 'path' or its corresponding type declarations.
lib/server/provider-config.ts(10,18): error TS7016: Could not find a declaration file for module 'js-yaml'. '/Users/dikshantjangra/node_modules/js-yaml/dist/js-yaml.mjs' implicitly has an 'any' type.
  Try `npm i --save-dev @types/js-yaml` if it exists or add a new declaration (.d.ts) file containing `declare module 'js-yaml';`
lib/server/provider-config.ts(119,32): error TS2580: Cannot find name 'process'. Do you need to install type definitions for node? Try `npm i --save-dev @types/node`.
lib/server/provider-config.ts(165,23): error TS2580: Cannot find name 'process'. Do you need to install type definitions for node? Try `npm i --save-dev @types/node`.
lib/server/provider-config.ts(166,24): error TS2580: Cannot find name 'process'. Do you need to install type definitions for node? Try `npm i --save-dev @types/node`.
lib/server/provider-config.ts(167,26): error TS2580: Cannot find name 'process'. Do you need to install type definitions for node? Try `npm i --save-dev @types/node`.
lib/server/provider-config.ts(171,17): error TS7006: Parameter 'm' implicitly has an 'any' type.
lib/server/provider-config.ts(430,10): error TS2580: Cannot find name 'process'. Do you need to install type definitions for node? Try `npm i --save-dev @types/node`.
lib/server/proxy-fetch.ts(16,89): error TS2307: Cannot find module 'undici' or its corresponding type declarations.
lib/server/proxy-fetch.ts(23,5): error TS2580: Cannot find name 'process'. Do you need to install type definitions for node? Try `npm i --save-dev @types/node`.
lib/server/proxy-fetch.ts(24,5): error TS2580: Cannot find name 'process'. Do you need to install type definitions for node? Try `npm i --save-dev @types/node`.
lib/server/proxy-fetch.ts(25,5): error TS2580: Cannot find name 'process'. Do you need to install type definitions for node? Try `npm i --save-dev @types/node`.
lib/server/proxy-fetch.ts(26,5): error TS2580: Cannot find name 'process'. Do you need to install type definitions for node? Try `npm i --save-dev @types/node`.
lib/server/resolve-model.ts(8,34): error TS2307: Cannot find module 'next/server' or its corresponding type declarations.
lib/server/resolve-model.ts(33,45): error TS2580: Cannot find name 'process'. Do you need to install type definitions for node? Try `npm i --save-dev @types/node`.
lib/server/resolve-model.ts(40,24): error TS2580: Cannot find name 'process'. Do you need to install type definitions for node? Try `npm i --save-dev @types/node`.
lib/server/ssrf-guard.ts(7,33): error TS2307: Cannot find module 'node:dns' or its corresponding type declarations.
lib/server/ssrf-guard.ts(8,22): error TS2307: Cannot find module 'node:net' or its corresponding type declarations.
lib/server/ssrf-guard.ts(182,22): error TS2580: Cannot find name 'process'. Do you need to install type definitions for node? Try `npm i --save-dev @types/node`.
lib/storage/types.ts(5,30): error TS2580: Cannot find name 'Buffer'. Do you need to install type definitions for node? Try `npm i --save-dev @types/node`.
lib/store/canvas.ts(1,24): error TS2307: Cannot find module 'zustand' or its corresponding type declarations.
lib/store/canvas.ts(251,49): error TS7006: Parameter 'set' implicitly has an 'any' type.
lib/store/canvas.ts(251,54): error TS7006: Parameter 'get' implicitly has an 'any' type.
lib/store/canvas.ts(256,28): error TS7006: Parameter 'ids' implicitly has an 'any' type.
lib/store/canvas.ts(270,24): error TS7006: Parameter 'id' implicitly has an 'any' type.
lib/store/canvas.ts(272,29): error TS7006: Parameter 'id' implicitly has an 'any' type.
lib/store/canvas.ts(274,25): error TS7006: Parameter 'id' implicitly has an 'any' type.
lib/store/canvas.ts(276,28): error TS7006: Parameter 'ids' implicitly has an 'any' type.
lib/store/canvas.ts(289,20): error TS7006: Parameter 'scale' implicitly has an 'any' type.
lib/store/canvas.ts(291,25): error TS7006: Parameter 'percentage' implicitly has an 'any' type.
lib/store/canvas.ts(293,21): error TS7006: Parameter 'size' implicitly has an 'any' type.
lib/store/canvas.ts(295,22): error TS7006: Parameter 'ratio' implicitly has an 'any' type.
lib/store/canvas.ts(297,22): error TS7006: Parameter 'dragged' implicitly has an 'any' type.
lib/store/canvas.ts(301,19): error TS7006: Parameter 'show' implicitly has an 'any' type.
lib/store/canvas.ts(303,21): error TS7006: Parameter 'size' implicitly has an 'any' type.
lib/store/canvas.ts(307,21): error TS7006: Parameter 'toolbarState' implicitly has an 'any' type.
lib/store/canvas.ts(309,25): error TS7006: Parameter 'show' implicitly has an 'any' type.
lib/store/canvas.ts(311,25): error TS7006: Parameter 'show' implicitly has an 'any' type.
lib/store/canvas.ts(315,24): error TS7006: Parameter 'element' implicitly has an 'any' type.
lib/store/canvas.ts(317,33): error TS7006: Parameter 'creating' implicitly has an 'any' type.
lib/store/canvas.ts(321,21): error TS7006: Parameter 'isScaling' implicitly has an 'any' type.
lib/store/canvas.ts(323,30): error TS7006: Parameter 'id' implicitly has an 'any' type.
lib/store/canvas.ts(325,22): error TS7006: Parameter 'attrs' implicitly has an 'any' type.
lib/store/canvas.ts(329,26): error TS7006: Parameter 'painter' implicitly has an 'any' type.
lib/store/canvas.ts(331,27): error TS7006: Parameter 'painter' implicitly has an 'any' type.
lib/store/canvas.ts(335,15): error TS7006: Parameter 'elementId' implicitly has an 'any' type.
lib/store/canvas.ts(341,23): error TS7006: Parameter 'open' implicitly has an 'any' type.
lib/store/canvas.ts(342,27): error TS7006: Parameter 'clearing' implicitly has an 'any' type.
lib/store/canvas.ts(346,24): error TS7006: Parameter 'focus' implicitly has an 'any' type.
lib/store/canvas.ts(348,24): error TS7006: Parameter 'focus' implicitly has an 'any' type.
lib/store/canvas.ts(350,28): error TS7006: Parameter 'disable' implicitly has an 'any' type.
lib/store/canvas.ts(352,27): error TS7006: Parameter 'cells' implicitly has an 'any' type.
lib/store/canvas.ts(356,18): error TS7006: Parameter 'elementId' implicitly has an 'any' type.
lib/store/canvas.ts(370,28): error TS7006: Parameter 'elementId' implicitly has an 'any' type.
lib/store/canvas.ts(370,39): error TS7006: Parameter 'geometry' implicitly has an 'any' type.
lib/store/canvas.ts(392,18): error TS7006: Parameter 'elementIds' implicitly has an 'any' type.
lib/store/canvas.ts(412,14): error TS7006: Parameter 'elementId' implicitly has an 'any' type.
lib/store/canvas.ts(430,13): error TS7006: Parameter 'elementId' implicitly has an 'any' type.
lib/store/canvas.ts(430,24): error TS7006: Parameter 'scale' implicitly has an 'any' type.
lib/store/keyboard.ts(1,24): error TS2307: Cannot find module 'zustand' or its corresponding type declarations.
lib/store/keyboard.ts(17,56): error TS7006: Parameter 'set' implicitly has an 'any' type.
lib/store/keyboard.ts(17,61): error TS7006: Parameter 'get' implicitly has an 'any' type.
lib/store/keyboard.ts(30,21): error TS7006: Parameter 'active' implicitly has an 'any' type.
lib/store/keyboard.ts(31,22): error TS7006: Parameter 'active' implicitly has an 'any' type.
lib/store/keyboard.ts(32,22): error TS7006: Parameter 'active' implicitly has an 'any' type.
lib/store/media-generation.ts(9,24): error TS2307: Cannot find module 'zustand' or its corresponding type declarations.
lib/store/media-generation.ts(73,72): error TS7006: Parameter 'set' implicitly has an 'any' type.
lib/store/media-generation.ts(73,77): error TS7006: Parameter 'get' implicitly has an 'any' type.
lib/store/media-generation.ts(76,18): error TS7006: Parameter 'stageId' implicitly has an 'any' type.
lib/store/media-generation.ts(76,27): error TS7006: Parameter 'requests' implicitly has an 'any' type.
lib/store/media-generation.ts(95,12): error TS7006: Parameter 's' implicitly has an 'any' type.
lib/store/media-generation.ts(99,20): error TS7006: Parameter 'elementId' implicitly has an 'any' type.
lib/store/media-generation.ts(100,10): error TS7006: Parameter 's' implicitly has an 'any' type.
lib/store/media-generation.ts(108,14): error TS7006: Parameter 'elementId' implicitly has an 'any' type.
lib/store/media-generation.ts(108,25): error TS7006: Parameter 'objectUrl' implicitly has an 'any' type.
lib/store/media-generation.ts(108,36): error TS7006: Parameter 'poster' implicitly has an 'any' type.
lib/store/media-generation.ts(109,10): error TS7006: Parameter 's' implicitly has an 'any' type.
lib/store/media-generation.ts(126,16): error TS7006: Parameter 'elementId' implicitly has an 'any' type.
lib/store/media-generation.ts(126,27): error TS7006: Parameter 'error' implicitly has an 'any' type.
lib/store/media-generation.ts(126,34): error TS7006: Parameter 'errorCode' implicitly has an 'any' type.
lib/store/media-generation.ts(127,10): error TS7006: Parameter 's' implicitly has an 'any' type.
lib/store/media-generation.ts(138,25): error TS7006: Parameter 'elementId' implicitly has an 'any' type.
lib/store/media-generation.ts(139,10): error TS7006: Parameter 's' implicitly has an 'any' type.
lib/store/media-generation.ts(156,13): error TS7006: Parameter 'elementId' implicitly has an 'any' type.
lib/store/media-generation.ts(158,13): error TS7006: Parameter 'elementId' implicitly has an 'any' type.
lib/store/media-generation.ts(160,25): error TS7006: Parameter 'stageId' implicitly has an 'any' type.
lib/store/media-generation.ts(201,14): error TS7006: Parameter 's' implicitly has an 'any' type.
lib/store/media-generation.ts(208,16): error TS7006: Parameter 'stageId' implicitly has an 'any' type.
lib/store/media-generation.ts(209,10): error TS7006: Parameter 's' implicitly has an 'any' type.
lib/store/media-generation.ts(212,13): error TS18046: 'task' is of type 'unknown'.
lib/store/media-generation.ts(213,11): error TS2322: Type 'unknown' is not assignable to type 'MediaTask'.
lib/store/media-generation.ts(214,20): error TS18046: 'task' is of type 'unknown'.
lib/store/media-generation.ts(215,31): error TS18046: 'task' is of type 'unknown'.
lib/store/media-generation.ts(216,15): error TS18046: 'task' is of type 'unknown'.
lib/store/media-generation.ts(216,48): error TS18046: 'task' is of type 'unknown'.
lib/store/media-generation.ts(225,11): error TS18046: 'task' is of type 'unknown'.
lib/store/media-generation.ts(225,47): error TS18046: 'task' is of type 'unknown'.
lib/store/media-generation.ts(226,11): error TS18046: 'task' is of type 'unknown'.
lib/store/media-generation.ts(226,44): error TS18046: 'task' is of type 'unknown'.
lib/store/settings.ts(6,24): error TS2307: Cannot find module 'zustand' or its corresponding type declarations.
lib/store/settings.ts(7,25): error TS2307: Cannot find module 'zustand/middleware' or its corresponding type declarations.
lib/store/settings.ts(593,6): error TS7006: Parameter 'set' implicitly has an 'any' type.
lib/store/settings.ts(593,11): error TS7006: Parameter 'get' implicitly has an 'any' type.
lib/store/settings.ts(650,20): error TS7006: Parameter 'providerId' implicitly has an 'any' type.
lib/store/settings.ts(650,32): error TS7006: Parameter 'modelId' implicitly has an 'any' type.
lib/store/settings.ts(652,29): error TS7006: Parameter 'providerId' implicitly has an 'any' type.
lib/store/settings.ts(652,41): error TS7006: Parameter 'config' implicitly has an 'any' type.
lib/store/settings.ts(653,16): error TS7006: Parameter 'state' implicitly has an 'any' type.
lib/store/settings.ts(663,30): error TS7006: Parameter 'config' implicitly has an 'any' type.
lib/store/settings.ts(665,23): error TS7006: Parameter 'model' implicitly has an 'any' type.
lib/store/settings.ts(667,23): error TS7006: Parameter 'muted' implicitly has an 'any' type.
lib/store/settings.ts(669,24): error TS7006: Parameter 'volume' implicitly has an 'any' type.
lib/store/settings.ts(671,30): error TS7006: Parameter 'autoPlay' implicitly has an 'any' type.
lib/store/settings.ts(673,28): error TS7006: Parameter 'speed' implicitly has an 'any' type.
lib/store/settings.ts(675,31): error TS7006: Parameter 'ids' implicitly has an 'any' type.
lib/store/settings.ts(677,23): error TS7006: Parameter 'turns' implicitly has an 'any' type.
lib/store/settings.ts(678,24): error TS7006: Parameter 'mode' implicitly has an 'any' type.
lib/store/settings.ts(679,29): error TS7006: Parameter 'count' implicitly has an 'any' type.
lib/store/settings.ts(682,31): error TS7006: Parameter 'collapsed' implicitly has an 'any' type.
lib/store/settings.ts(683,32): error TS7006: Parameter 'collapsed' implicitly has an 'any' type.
lib/store/settings.ts(684,28): error TS7006: Parameter 'width' implicitly has an 'any' type.
lib/store/settings.ts(687,26): error TS7006: Parameter 'providerId' implicitly has an 'any' type.
lib/store/settings.ts(688,16): error TS7006: Parameter 'state' implicitly has an 'any' type.
lib/store/settings.ts(700,23): error TS7006: Parameter 'voice' implicitly has an 'any' type.
lib/store/settings.ts(702,23): error TS7006: Parameter 'speed' implicitly has an 'any' type.
lib/store/settings.ts(706,26): error TS7006: Parameter 'providerId' implicitly has an 'any' type.
lib/store/settings.ts(707,16): error TS7006: Parameter 'state' implicitly has an 'any' type.
lib/store/settings.ts(722,26): error TS7006: Parameter 'language' implicitly has an 'any' type.
lib/store/settings.ts(724,32): error TS7006: Parameter 'providerId' implicitly has an 'any' type.
lib/store/settings.ts(724,44): error TS7006: Parameter 'config' implicitly has an 'any' type.
lib/store/settings.ts(725,16): error TS7006: Parameter 'state' implicitly has an 'any' type.
lib/store/settings.ts(735,32): error TS7006: Parameter 'providerId' implicitly has an 'any' type.
lib/store/settings.ts(735,44): error TS7006: Parameter 'config' implicitly has an 'any' type.
lib/store/settings.ts(736,16): error TS7006: Parameter 'state' implicitly has an 'any' type.
lib/store/settings.ts(747,26): error TS7006: Parameter 'providerId' implicitly has an 'any' type.
lib/store/settings.ts(749,32): error TS7006: Parameter 'providerId' implicitly has an 'any' type.
lib/store/settings.ts(749,44): error TS7006: Parameter 'config' implicitly has an 'any' type.
lib/store/settings.ts(750,16): error TS7006: Parameter 'state' implicitly has an 'any' type.
lib/store/settings.ts(761,28): error TS7006: Parameter 'providerId' implicitly has an 'any' type.
lib/store/settings.ts(762,27): error TS7006: Parameter 'modelId' implicitly has an 'any' type.
lib/store/settings.ts(764,34): error TS7006: Parameter 'providerId' implicitly has an 'any' type.
lib/store/settings.ts(764,46): error TS7006: Parameter 'config' implicitly has an 'any' type.
lib/store/settings.ts(765,16): error TS7006: Parameter 'state' implicitly has an 'any' type.
lib/store/settings.ts(776,28): error TS7006: Parameter 'providerId' implicitly has an 'any' type.
lib/store/settings.ts(777,27): error TS7006: Parameter 'modelId' implicitly has an 'any' type.
lib/store/settings.ts(779,34): error TS7006: Parameter 'providerId' implicitly has an 'any' type.
lib/store/settings.ts(779,46): error TS7006: Parameter 'config' implicitly has an 'any' type.
lib/store/settings.ts(780,16): error TS7006: Parameter 'state' implicitly has an 'any' type.
lib/store/settings.ts(791,37): error TS7006: Parameter 'enabled' implicitly has an 'any' type.
lib/store/settings.ts(794,62): error TS18046: 'c' is of type 'unknown'.
lib/store/settings.ts(794,86): error TS18046: 'c' is of type 'unknown'.
lib/store/settings.ts(799,37): error TS7006: Parameter 'enabled' implicitly has an 'any' type.
lib/store/settings.ts(802,62): error TS18046: 'c' is of type 'unknown'.
lib/store/settings.ts(802,86): error TS18046: 'c' is of type 'unknown'.
lib/store/settings.ts(807,25): error TS7006: Parameter 'enabled' implicitly has an 'any' type.
lib/store/settings.ts(808,25): error TS7006: Parameter 'enabled' implicitly has an 'any' type.
lib/store/settings.ts(811,32): error TS7006: Parameter 'id' implicitly has an 'any' type.
lib/store/settings.ts(811,36): error TS7006: Parameter 'name' implicitly has an 'any' type.
lib/store/settings.ts(811,42): error TS7006: Parameter 'baseUrl' implicitly has an 'any' type.
lib/store/settings.ts(811,51): error TS7006: Parameter 'requiresApiKey' implicitly has an 'any' type.
lib/store/settings.ts(811,67): error TS7006: Parameter 'defaultModel' implicitly has an 'any' type.
lib/store/settings.ts(812,16): error TS7006: Parameter 'state' implicitly has an 'any' type.
lib/store/settings.ts(830,35): error TS7006: Parameter 'id' implicitly has an 'any' type.
lib/store/settings.ts(831,16): error TS7006: Parameter 'state' implicitly has an 'any' type.
lib/store/settings.ts(843,32): error TS7006: Parameter 'id' implicitly has an 'any' type.
lib/store/settings.ts(843,36): error TS7006: Parameter 'name' implicitly has an 'any' type.
lib/store/settings.ts(843,42): error TS7006: Parameter 'baseUrl' implicitly has an 'any' type.
lib/store/settings.ts(843,51): error TS7006: Parameter 'requiresApiKey' implicitly has an 'any' type.
lib/store/settings.ts(844,16): error TS7006: Parameter 'state' implicitly has an 'any' type.
lib/store/settings.ts(862,35): error TS7006: Parameter 'id' implicitly has an 'any' type.
lib/store/settings.ts(863,16): error TS7006: Parameter 'state' implicitly has an 'any' type.
lib/store/settings.ts(876,32): error TS7006: Parameter 'providerId' implicitly has an 'any' type.
lib/store/settings.ts(877,38): error TS7006: Parameter 'providerId' implicitly has an 'any' type.
lib/store/settings.ts(877,50): error TS7006: Parameter 'config' implicitly has an 'any' type.
lib/store/settings.ts(878,16): error TS7006: Parameter 'state' implicitly has an 'any' type.
lib/store/settings.ts(903,18): error TS7006: Parameter 'state' implicitly has an 'any' type.
lib/store/settings.ts(925,70): error TS7006: Parameter 'm' implicitly has an 'any' type.
lib/store/settings.ts(1255,23): error TS18046: 'cfg' is of type 'unknown'.
lib/store/settings.ts(1257,42): error TS18046: 'cfg' is of type 'unknown'.
lib/store/settings.ts(1488,15): error TS7006: Parameter 'persistedState' implicitly has an 'any' type.
lib/store/settings.ts(1488,31): error TS7006: Parameter 'currentState' implicitly has an 'any' type.
lib/store/snapshot.ts(1,24): error TS2307: Cannot find module 'zustand' or its corresponding type declarations.
lib/store/snapshot.ts(2,41): error TS2307: Cannot find module 'dexie' or its corresponding type declarations.
lib/store/snapshot.ts(31,56): error TS7006: Parameter 'set' implicitly has an 'any' type.
lib/store/snapshot.ts(31,61): error TS7006: Parameter 'get' implicitly has an 'any' type.
lib/store/stage.ts(1,24): error TS2307: Cannot find module 'zustand' or its corresponding type declarations.
lib/store/stage.ts(98,49): error TS7006: Parameter 'set' implicitly has an 'any' type.
lib/store/stage.ts(98,54): error TS7006: Parameter 'get' implicitly has an 'any' type.
lib/store/stage.ts(114,14): error TS7006: Parameter 'stage' implicitly has an 'any' type.
lib/store/stage.ts(115,10): error TS7006: Parameter 's' implicitly has an 'any' type.
lib/store/stage.ts(125,15): error TS7006: Parameter 'scenes' implicitly has an 'any' type.
lib/store/stage.ts(134,14): error TS7006: Parameter 'scene' implicitly has an 'any' type.
lib/store/stage.ts(145,65): error TS7006: Parameter 'o' implicitly has an 'any' type.
lib/store/stage.ts(156,17): error TS7006: Parameter 'sceneId' implicitly has an 'any' type.
lib/store/stage.ts(156,26): error TS7006: Parameter 'updates' implicitly has an 'any' type.
lib/store/stage.ts(157,38): error TS7006: Parameter 'scene' implicitly has an 'any' type.
lib/store/stage.ts(164,17): error TS7006: Parameter 'sceneId' implicitly has an 'any' type.
lib/store/stage.ts(165,41): error TS7006: Parameter 'scene' implicitly has an 'any' type.
lib/store/stage.ts(182,23): error TS7006: Parameter 'sceneId' implicitly has an 'any' type.
lib/store/stage.ts(187,14): error TS7006: Parameter 'chats' implicitly has an 'any' type.
lib/store/stage.ts(192,13): error TS7006: Parameter 'mode' implicitly has an 'any' type.
lib/store/stage.ts(194,21): error TS7006: Parameter 'toolbarState' implicitly has an 'any' type.
lib/store/stage.ts(196,27): error TS7006: Parameter 'generatingOutlines' implicitly has an 'any' type.
lib/store/stage.ts(198,17): error TS7006: Parameter 'outlines' implicitly has an 'any' type.
lib/store/stage.ts(214,25): error TS7006: Parameter 'generationStatus' implicitly has an 'any' type.
lib/store/stage.ts(216,31): error TS7006: Parameter 'currentGeneratingOrder' implicitly has an 'any' type.
lib/store/stage.ts(218,35): error TS7006: Parameter 's' implicitly has an 'any' type.
lib/store/stage.ts(220,22): error TS7006: Parameter 'outline' implicitly has an 'any' type.
lib/store/stage.ts(221,48): error TS7006: Parameter 'o' implicitly has an 'any' type.
lib/store/stage.ts(228,24): error TS7006: Parameter 'outlineId' implicitly has an 'any' type.
lib/store/stage.ts(230,52): error TS7006: Parameter 'o' implicitly has an 'any' type.
lib/store/stage.ts(238,25): error TS7006: Parameter 's' implicitly has an 'any' type.
lib/store/stage.ts(241,18): error TS7006: Parameter 'sceneId' implicitly has an 'any' type.
lib/store/stage.ts(242,31): error TS7006: Parameter 's' implicitly has an 'any' type.
lib/store/stage.ts(245,19): error TS7006: Parameter 'sceneId' implicitly has an 'any' type.
lib/store/stage.ts(246,36): error TS7006: Parameter 's' implicitly has an 'any' type.
lib/store/stage.ts(296,48): error TS7006: Parameter 'o' implicitly has an 'any' type.
lib/store/stage.ts(309,10): error TS7006: Parameter 's' implicitly has an 'any' type.
lib/store/user-profile.ts(6,24): error TS2307: Cannot find module 'zustand' or its corresponding type declarations.
lib/store/user-profile.ts(7,25): error TS2307: Cannot find module 'zustand/middleware' or its corresponding type declarations.
lib/store/user-profile.ts(32,6): error TS7006: Parameter 'set' implicitly has an 'any' type.
lib/store/user-profile.ts(36,19): error TS7006: Parameter 'avatar' implicitly has an 'any' type.
lib/store/user-profile.ts(37,21): error TS7006: Parameter 'nickname' implicitly has an 'any' type.
lib/store/user-profile.ts(38,16): error TS7006: Parameter 'bio' implicitly has an 'any' type.
lib/store/whiteboard-history.ts(11,24): error TS2307: Cannot find module 'zustand' or its corresponding type declarations.
lib/store/whiteboard-history.ts(38,74): error TS7006: Parameter 'set' implicitly has an 'any' type.
lib/store/whiteboard-history.ts(38,79): error TS7006: Parameter 'get' implicitly has an 'any' type.
lib/store/whiteboard-history.ts(42,18): error TS7006: Parameter 'elements' implicitly has an 'any' type.
lib/store/whiteboard-history.ts(48,25): error TS7006: Parameter 's' implicitly has an 'any' type.
lib/store/whiteboard-history.ts(58,10): error TS7006: Parameter 'state' implicitly has an 'any' type.
lib/store/whiteboard-history.ts(68,17): error TS7006: Parameter 'index' implicitly has an 'any' type.
lib/store/widget-iframe.ts(7,24): error TS2307: Cannot find module 'zustand' or its corresponding type declarations.
lib/store/widget-iframe.ts(27,64): error TS7006: Parameter 'set' implicitly has an 'any' type.
lib/store/widget-iframe.ts(27,69): error TS7006: Parameter 'get' implicitly has an 'any' type.
lib/store/widget-iframe.ts(30,20): error TS7006: Parameter 'sceneId' implicitly has an 'any' type.
lib/store/widget-iframe.ts(30,29): error TS7006: Parameter 'callback' implicitly has an 'any' type.
lib/store/widget-iframe.ts(31,10): error TS7006: Parameter 'state' implicitly has an 'any' type.
lib/store/widget-iframe.ts(43,20): error TS7006: Parameter 'sceneId' implicitly has an 'any' type.
lib/store/widget-iframe.ts(44,20): error TS7006: Parameter 'sceneId' implicitly has an 'any' type.
lib/types/chat.ts(8,32): error TS2307: Cannot find module 'ai' or its corresponding type declarations.
lib/utils/chat-storage.ts(9,32): error TS2307: Cannot find module 'ai' or its corresponding type declarations.
lib/utils/chat-storage.ts(46,12): error TS2339: Property 'transaction' does not exist on type 'MAICDatabase'.
lib/utils/chat-storage.ts(60,23): error TS7006: Parameter 'record' implicitly has an 'any' type.
lib/utils/cn.ts(1,39): error TS2307: Cannot find module 'clsx' or its corresponding type declarations.
lib/utils/cn.ts(2,25): error TS2307: Cannot find module 'tailwind-merge' or its corresponding type declarations.
lib/utils/create-selectors.ts(1,41): error TS2307: Cannot find module 'zustand' or its corresponding type declarations.
lib/utils/create-selectors.ts(11,68): error TS7006: Parameter 's' implicitly has an 'any' type.
lib/utils/database.ts(1,41): error TS2307: Cannot find module 'dexie' or its corresponding type declarations.
lib/utils/database.ts(12,32): error TS2307: Cannot find module 'ai' or its corresponding type declarations.
lib/utils/database.ts(201,10): error TS2339: Property 'version' does not exist on type 'MAICDatabase'.
lib/utils/database.ts(211,10): error TS2339: Property 'version' does not exist on type 'MAICDatabase'.
lib/utils/database.ts(225,10): error TS2339: Property 'version' does not exist on type 'MAICDatabase'.
lib/utils/database.ts(236,10): error TS2339: Property 'version' does not exist on type 'MAICDatabase'.
lib/utils/database.ts(248,10): error TS2339: Property 'version' does not exist on type 'MAICDatabase'.
lib/utils/database.ts(262,10): error TS2339: Property 'version' does not exist on type 'MAICDatabase'.
lib/utils/database.ts(274,23): error TS7006: Parameter 'tx' implicitly has an 'any' type.
lib/utils/database.ts(288,10): error TS2339: Property 'version' does not exist on type 'MAICDatabase'.
lib/utils/database.ts(301,10): error TS2339: Property 'version' does not exist on type 'MAICDatabase'.
lib/utils/database.ts(323,10): error TS2339: Property 'version' does not exist on type 'MAICDatabase'.
lib/utils/database.ts(336,23): error TS7006: Parameter 'tx' implicitly has an 'any' type.
lib/utils/database.ts(361,14): error TS2339: Property 'open' does not exist on type 'MAICDatabase'.
lib/utils/database.ts(377,12): error TS2339: Property 'delete' does not exist on type 'MAICDatabase'.
lib/utils/database.ts(407,12): error TS2339: Property 'transaction' does not exist on type 'MAICDatabase'.
lib/utils/database.ts(433,12): error TS2339: Property 'transaction' does not exist on type 'MAICDatabase'.
lib/utils/element.ts(1,23): error TS2307: Cannot find module 'tinycolor2' or its corresponding type declarations.
lib/utils/element.ts(2,24): error TS2307: Cannot find module 'nanoid' or its corresponding type declarations.
lib/utils/emitter.ts(1,36): error TS2307: Cannot find module 'mitt' or its corresponding type declarations.
lib/utils/image-storage.ts(9,24): error TS2307: Cannot find module 'nanoid' or its corresponding type declarations.
lib/utils/image-storage.ts(115,40): error TS7006: Parameter 'img' implicitly has an 'any' type.
lib/utils/image-storage.ts(145,25): error TS7006: Parameter 'total' implicitly has an 'any' type.
lib/utils/image-storage.ts(145,32): error TS7006: Parameter 'img' implicitly has an 'any' type.
lib/utils/stage-storage.ts(123,88): error TS7006: Parameter 's' implicitly has an 'any' type.
lib/utils/stage-storage.ts(155,25): error TS7006: Parameter 'stage' implicitly has an 'any' type.
lib/utils/stage-storage.ts(190,41): error TS7006: Parameter 's' implicitly has an 'any' type.
lib/utils/stage-storage.ts(202,33): error TS7006: Parameter 'r' implicitly has an 'any' type.
lib/utils/stage-storage.ts(211,46): error TS2345: Argument of type '{}' is not assignable to parameter of type 'Blob | MediaSource'.
middleware.ts(1,43): error TS2307: Cannot find module 'next/server' or its corresponding type declarations.
middleware.ts(45,22): error TS2580: Cannot find name 'process'. Do you need to install type definitions for node? Try `npm i --save-dev @types/node`.
next.config.ts(1,33): error TS2307: Cannot find module 'next' or its corresponding type declarations.
next.config.ts(4,11): error TS2580: Cannot find name 'process'. Do you need to install type definitions for node? Try `npm i --save-dev @types/node`.
next.config.ts(11,28): error TS2580: Cannot find name 'process'. Do you need to install type definitions for node? Try `npm i --save-dev @types/node`.
playwright.config.ts(1,39): error TS2307: Cannot find module '@playwright/test' or its corresponding type declarations.
playwright.config.ts(6,17): error TS2580: Cannot find name 'process'. Do you need to install type definitions for node? Try `npm i --save-dev @types/node`.
playwright.config.ts(7,12): error TS2580: Cannot find name 'process'. Do you need to install type definitions for node? Try `npm i --save-dev @types/node`.
playwright.config.ts(8,12): error TS2580: Cannot find name 'process'. Do you need to install type definitions for node? Try `npm i --save-dev @types/node`.
playwright.config.ts(9,13): error TS2580: Cannot find name 'process'. Do you need to install type definitions for node? Try `npm i --save-dev @types/node`.
playwright.config.ts(22,14): error TS2580: Cannot find name 'process'. Do you need to install type definitions for node? Try `npm i --save-dev @types/node`.
playwright.config.ts(24,27): error TS2580: Cannot find name 'process'. Do you need to install type definitions for node? Try `npm i --save-dev @types/node`.
tests/ai/minimax-provider.test.ts(1,38): error TS2307: Cannot find module 'vitest' or its corresponding type declarations.
tests/ai/openai-provider.test.ts(1,54): error TS2307: Cannot find module 'vitest' or its corresponding type declarations.
tests/audio/minimax-tts-models.test.ts(1,38): error TS2307: Cannot find module 'vitest' or its corresponding type declarations.
tests/classroom/complete-summary.test.ts(1,38): error TS2307: Cannot find module 'vitest' or its corresponding type declarations.
tests/eval/outline-language/reporter.test.ts(1,61): error TS2307: Cannot find module 'vitest' or its corresponding type declarations.
tests/eval/outline-language/reporter.test.ts(2,63): error TS2307: Cannot find module 'fs' or its corresponding type declarations.
tests/eval/outline-language/reporter.test.ts(3,24): error TS2307: Cannot find module 'os' or its corresponding type declarations.
tests/eval/outline-language/reporter.test.ts(4,22): error TS2307: Cannot find module 'path' or its corresponding type declarations.
tests/eval/shared/resolve-model.test.ts(1,65): error TS2307: Cannot find module 'vitest' or its corresponding type declarations.
tests/eval/shared/resolve-model.test.ts(4,20): error TS2580: Cannot find name 'process'. Do you need to install type definitions for node? Try `npm i --save-dev @types/node`.
tests/eval/shared/resolve-model.test.ts(7,5): error TS2580: Cannot find name 'process'. Do you need to install type definitions for node? Try `npm i --save-dev @types/node`.
tests/eval/shared/resolve-model.test.ts(12,5): error TS2580: Cannot find name 'process'. Do you need to install type definitions for node? Try `npm i --save-dev @types/node`.
tests/eval/shared/resolve-model.test.ts(17,12): error TS2580: Cannot find name 'process'. Do you need to install type definitions for node? Try `npm i --save-dev @types/node`.
tests/eval/shared/resolve-model.test.ts(26,5): error TS2580: Cannot find name 'process'. Do you need to install type definitions for node? Try `npm i --save-dev @types/node`.
tests/eval/shared/resolve-model.test.ts(35,12): error TS2580: Cannot find name 'process'. Do you need to install type definitions for node? Try `npm i --save-dev @types/node`.
tests/eval/shared/resolve-model.test.ts(44,5): error TS2580: Cannot find name 'process'. Do you need to install type definitions for node? Try `npm i --save-dev @types/node`.
tests/eval/shared/run-dir.test.ts(1,61): error TS2307: Cannot find module 'vitest' or its corresponding type declarations.
tests/eval/shared/run-dir.test.ts(2,49): error TS2307: Cannot find module 'fs' or its corresponding type declarations.
tests/eval/shared/run-dir.test.ts(3,24): error TS2307: Cannot find module 'os' or its corresponding type declarations.
tests/eval/shared/run-dir.test.ts(4,22): error TS2307: Cannot find module 'path' or its corresponding type declarations.
tests/export/classroom-zip.test.ts(1,40): error TS2307: Cannot find module 'vitest' or its corresponding type declarations.
tests/generation/scene-generator-language-directive.test.ts(11,53): error TS2307: Cannot find module 'vitest' or its corresponding type declarations.
tests/generation/scene-generator-language-directive.test.ts(283,50): error TS2307: Cannot find module 'ai' or its corresponding type declarations.
tests/media/openai-image-adapter.test.ts(1,65): error TS2307: Cannot find module 'vitest' or its corresponding type declarations.
tests/orchestration/whiteboard-conflicts.test.ts(1,40): error TS2307: Cannot find module 'vitest' or its corresponding type declarations.
tests/prompts/loader.test.ts(1,40): error TS2307: Cannot find module 'vitest' or its corresponding type declarations.
tests/prompts/templates.test.ts(10,40): error TS2307: Cannot find module 'vitest' or its corresponding type declarations.
tests/prompts/templates.test.ts(247,66): error TS2307: Cannot find module 'fs' or its corresponding type declarations.
tests/prompts/templates.test.ts(248,35): error TS2307: Cannot find module 'path' or its corresponding type declarations.
tests/prompts/templates.test.ts(250,31): error TS2580: Cannot find name 'process'. Do you need to install type definitions for node? Try `npm i --save-dev @types/node`.
tests/quiz/grading.test.ts(1,38): error TS2307: Cannot find module 'vitest' or its corresponding type declarations.
tests/quiz/persistence.test.ts(1,54): error TS2307: Cannot find module 'vitest' or its corresponding type declarations.
tests/server/classroom-agent-mode.test.ts(1,40): error TS2307: Cannot find module 'vitest' or its corresponding type declarations.
tests/server/provider-config.test.ts(1,54): error TS2307: Cannot find module 'vitest' or its corresponding type declarations.
tests/server/provider-config.test.ts(55,12): error TS2580: Cannot find name 'process'. Do you need to install type definitions for node? Try `npm i --save-dev @types/node`.
tests/server/provider-config.test.ts(56,12): error TS2580: Cannot find name 'process'. Do you need to install type definitions for node? Try `npm i --save-dev @types/node`.
tests/server/provider-config.test.ts(57,12): error TS2580: Cannot find name 'process'. Do you need to install type definitions for node? Try `npm i --save-dev @types/node`.
tests/server/provider-config.test.ts(59,10): error TS2580: Cannot find name 'process'. Do you need to install type definitions for node? Try `npm i --save-dev @types/node`.
tests/server/provider-config.test.ts(62,22): error TS7006: Parameter 'importOriginal' implicitly has an 'any' type.
tests/server/provider-config.test.ts(63,24): error TS2347: Untyped function calls may not accept type arguments.
tests/server/provider-config.test.ts(63,53): error TS2307: Cannot find module 'fs' or its corresponding type declarations.
tests/server/security-headers.test.ts(1,53): error TS2307: Cannot find module 'vitest' or its corresponding type declarations.
tests/server/security-headers.test.ts(2,33): error TS2307: Cannot find module 'next' or its corresponding type declarations.
tests/server/security-headers.test.ts(12,12): error TS2580: Cannot find name 'process'. Do you need to install type definitions for node? Try `npm i --save-dev @types/node`.
tests/server/security-headers.test.ts(25,48): error TS7006: Parameter 'g' implicitly has an 'any' type.
tests/server/security-headers.test.ts(37,48): error TS7006: Parameter 'g' implicitly has an 'any' type.
tests/server/security-headers.test.ts(49,7): error TS2580: Cannot find name 'process'. Do you need to install type definitions for node? Try `npm i --save-dev @types/node`.
tests/server/security-headers.test.ts(52,48): error TS7006: Parameter 'g' implicitly has an 'any' type.
tests/server/security-headers.test.ts(61,7): error TS2580: Cannot find name 'process'. Do you need to install type definitions for node? Try `npm i --save-dev @types/node`.
tests/server/security-headers.test.ts(64,48): error TS7006: Parameter 'g' implicitly has an 'any' type.
tests/server/security-headers.test.ts(66,47): error TS7006: Parameter 'h' implicitly has an 'any' type.
tests/server/security-headers.test.ts(71,7): error TS2580: Cannot find name 'process'. Do you need to install type definitions for node? Try `npm i --save-dev @types/node`.
tests/server/security-headers.test.ts(74,48): error TS7006: Parameter 'g' implicitly has an 'any' type.
tests/server/ssrf-guard.test.ts(1,54): error TS2307: Cannot find module 'vitest' or its corresponding type declarations.
tests/settings/custom-provider-baseurl.test.ts(1,38): error TS2307: Cannot find module 'vitest' or its corresponding type declarations.
tests/setup-env.ts(4,30): error TS2307: Cannot find module 'fs' or its corresponding type declarations.
tests/setup-env.ts(5,25): error TS2307: Cannot find module 'path' or its corresponding type declarations.
tests/setup-env.ts(7,25): error TS2304: Cannot find name '__dirname'.
tests/setup-env.ts(17,10): error TS2580: Cannot find name 'process'. Do you need to install type definitions for node? Try `npm i --save-dev @types/node`.
tests/setup-env.ts(18,7): error TS2580: Cannot find name 'process'. Do you need to install type definitions for node? Try `npm i --save-dev @types/node`.
tests/store/settings-server-sync.test.ts(9,65): error TS2307: Cannot find module 'vitest' or its corresponding type declarations.
tests/store/settings-server-sync.test.ts(250,24): error TS7006: Parameter 'm' implicitly has an 'any' type.
tests/store/settings-server-sync.test.ts(287,41): error TS7006: Parameter 'm' implicitly has an 'any' type.
tests/store/settings-server-sync.test.ts(304,24): error TS7006: Parameter 'm' implicitly has an 'any' type.
tests/store/settings-server-sync.test.ts(319,74): error TS7006: Parameter 'm' implicitly has an 'any' type.
tests/store/settings-server-sync.test.ts(335,64): error TS7006: Parameter 'm' implicitly has an 'any' type.
tests/store/settings-server-sync.test.ts(347,74): error TS7006: Parameter 'm' implicitly has an 'any' type.
tests/store/settings-validation.test.ts(1,38): error TS2307: Cannot find module 'vitest' or its corresponding type declarations.
vitest.config.ts(1,25): error TS2307: Cannot find module 'path' or its corresponding type declarations.
vitest.config.ts(2,30): error TS2307: Cannot find module 'vitest/config' or its corresponding type declarations.
vitest.config.ts(7,20): error TS2304: Cannot find name '__dirname'.
vitest.eval.config.ts(1,25): error TS2307: Cannot find module 'path' or its corresponding type declarations.
vitest.eval.config.ts(2,30): error TS2307: Cannot find module 'vitest/config' or its corresponding type declarations.
vitest.eval.config.ts(7,20): error TS2304: Cannot find name '__dirname'.
